{
    "Mangrove": {
        "f1-score": {
            "90th": [
                0.9153153153153153,
                0.9502572898799314
            ],
            "95th": [
                0.9117565660950727,
                0.9534071017754439
            ],
            "99th": [
                0.9050061149232134,
                0.9600014440433212
            ],
            "mean": 0.9332824762620057,
            "median": 0.9335727109515259
        },
        "precision": {
            "90th": [
                0.8561202185792349,
                0.9152542372881356
            ],
            "95th": [
                0.849307023995587,
                0.9219927073152394
            ],
            "99th": [
                0.8383815216384023,
                0.9358974358974359
            ],
            "mean": 0.886702748541803,
            "median": 0.8871220548083729
        },
        "producer_accuracy": {
            "90th": [
                85.6120218579235,
                91.52542372881356
            ],
            "95th": [
                84.9307023995587,
                92.19927073152394
            ],
            "99th": [
                83.83815216384023,
                93.58974358974359
            ],
            "mean": 88.6702748541803,
            "median": 88.7122054808373
        },
        "recall": {
            "90th": [
                0.9728682170542635,
                0.9963235294117647
            ],
            "95th": [
                0.9700374531835206,
                0.9964794888210381
            ],
            "99th": [
                0.9637093108504399,
                1.0
            ],
            "mean": 0.9852721339286464,
            "median": 0.9855595667870036
        },
        "support": {
            "90th": [
                249.0,
                290.0
            ],
            "95th": [
                246.0,
                294.0
            ],
            "99th": [
                237.995,
                302.0049999999999
            ],
            "mean": 270.1385,
            "median": 271.0
        },
        "user_accuracy": {
            "90th": [
                97.28682170542635,
                99.63235294117648
            ],
            "95th": [
                97.00374531835206,
                99.64794888210382
            ],
            "99th": [
                96.37093108504399,
                100.0
            ],
            "mean": 98.52721339286464,
            "median": 98.55595667870037
        }
    },
    "Other": {
        "f1-score": {
            "90th": [
                0.9238394828129927,
                0.954986664672599
            ],
            "95th": [
                0.9210084033613445,
                0.9581412703922251
            ],
            "99th": [
                0.9144722439856208,
                0.9641191227742422
            ],
            "mean": 0.9396073786092543,
            "median": 0.9398373983739837
        },
        "precision": {
            "90th": [
                0.9757743415993848,
                0.9966672203765228
            ],
            "95th": [
                0.9728790499250548,
                0.996835692608713
            ],
            "99th": [
                0.9668670195733099,
                1.0
            ],
            "mean": 0.986737591422127,
            "median": 0.9868852459016394
        },
        "producer_accuracy": {
            "90th": [
                97.57743415993849,
                99.66672203765228
            ],
            "95th": [
                97.28790499250547,
                99.6835692608713
            ],
            "99th": [
                96.68670195733098,
                100.0
            ],
            "mean": 98.6737591422127,
            "median": 98.68852459016394
        },
        "recall": {
            "90th": [
                0.869420459605444,
                0.9238111005991801
            ],
            "95th": [
                0.8640418142947477,
                0.9298795052042877
            ],
            "99th": [
                0.857562420847315,
                0.9393966693966694
            ],
            "mean": 0.8969349818485196,
            "median": 0.8972809667673716
        },
        "support": {
            "90th": [
                310.0,
                351.0
            ],
            "95th": [
                306.0,
                354.0
            ],
            "99th": [
                297.995,
                362.0049999999999
            ],
            "mean": 329.8615,
            "median": 329.0
        },
        "user_accuracy": {
            "90th": [
                86.9420459605444,
                92.381110059918
            ],
            "95th": [
                86.40418142947476,
                92.98795052042878
            ],
            "99th": [
                85.7562420847315,
                93.93966693966694
            ],
            "mean": 89.69349818485195,
            "median": 89.72809667673715
        }
    },
    "accuracy": {
        "90th": [
            0.92,
            0.9516666666666667
        ],
        "95th": [
            0.9166666666666666,
            0.955
        ],
        "99th": [
            0.9116666666666666,
            0.9616749999999998
        ],
        "mean": 0.9367049999999999,
        "median": 0.9366666666666666
    },
    "cohen_kappa": {
        "90th": [
            0.8405879643141265,
            0.9034542299811986
        ],
        "95th": [
            0.8339969764998796,
            0.9099556269538579
        ],
        "99th": [
            0.823411424552051,
            0.9233976285515895
        ],
        "mean": 0.8732365839199832,
        "median": 0.873424045784308
    },
    "macro avg": {
        "f1-score": {
            "90th": [
                0.919967987194878,
                0.9516557892192409
            ],
            "95th": [
                0.9166429560740533,
                0.9549225663947797
            ],
            "99th": [
                0.9112912503683395,
                0.9616680784810859
            ],
            "mean": 0.9364449274356299,
            "median": 0.9365563439721616
        },
        "precision": {
            "90th": [
                0.9207999131851677,
                0.9523026581938756
            ],
            "95th": [
                0.9175389446496597,
                0.9550481383462575
            ],
            "99th": [
                0.9116337999265365,
                0.9612804427004618
            ],
            "mean": 0.936720169981965,
            "median": 0.936917408792083
        },
        "recall": {
            "90th": [
                0.9265019069287375,
                0.9554579674408649
            ],
            "95th": [
                0.9240811258783765,
                0.9583164102095774
            ],
            "99th": [
                0.9177647543242194,
                0.9645417888908937
            ],
            "mean": 0.9411035578885829,
            "median": 0.9411659995093551
        }
    },
    "weighted avg": {
        "f1-score": {
            "90th": [
                0.9205646957127211,
                0.9518352413589082
            ],
            "95th": [
                0.9172933951543172,
                0.9551360544121323
            ],
            "99th": [
                0.9116988350513433,
                0.9618028945211733
            ],
            "mean": 0.9368675310795028,
            "median": 0.9368616017041065
        },
        "precision": {
            "90th": [
                0.9282331277416893,
                0.95519460186477
            ],
            "95th": [
                0.9256597453555273,
                0.9580945104918321
            ],
            "99th": [
                0.920320191604015,
                0.9642878619460701
            ],
            "mean": 0.9418989221950937,