{
    "Mangrove": {
        "f1-score": {
            "90th": [
                0.9032258064516129,
                0.9402767936732875
            ],
            "95th": [
                0.8995048943978103,
                0.9441789892254289
            ],
            "99th": [
                0.8909645458108972,
                0.949254298129605
            ],
            "mean": 0.9220644280484178,
            "median": 0.9225753308178775
        },
        "precision": {
            "90th": [
                0.9536423841059603,
                0.9862092665007702
            ],
            "95th": [
                0.9492050040355124,
                0.9893617021276596
            ],
            "99th": [
                0.9427540345988622,
                0.9932432432432432
            ],
            "mean": 0.9701725768855595,
            "median": 0.9705882352941176
        },
        "producer_accuracy": {
            "90th": [
                95.36423841059603,
                98.62092665007702
            ],
            "95th": [
                94.92050040355124,
                98.93617021276596
            ],
            "99th": [
                94.27540345988622,
                99.32432432432432
            ],
            "mean": 97.01725768855596,
            "median": 97.05882352941177
        },
        "recall": {
            "90th": [
                0.8480174665011345,
                0.9079365079365079
            ],
            "95th": [
                0.8419538046326381,
                0.9154571639326987
            ],
            "99th": [
                0.8279209290709291,
                0.9269847748623259
            ],
            "mean": 0.8787153456610439,
            "median": 0.8793884220354808
        },
        "support": {
            "90th": [
                311.0,
                350.0
            ],
            "95th": [
                307.0,
                354.0
            ],
            "99th": [
                301.985,
                364.0
            ],
            "mean": 330.893,
            "median": 331.0
        },
        "user_accuracy": {
            "90th": [
                84.80174665011344,
                90.7936507936508
            ],
            "95th": [
                84.19538046326382,
                91.54571639326987
            ],
            "99th": [
                82.79209290709291,
                92.69847748623259
            ],
            "mean": 87.87153456610439,
            "median": 87.93884220354809
        }
    },
    "Other": {
        "f1-score": {
            "90th": [
                0.8919308901461815,
                0.9340119619606033
            ],
            "95th": [
                0.8862866317265816,
                0.9373883445480659
            ],
            "99th": [
                0.8761176717884748,
                0.9440563850563849
            ],
            "mean": 0.9136576030826866,
            "median": 0.9142857142857143
        },
        "precision": {
            "90th": [
                0.8322570033955857,
                0.899306720730798
            ],
            "95th": [
                0.8241694352159468,
                0.9047658079625293
            ],
            "99th": [
                0.8047108542469367,
                0.9166666666666666
            ],
            "mean": 0.8663279493571702,
            "median": 0.8668941979522184
        },
        "producer_accuracy": {
            "90th": [
                83.22570033955859,
                89.93067207307979
            ],
            "95th": [
                82.41694352159467,
                90.47658079625293
            ],
            "99th": [
                80.47108542469367,
                91.66666666666666
            ],
            "mean": 86.63279493571702,
            "median": 86.68941979522185
        },
        "recall": {
            "90th": [
                0.9485199153462123,
                0.984375
            ],
            "95th": [
                0.9444392812887237,
                0.9882364430147059
            ],
            "99th": [
                0.9363295880149812,
                0.9924531128542152
            ],
            "mean": 0.966785693040276,
            "median": 0.9670931258522499
        },
        "support": {
            "90th": [
                250.0,
                289.0
            ],
            "95th": [
                246.0,
                293.0
            ],
            "99th": [
                236.0,
                298.01499999999965
            ],
            "mean": 269.107,
            "median": 269.0
        },
        "user_accuracy": {
            "90th": [
                94.85199153462122,
                98.4375
            ],
            "95th": [
                94.44392812887237,
                98.8236443014706
            ],
            "99th": [
                93.63295880149812,
                99.24531128542152
            ],
            "mean": 96.67856930402759,
            "median": 96.70931258522499
        }
    },
    "accuracy": {
        "90th": [
            0.8983333333333333,
            0.9366666666666666
        ],
        "95th": [
            0.895,
            0.94
        ],
        "99th": [
            0.885,
            0.9466666666666667
        ],
        "mean": 0.918195,
        "median": 0.9183333333333333
    },
    "cohen_kappa": {
        "90th": [
            0.797112118206708,
            0.8733610530462177
        ],
        "95th": [
            0.7896741095837991,
            0.880176838623709
        ],
        "99th": [
            0.7712925679571083,
            0.8931734493594715
        ],
        "mean": 0.8362079478342902,
        "median": 0.8369981038354517
    },
    "macro avg": {
        "f1-score": {
            "90th": [
                0.8981254521893679,
                0.9365324984935182
            ],
            "95th": [
                0.8942358540454786,
                0.9399759903961584
            ],
            "99th": [
                0.8849442953130181,
                0.946514708893302
            ],
            "mean": 0.9178610155655522,
            "median": 0.9182749901106392
        },
        "precision": {
            "90th": [
                0.8990064277983053,
                0.9363988957438943
            ],
            "95th": [
                0.8944775118063328,
                0.9401018146908658
            ],
            "99th": [
                0.8862017339857114,
                0.9460418371373119
            ],
            "mean": 0.9182502631213648,
            "median": 0.9187271416091528
        },
        "recall": {
            "90th": [
                0.9042351167689457,
                0.9402232572481515
            ],
            "95th": [
                0.9015347222222222,
                0.9436355265938456
            ],
            "99th": [
                0.8932285804331187,
                0.9488349258870921
            ],
            "mean": 0.92275051935066,
            "median": 0.9231875589112812
        }
    },
    "weighted avg": {
        "f1-score": {
            "90th": [
                0.8987343505771627,
                0.936832147337558
            ],
            "95th": [
                0.8954254387333939,
                0.940156886446516
            ],
            "99th": [
                0.8859731156451328,
                0.9466901218141849
            ],
            "mean": 0.9184191290129081,
            "median": 0.9186631450286169
        },
        "precision": {
            "90th": [
                0.9062664930555557,
                0.9402275000658603
            ],
            "95th": [
                0.9040221608531764,
                0.9437740143301063
            ],
            "99th": [
                0.8967412313903598,
                0.9493950723263491
            ],
            "mean": 0.9238509046334441,