{
    "Mangrove": {
        "f1-score": {
            "90th": [
                0.8521358159912377,
                0.8908519595068658
            ],
            "95th": [
                0.8476076189350754,
                0.8942302472969469
            ],
            "99th": [
                0.8399114770622208,
                0.9022756493506493
            ],
            "mean": 0.8715115158411055,
            "median": 0.8716812043717321
        },
        "precision": {
            "90th": [
                0.7454107904545978,
                0.8060636982065553
            ],
            "95th": [
                0.7391258581235698,
                0.812015868158769
            ],
            "99th": [
                0.729038723039678,
                0.824269427385612
            ],
            "mean": 0.7755121926181001,
            "median": 0.7755102040816326
        },
        "producer_accuracy": {
            "90th": [
                74.54107904545978,
                80.60636982065554
            ],
            "95th": [
                73.91258581235697,
                81.2015868158769
            ],
            "99th": [
                72.9038723039678,
                82.42694273856121
            ],
            "mean": 77.55121926181,
            "median": 77.55102040816327
        },
        "recall": {
            "90th": [
                0.9888548176930939,
                1.0
            ],
            "95th": [
                0.9868065153355391,
                1.0
            ],
            "99th": [
                0.9824988924050634,
                1.0
            ],
            "mean": 0.9949645462451571,
            "median": 0.9949622166246851
        },
        "support": {
            "90th": [
                366.0,
                414.0
            ],
            "95th": [
                361.0,
                420.0
            ],
            "99th": [
                349.0,
                428.0
            ],
            "mean": 389.64,
            "median": 390.0
        },
        "user_accuracy": {
            "90th": [
                98.88548176930938,
                100.0
            ],
            "95th": [
                98.68065153355391,
                100.0
            ],
            "99th": [
                98.24988924050633,
                100.0
            ],
            "mean": 99.49645462451569,
            "median": 99.49622166246851
        }
    },
    "Other": {
        "f1-score": {
            "90th": [
                0.8803652968036529,
                0.9128500333462153
            ],
            "95th": [
                0.877322569004725,
                0.915863896085852
            ],
            "99th": [
                0.8725906537761271,
                0.9215061908975447
            ],
            "mean": 0.8970666675237817,
            "median": 0.8971711872172639
        },
        "precision": {
            "90th": [
                0.9915245240922668,
                1.0
            ],
            "95th": [
                0.9897943468968696,
                1.0
            ],
            "99th": [
                0.9861657334211682,
                1.0
            ],
            "mean": 0.9960802702769544,
            "median": 0.9960861056751468
        },
        "producer_accuracy": {
            "90th": [
                99.15245240922667,
                100.0
            ],
            "95th": [
                98.97943468968697,
                100.0
            ],
            "99th": [
                98.61657334211681,
                100.0
            ],
            "mean": 99.60802702769544,
            "median": 99.60861056751467
        },
        "recall": {
            "90th": [
                0.789114045896618,
                0.8424582983351641
            ],
            "95th": [
                0.7832477653084527,
                0.8470451588678287
            ],
            "99th": [
                0.776484837218757,
                0.857881348700678
            ],
            "mean": 0.8161024754410204,
            "median": 0.8161104931405265
        },
        "support": {
            "90th": [
                586.0,
                634.0
            ],
            "95th": [
                580.0,
                639.0
            ],
            "99th": [
                572.0,
                651.0
            ],
            "mean": 610.36,
            "median": 610.0
        },
        "user_accuracy": {
            "90th": [
                78.91140458966181,
                84.24582983351641
            ],
            "95th": [
                78.32477653084527,
                84.70451588678287
            ],
            "99th": [
                77.64848372187569,
                85.78813487006781
            ],
            "mean": 81.61024754410205,
            "median": 81.61104931405265
        }
    },
    "accuracy": {
        "90th": [
            0.869,
            0.902
        ],
        "95th": [
            0.865,
            0.906
        ],
        "99th": [
            0.859995,
            0.913
        ],
        "mean": 0.8857970000000001,
        "median": 0.886
    },
    "cohen_kappa": {
        "90th": [
            0.7389023824997596,
            0.8030254656987167
        ],
        "95th": [
            0.7326449502738323,
            0.8106817952631594
        ],
        "99th": [
            0.7202884764117292,
            0.8244089845415222
        ],
        "mean": 0.7714621865309982,
        "median": 0.771757345011622
    },
    "macro avg": {
        "f1-score": {
            "90th": [
                0.8672470921027444,
                0.900586433888015
            ],
            "95th": [
                0.8640602237678437,
                0.9045808071576102
            ],
            "99th": [
                0.8575453064261656,
                0.911619363317573
            ],
            "mean": 0.8842890916824435,
            "median": 0.884445093173746
        },
        "precision": {
            "90th": [
                0.870749082996332,
                0.901102969963884
            ],
            "95th": [
                0.8670933093487317,
                0.9041435704932315
            ],
            "99th": [
                0.861724141904431,
                0.9108634644666153
            ],
            "mean": 0.8857962314475273,
            "median": 0.8858739884585323
        },
        "recall": {
            "90th": [
                0.8917187084620436,
                0.9189200034705652
            ],
            "95th": [
                0.8891722997678604,
                0.921424230632799
            ],
            "99th": [
                0.8844007878365572,
                0.9265373844990844
            ],
            "mean": 0.9055335108430889,
            "median": 0.9054482088279905
        }
    },
    "weighted avg": {
        "f1-score": {
            "90th": [
                0.8706967934449775,
                0.9033550578862843
            ],
            "95th": [
                0.8669132961750746,
                0.9067036947017125
            ],
            "99th": [
                0.8615468446923298,
                0.9136171260507799
            ],
            "mean": 0.8872145265659246,
            "median": 0.8872279373933952
        },
        "precision": {
            "90th": [
                0.8998716840973169,
                0.9205345727288387
            ],
            "95th": [
                0.8979960716573435,
                0.9230752552974507
            ],
            "99th": [
                0.895173295492824,
                0.9268524410810111
            ],
            "mean": 0.9103031384702084,
            "median": 0.9102105628075601
        },
        "recall": {
            "90th": [
                0.869,
                0.902
            ],
            "95th": [
                0.865,
                0.906
            ],