{
    "Mangrove": {
        "f1-score": {
            "90th": [
                0.8827026666814755,
                0.9264996114996116
            ],
            "95th": [
                0.8773219241097141,
                0.9297912713472485
            ],
            "99th": [
                0.8680660575418238,
                0.9370685314685312
            ],
            "mean": 0.9055719174940762,
            "median": 0.9060461928301418
        },
        "precision": {
            "90th": [
                0.7932033349788822,
                0.8651315789473685
            ],
            "95th": [
                0.7861604777463794,
                0.8708609271523179
            ],
            "99th": [
                0.7720996506710792,
                0.88435441503334
            ],
            "mean": 0.8303962019517896,
            "median": 0.8310577819198508
        },
        "producer_accuracy": {
            "90th": [
                79.32033349788823,
                86.51315789473685
            ],
            "95th": [
                78.61604777463793,
                87.08609271523179
            ],
            "99th": [
                77.20996506710792,
                88.435441503334
            ],
            "mean": 83.03962019517895,
            "median": 83.10577819198508
        },
        "recall": {
            "90th": [
                0.9880952380952381,
                1.0
            ],
            "95th": [
                0.9866056414157591,
                1.0
            ],
            "99th": [
                0.9823743677598303,
                1.0
            ],
            "mean": 0.9960968420500395,
            "median": 0.9961089494163424
        },
        "support": {
            "90th": [
                230.0,
                269.0
            ],
            "95th": [
                226.0,
                273.0
            ],
            "99th": [
                220.995,
                281.0
            ],
            "mean": 250.464,
            "median": 251.0
        },
        "user_accuracy": {
            "90th": [
                98.80952380952381,
                100.0
            ],
            "95th": [
                98.66056414157592,
                100.0
            ],
            "99th": [
                98.23743677598304,
                100.0
            ],
            "mean": 99.60968420500394,
            "median": 99.61089494163424
        }
    },
    "Other": {
        "f1-score": {
            "90th": [
                0.9004732078703469,
                0.9380844645550528
            ],
            "95th": [
                0.8964425396765558,
                0.9415209176788123
            ],
            "99th": [
                0.888541491299406,
                0.9470413442156158
            ],
            "mean": 0.9198679687827402,
            "median": 0.9202453987730062
        },
        "precision": {
            "90th": [
                0.9900332225913622,
                1.0
            ],
            "95th": [
                0.9893219301266598,
                1.0
            ],
            "99th": [
                0.9854461038961039,
                1.0
            ],
            "mean": 0.9967431083259953,
            "median": 0.9967213114754099
        },
        "producer_accuracy": {
            "90th": [
                99.00332225913621,
                100.0
            ],
            "95th": [
                98.93219301266599,
                100.0
            ],
            "99th": [
                98.5446103896104,
                100.0
            ],
            "mean": 99.67431083259953,
            "median": 99.672131147541
        },
        "recall": {
            "90th": [
                0.8222070015220699,
                0.8852651314840633
            ],
            "95th": [
                0.8144014641867827,
                0.8913664942300039
            ],
            "99th": [
                0.802289300875833,
                0.9008806481473469
            ],
            "mean": 0.854202489562764,
            "median": 0.8543417366946778
        },
        "support": {
            "90th": [
                331.0,
                370.0
            ],
            "95th": [
                327.0,
                374.0
            ],
            "99th": [
                319.0,
                379.0049999999999
            ],
            "mean": 349.536,
            "median": 349.0
        },
        "user_accuracy": {
            "90th": [
                82.22070015220699,
                88.52651314840632
            ],
            "95th": [
                81.44014641867828,
                89.1366494230004
            ],
            "99th": [
                80.2289300875833,
                90.0880648147347
            ],
            "mean": 85.4202489562764,
            "median": 85.43417366946778
        }
    },
    "accuracy": {
        "90th": [
            0.8933333333333333,
            0.9316666666666666
        ],
        "95th": [
            0.89,
            0.935
        ],
        "99th": [
            0.8799916666666667,
            0.9416666666666667
        ],
        "mean": 0.9134333333333333,
        "median": 0.9133333333333333
    },
    "cohen_kappa": {
        "90th": [
            0.7874855549463646,
            0.8635346952673403
        ],
        "95th": [
            0.7793512730761423,
            0.8701078102114197
        ],
        "99th": [
            0.7616469528502381,
            0.8830754174018388
        ],
        "mean": 0.8267205080978667,
        "median": 0.8274088087888745
    },
    "macro avg": {
        "f1-score": {
            "90th": [
                0.8926433266143411,
                0.9314593311433753
            ],
            "95th": [
                0.8885024200318531,
                0.9347792631823757
            ],
            "99th": [
                0.8792852217979684,
                0.9413376524672377
            ],
            "mean": 0.9127199431384082,
            "median": 0.9131161236424394
        },
        "precision": {
            "90th": [
                0.8946105528712753,
                0.9313792640343809
            ],
            "95th": [
                0.8902558787561966,
                0.9343755540780141
            ],
            "99th": [
                0.8828667294423598,
                0.9406828136848586
            ],
            "mean": 0.9135696551388923,
            "median": 0.9138289539804544
        },
        "recall": {
            "90th": [
                0.907994978005865,
                0.9411778051965645
            ],
            "95th": [
                0.9048611111111111,
                0.944281629660662
            ],
            "99th": [
                0.8981848824393492,
                0.9491526061525332
            ],
            "mean": 0.9251496658064016,
            "median": 0.9254934784255269
        }
    },
    "weighted avg": {
        "f1-score": {
            "90th": [
                0.8941889813096149,
                0.9321548099220012
            ],
            "95th": [
                0.890356103502914,
                0.9355372278337946
            ],
            "99th": [
                0.8804946713251832,
                0.9420074079033788
            ],
            "mean": 0.9140385882422525,
            "median": 0.9142126623376623
        },
        "precision": {
            "90th": [
                0.913402277986935,
                0.9410066437509963
            ],
            "95th": [
                0.9107612871687313,
                0.9436822526832368
            ],
            "99th": [
                0.9054087094015674,
                0.9484057541347356
            ],
            "mean": 0.9275381288798047,
            "median": 0.9277662516988385
        },