{
    "Mangrove": {
        "f1-score": 0.9680365296803654,
        "precision": 0.9422222222222222,
        "recall": 0.9953051643192489,
        "support": 213
    },
    "Other": {
        "f1-score": 0.9696969696969697,
        "precision": 0.9955555555555555,
        "recall": 0.9451476793248945,
        "support": 237
    },
    "accuracy": 0.9688888888888889,
    "accuracy_conf_interval": [
        0.013422466844308345,
        0.016041484765148998,
        0.019069724236121004,
        0.021115831986777765
    ],
    "cls_confidence_intervals": {
        "Mangrove": [
            0.02550995411838456,
            0.03048750614148399,
            0.0362428006681927,
            0.04013151318623913
        ],
        "Other": [
            0.007272673320662854,
            0.00869173152957268,
            0.010332517583624665,
            0.011441156809335466
        ]
    },
    "cohen_kappa": 0.9377777777777778,
    "confusion_matrix": [
        [
            212,
            1
        ],
        [
            13,
            224
        ]
    ],
    "macro avg": {
        "f1-score": 0.9688667496886676,
        "precision": 0.9688888888888889,
        "recall": 0.9702264218220717,
        "support": 450
    },
    "producer_accuracy": [
        94.22222222222221,
        99.55555555555556
    ],
    "user_accuracy": [
        99.53051643192488,
        94.51476793248945
    ],
    "weighted avg": {
        "f1-score": 0.9689110280891102,
        "precision": 0.9703111111111111,
        "recall": 0.9688888888888889,
        "support": 450
    }
}