{
    "Mangrove": {
        "f1-score": {
            "90th": [
                0.9630866367245982,
                0.9847715736040609
            ],
            "95th": [
                0.9605734767025089,
                0.986579418344519
            ],
            "99th": [
                0.9568213587641394,
                0.9901320611177781
            ],
            "mean": 0.9741636550535853,
            "median": 0.9743589743589743
        },
        "precision": {
            "90th": [
                0.9288014527845037,
                0.97
            ],
            "95th": [
                0.9241379310344827,
                0.9735142906936214
            ],
            "99th": [
                0.9172171679390992,
                0.9804569717347903
            ],
            "mean": 0.9497085607900267,
            "median": 0.95
        },
        "producer_accuracy": {
            "90th": [
                92.88014527845037,
                97.0
            ],
            "95th": [
                92.41379310344827,
                97.35142906936215
            ],
            "99th": [
                91.72171679390993,
                98.04569717347904
            ],
            "mean": 94.97085607900267,
            "median": 95.0
        },
        "recall": {
            "90th": [
                1.0,
                1.0
            ],
            "95th": [
                1.0,
                1.0
            ],
            "99th": [
                1.0,
                1.0
            ],
            "mean": 1.0,
            "median": 1.0
        },
        "support": {
            "90th": [
                265.95,
                306.0
            ],
            "95th": [
                261.0,
                309.02499999999986
            ],
            "99th": [
                253.995,
                316.0
            ],
            "mean": 285.288,
            "median": 285.0
        },
        "user_accuracy": {
            "90th": [
                100.0,
                100.0
            ],
            "95th": [
                100.0,
                100.0
            ],
            "99th": [
                100.0,
                100.0
            ],
            "mean": 100.0,
            "median": 100.0
        }
    },
    "Other": {
        "f1-score": {
            "90th": [
                0.9648562300319489,
                0.9855095726615023
            ],
            "95th": [
                0.962962962962963,
                0.9875
            ],
            "99th": [
                0.9592167992808869,
                0.9903865384615383
            ],
            "mean": 0.9753726693789142,
            "median": 0.9755699677714558
        },
        "precision": {
            "90th": [
                1.0,
                1.0
            ],
            "95th": [
                1.0,
                1.0
            ],
            "99th": [
                1.0,
                1.0
            ],
            "mean": 1.0,
            "median": 1.0
        },
        "producer_accuracy": {
            "90th": [
                100.0,
                100.0
            ],
            "95th": [
                100.0,
                100.0
            ],
            "99th": [
                100.0,
                100.0
            ],
            "mean": 100.0,
            "median": 100.0
        },
        "recall": {
            "90th": [
                0.9320987654320988,
                0.9714330922242315
            ],
            "95th": [
                0.9285714285714286,
                0.9753086419753086
            ],
            "99th": [
                0.9216297867109227,
                0.9809561556329848
            ],
            "mean": 0.9520014245371599,
            "median": 0.9523051258720048
        },
        "support": {
            "90th": [
                294.0,
                334.04999999999995
            ],
            "95th": [
                290.975,
                339.0
            ],
            "99th": [
                284.0,
                346.0049999999999
            ],
            "mean": 314.712,
            "median": 315.0
        },
        "user_accuracy": {
            "90th": [
                93.20987654320987,
                97.14330922242314
            ],
            "95th": [
                92.85714285714286,
                97.53086419753086
            ],
            "99th": [
                92.16297867109226,
                98.09561556329848
            ],
            "mean": 95.20014245371601,
            "median": 95.23051258720048
        }
    },
    "accuracy": {
        "90th": [
            0.965,
            0.985
        ],
        "95th": [
            0.9632916666666667,
            0.9866666666666667
        ],
        "99th": [
            0.9583333333333334,
            0.99
        ],
        "mean": 0.9748233333333333,
        "median": 0.975
    },
    "cohen_kappa": {
        "90th": [
            0.9288556784486084,
            0.9699826566460622
        ],
        "95th": [
            0.9258614862987644,
            0.9733141862387391
        ],
        "99th": [
            0.9167092375008329,
            0.9799964538147894
        ],
        "mean": 0.9495744209597117,
        "median": 0.9499811039726118
    },
    "macro avg": {
        "f1-score": {
            "90th": [
                0.9643834951491093,
                0.9849879486587844
            ],
            "95th": [
                0.9628802272126783,
                0.9866547189214644
            ],
            "99th": [
                0.9582822290639367,
                0.9899972264526815
            ],
            "mean": 0.9747681622162497,
            "median": 0.9749749053912395
        },
        "precision": {
            "90th": [
                0.9644007263922518,
                0.985
            ],
            "95th": [
                0.9620689655172414,
                0.9867571453468107
            ],
            "99th": [
                0.9586085839695497,
                0.9902284858673952
            ],
            "mean": 0.9748542803950133,
            "median": 0.975
        },
        "recall": {
            "90th": [
                0.9660493827160495,
                0.9857165461121158
            ],
            "95th": [
                0.9642857142857143,
                0.9876543209876543
            ],
            "99th": [
                0.9608148933554613,
                0.9904780778164924
            ],
            "mean": 0.9760007122685801,
            "median": 0.9761525629360024
        }
    },
    "weighted avg": {
        "f1-score": {
            "90th": [
                0.9649233417341313,
                0.9850079223104019
            ],
            "95th": [
                0.9632433033026658,
                0.9866785714285714
            ],
            "99th": [
                0.9583999531438265,
                0.990004028336247
            ],
            "mean": 0.9748395603915083,
            "median": 0.9750156347717323
        },
        "precision": {
            "90th": [
                0.9672327007858923,
                0.9854592620324581
            ],
            "95th": [
                0.965805937757534,
                0.9870422535211268
            ],
            "99th": [
                0.961793962637419,
                0.9902062337758659
            ],
            "mean": 0.9761669776029119,
            "median": 0.97625
        },
        "recall": {
            "90th": [
                0.965,
                0.985
            ],
            "95th": [
                0.9632916666666667,
                0.9866666666666667
            ],
            "99th": [
                0.9583333333333334,
                0.99
            ],
            "mean": 0.9748233333333333,
            "median": 0.975
        }
    }
}