{
    "Mangrove": {
        "f1-score": {
            "90th": [
                0.9431109537590049,
                0.9723231118005012
            ],
            "95th": [
                0.9401701877934272,
                0.974271012006861
            ],
            "99th": [
                0.933771453222647,
                0.9795918367346937
            ],
            "mean": 0.958318832360139,
            "median": 0.9584775086505191
        },
        "precision": {
            "90th": [
                0.89902115618728,
                0.9506634615384616
            ],
            "95th": [
                0.8945684184216818,
                0.9547108350045375
            ],
            "99th": [
                0.8810277677221524,
                0.96296602894285
            ],
            "mean": 0.9259775594549686,
            "median": 0.9264214046822743
        },
        "producer_accuracy": {
            "90th": [
                89.90211561872799,
                95.06634615384617
            ],
            "95th": [
                89.45684184216817,
                95.47108350045374
            ],
            "99th": [
                88.10277677221524,
                96.296602894285
            ],
            "mean": 92.59775594549684,
            "median": 92.64214046822742
        },
        "recall": {
            "90th": [
                0.9850187265917603,
                1.0
            ],
            "95th": [
                0.9821412570404505,
                1.0
            ],
            "99th": [
                0.9776943318992524,
                1.0
            ],
            "mean": 0.9931530189001363,
            "median": 0.9930313588850174
        },
        "support": {
            "90th": [
                260.0,
                300.0
            ],
            "95th": [
                257.0,
                304.0
            ],
            "99th": [
                250.0,
                312.0
            ],
            "mean": 279.868,
            "median": 280.0
        },
        "user_accuracy": {
            "90th": [
                98.50187265917603,
                100.0
            ],
            "95th": [
                98.21412570404506,
                100.0
            ],
            "99th": [
                97.76943318992524,
                100.0
            ],
            "mean": 99.31530189001363,
            "median": 99.30313588850174
        }
    },
    "Other": {
        "f1-score": {
            "90th": [
                0.9470193015226127,
                0.9740278453534937
            ],
            "95th": [
                0.9438558731265249,
                0.9759765765765767
            ],
            "99th": [
                0.9377141503077644,
                0.9802638028895768
            ],
            "mean": 0.9610200587191455,
            "median": 0.9613523307313652
        },
        "precision": {
            "90th": [
                0.9861111111111112,
                1.0
            ],
            "95th": [
                0.9833333333333333,
                1.0
            ],
            "99th": [
                0.9795214805953345,
                1.0
            ],
            "mean": 0.9936152151949806,
            "median": 0.9935275080906149
        },
        "producer_accuracy": {
            "90th": [
                98.61111111111111,
                100.0
            ],
            "95th": [
                98.33333333333333,
                100.0
            ],
            "99th": [
                97.95214805953346,
                100.0
            ],
            "mean": 99.36152151949808,
            "median": 99.35275080906149
        },
        "recall": {
            "90th": [
                0.906060606060606,
                0.9538461538461539
            ],
            "95th": [
                0.9,
                0.9580645161290322
            ],
            "99th": [
                0.8881986585438454,
                0.9637701222678562
            ],
            "mean": 0.9306121285250158,
            "median": 0.9311987704918032
        },
        "support": {
            "90th": [
                300.0,
                340.0
            ],
            "95th": [
                296.0,
                343.0
            ],
            "99th": [
                288.0,
                350.0
            ],
            "mean": 320.132,
            "median": 320.0
        },
        "user_accuracy": {
            "90th": [
                90.6060606060606,
                95.38461538461539
            ],
            "95th": [
                90.0,
                95.80645161290322
            ],
            "99th": [
                88.81986585438453,
                96.37701222678562
            ],
            "mean": 93.06121285250157,
            "median": 93.11987704918033
        }
    },
    "accuracy": {
        "90th": [
            0.945,
            0.9733333333333334
        ],
        "95th": [
            0.9432916666666666,
            0.975
        ],
        "99th": [
            0.9366666666666666,
            0.98
        ],
        "mean": 0.9597766666666666,
        "median": 0.96
    },
    "cohen_kappa": {
        "90th": [
            0.890153784701418,
            0.9465527349104239
        ],
        "95th": [
            0.886180722062589,
            0.94993006897461
        ],
        "99th": [
            0.8733324313097145,
            0.9598194237475962
        ],
        "mean": 0.9194448630604434,
        "median": 0.9199662079149133
    },
    "macro avg": {
        "f1-score": {
            "90th": [
                0.9449656035021889,
                0.9732577268332774
            ],
            "95th": [
                0.9429649953157105,
                0.9749565217391304
            ],
            "99th": [
                0.9364857638267359,
                0.979901648547574
            ],
            "mean": 0.9596694455396423,
            "median": 0.9599358974358974
        },
        "precision": {
            "90th": [
                0.9456361811946974,
                0.9729254805259887
            ],
            "95th": [
                0.9430858784136849,
                0.974854437975021
            ],
            "99th": [
                0.9369220934738701,
                0.9799103326926013
            ],
            "mean": 0.9597963873249746,
            "median": 0.9598942439667026
        },
        "recall": {
            "90th": [
                0.9485379763821792,
                0.9742690058479533
            ],
            "95th": [
                0.9456672014588793,
                0.9762144260021541
            ],
            "99th": [
                0.9401860798738665,
                0.9803419818102266
            ],
            "mean": 0.961882573712576,
            "median": 0.9620921288532875
        }
    },
    "weighted avg": {
        "f1-score": {
            "90th": [
                0.9451465627553965,
                0.9733418387773883
            ],
            "95th": [
                0.9432356676416496,
                0.9750191720350423
            ],
            "99th": [
                0.9368439302987348,
                0.9799978060554597
            ],
            "mean": 0.9598242189379304,
            "median": 0.9600485158144241
        },
        "precision": {
            "90th": [
                0.9495947204249856,
                0.9741803154159805
            ],
            "95th": [
                0.9469852910017771,
                0.9759461531623629
            ],
            "99th": [
                0.9418918858604156,
                0.9803555734131394
            ],
            "mean": 0.9621939262067758,
            "median": 0.9622718813066271
        },
        "recall": {
            "90th": [
                0.945,
                0.9733333333333334
            ],