{
    "Mangrove": {
        "f1-score": {
            "90th": [
                0.9719588634913485,
                0.9868287740628165
            ],
            "95th": [
                0.9701933785925159,
                0.9882127585808389
            ],
            "99th": [
                0.966630425821225,
                0.9906746145487189
            ],
            "mean": 0.979800152356859,
            "median": 0.9800210304942165
        },
        "precision": {
            "90th": [
                0.9562731973179932,
                0.9816860984543911
            ],
            "95th": [
                0.9537189381011809,
                0.9836743006775012
            ],
            "99th": [
                0.9469386888513367,
                0.9876035608611367
            ],
            "mean": 0.96999144977112,
            "median": 0.9705304518664047
        },
        "producer_accuracy": {
            "90th": [
                95.62731973179932,
                98.16860984543911
            ],
            "95th": [
                95.3718938101181,
                98.36743006775012
            ],
            "99th": [
                94.69386888513367,
                98.76035608611366
            ],
            "mean": 96.99914497711201,
            "median": 97.05304518664047
        },
        "recall": {
            "90th": [
                0.9817811459611004,
                0.9960238568588469
            ],
            "95th": [
                0.9798772432575249,
                0.9979166666666667
            ],
            "99th": [
                0.9764944359820598,
                1.0
            ],
            "mean": 0.9898495876638486,
            "median": 0.9899598393574297
        },
        "support": {
            "90th": [
                465.0,
                516.0
            ],
            "95th": [
                460.0,
                521.0
            ],
            "99th": [
                449.0,
                532.0
            ],
            "mean": 490.3045,
            "median": 490.0
        },
        "user_accuracy": {
            "90th": [
                98.17811459611003,
                99.60238568588468
            ],
            "95th": [
                97.9877243257525,
                99.79166666666667
            ],
            "99th": [
                97.64944359820598,
                100.0
            ],
            "mean": 98.98495876638485,
            "median": 98.99598393574297
        }
    },
    "Other": {
        "f1-score": {
            "90th": [
                0.9724557876421807,
                0.9871942144429307
            ],
            "95th": [
                0.9710859485036952,
                0.9884181021681022
            ],
            "99th": [
                0.968527918781726,
                0.9906549693087549
            ],
            "mean": 0.9801712902566576,
            "median": 0.9803536345776032
        },
        "precision": {
            "90th": [
                0.9820359281437125,
                0.9961240310077519
            ],
            "95th": [
                0.9803902269569245,
                0.9979798998044965
            ],
            "99th": [
                0.9772252587991719,
                1.0
            ],
            "mean": 0.9900319510697014,
            "median": 0.9901380670611439
        },
        "producer_accuracy": {
            "90th": [
                98.20359281437125,
                99.6124031007752
            ],
            "95th": [
                98.03902269569244,
                99.79798998044966
            ],
            "99th": [
                97.72252587991719,
                100.0
            ],
            "mean": 99.00319510697014,
            "median": 99.0138067061144
        },
        "recall": {
            "90th": [
                0.9578544061302682,
                0.9821799788674519
            ],
            "95th": [
                0.9545429895484125,
                0.9842224573069367
            ],
            "99th": [
                0.9495958720346429,
                0.9883496274554076
            ],
            "mean": 0.9705418136318752,
            "median": 0.9710743801652892
        },
        "support": {
            "90th": [
                484.0,
                535.0
            ],
            "95th": [
                479.0,
                540.0
            ],
            "99th": [
                468.0,
                551.0
            ],
            "mean": 509.6955,
            "median": 510.0
        },
        "user_accuracy": {
            "90th": [
                95.78544061302682,
                98.2179978867452
            ],
            "95th": [
                95.45429895484125,
                98.42224573069366
            ],
            "99th": [
                94.95958720346428,
                98.83496274554075
            ],
            "mean": 97.05418136318751,
            "median": 97.10743801652893
        }
    },
    "accuracy": {
        "90th": [
            0.972,
            0.987
        ],
        "95th": [
            0.971,
            0.988
        ],
        "99th": [
            0.968,
            0.991
        ],
        "mean": 0.980007,
        "median": 0.98
    },
    "cohen_kappa": {
        "90th": [
            0.9440026766720125,
            0.9739908655916795
        ],
        "95th": [
            0.9419581750601328,
            0.976
        ],
        "99th": [
            0.9359166146806304,
            0.9819740534512447
        ],
        "mean": 0.9599767076766957,
        "median": 0.9599979198918344
    },
    "macro avg": {
        "f1-score": {
            "90th": [
                0.971997199719972,
                0.9869953053052152
            ],
            "95th": [
                0.970971807701696,
                0.9879998079969279
            ],
            "99th": [
                0.9679536172753508,
                0.9909862970071247
            ],
            "mean": 0.9799857213067583,
            "median": 0.9799960792315294
        },
        "precision": {
            "90th": [
                0.9724241948292482,
                0.9869647742874273
            ],
            "95th": [
                0.9707850098007929,
                0.9881160646469762
            ],
            "99th": [
                0.9677856504379264,
                0.9909555639935357
            ],
            "mean": 0.9800117004204106,
            "median": 0.9801808366778348
        },
        "recall": {
            "90th": [
                0.9725273339988862,
                0.9871062711117591
            ],
            "95th": [
                0.971200020440707,
                0.988316126011012
            ],
            "99th": [
                0.9687138566014136,
                0.9907823833901378
            ],
            "mean": 0.9801957006478619,
            "median": 0.980340504221456
        }
    },
    "weighted avg": {
        "f1-score": {
            "90th": [
                0.9720143062372794,
                0.987000901361997
            ],
            "95th": [
                0.9709988936229813,
                0.9880032761641852
            ],
            "99th": [
                0.9680145976544801,
                0.9909976727483792
            ],
            "mean": 0.9800090305454564,
            "median": 0.9800044823311247
        },
        "precision": {
            "90th": [
                0.9726125058075266,
                0.9870951123487612
            ],
            "95th": [
                0.97133045570747,
                0.9881948962498118
            ],
            "99th": [
                0.9683287218991072,
                0.9910419392291857
            ],
            "mean": 0.9802464405337961,
            "median": 0.9802923463897948
        },
        "recall": {
            "90th": [
                0.972,
                0.987
            ],