overall accuracy,0.964
cohen kappa,0.928
""
Confidence Interval,90%,95%,98%,99%
Overall Accuracy,0.013663080062709146,0.01632904690421337,0.019411571064702628,0.021494357659627802
""
class,f1-score,precision,recall,support
Mangrove,0.9626556016597512,0.928,1.0,232
Other,0.9652509652509652,1.0,0.9328358208955224,268
""
macro avg,0.9639532834553581,0.964,0.9664179104477613,500
weighted (pixel) avg,0.9640467165446419,0.9665920000000001,0.964,500
""
Confidence Interval,90%,95%,98%,99%
Mangrove,0.026811065894514496,0.03204249338612708,0.038091331423304134,0.042178384151126465
Other,0.0,0.0,0.0,0.0
""
Point Count Confusion Matrix
,Mangrove,Other,User Acc
Mangrove,232,0,100.0
Other,18,250,93.28358208955224
Producer,92.80000000000001,100.0
""
