{
    "Mangrove": {
        "f1-score": {
            "90th": [
                0.9656301145662848,
                0.9859649122807017
            ],
            "95th": [
                0.9632079255575164,
                0.9875677077602604
            ],
            "99th": [
                0.9587069275057265,
                0.9905962510396007
            ],
            "mean": 0.9763228330099596,
            "median": 0.9765009648409531
        },
        "precision": {
            "90th": [
                0.9528967208315035,
                0.9848133234184052
            ],
            "95th": [
                0.95,
                0.9871392942534422
            ],
            "99th": [
                0.9416036925719192,
                0.9927542678838516
            ],
            "mean": 0.9698995380745052,
            "median": 0.9702970297029703
        },
        "producer_accuracy": {
            "90th": [
                95.28967208315034,
                98.48133234184051
            ],
            "95th": [
                95.0,
                98.71392942534422
            ],
            "99th": [
                94.16036925719193,
                99.27542678838516
            ],
            "mean": 96.98995380745052,
            "median": 97.02970297029702
        },
        "recall": {
            "90th": [
                0.9692832764505119,
                0.9935064935064936
            ],
            "95th": [
                0.9660988124063185,
                0.9965280781430219
            ],
            "99th": [
                0.9604281541209986,
                1.0
            ],
            "mean": 0.9829119623554369,
            "median": 0.9832775919732442
        },
        "support": {
            "90th": [
                276.0,
                316.0
            ],
            "95th": [
                272.0,
                320.0
            ],
            "99th": [
                260.995,
                327.00999999999976
            ],
            "mean": 295.6515,
            "median": 295.0
        },
        "user_accuracy": {
            "90th": [
                96.9283276450512,
                99.35064935064936
            ],
            "95th": [
                96.60988124063185,
                99.6528078143022
            ],
            "99th": [
                96.04281541209984,
                100.0
            ],
            "mean": 98.2911962355437,
            "median": 98.32775919732441
        }
    },
    "Other": {
        "f1-score": {
            "90th": [
                0.9658342550838084,
                0.9860465116279069
            ],
            "95th": [
                0.9634776830853676,
                0.9875805064500717
            ],
            "99th": [
                0.9606830863057279,
                0.9908002307258827
            ],
            "mean": 0.9767085902566474,
            "median": 0.9769736842105264
        },
        "precision": {
            "90th": [
                0.9698996655518395,
                0.9936305732484076
            ],
            "95th": [
                0.9671052631578947,
                0.9966666666666667
            ],
            "99th": [
                0.9619029304029304,
                1.0
            ],
            "mean": 0.9831795880593702,
            "median": 0.9836065573770492
        },
        "producer_accuracy": {
            "90th": [
                96.98996655518395,
                99.36305732484077
            ],
            "95th": [
                96.71052631578947,
                99.66666666666667
            ],
            "99th": [
                96.19029304029304,
                100.0
            ],
            "mean": 98.31795880593701,
            "median": 98.36065573770492
        },
        "recall": {
            "90th": [
                0.95369708994709,
                0.984994994994995
            ],
            "95th": [
                0.9504950495049505,
                0.9872611464968153
            ],
            "99th": [
                0.9442686915647532,
                0.9930323037855076
            ],
            "mean": 0.9703966562520306,
            "median": 0.9707792207792207
        },
        "support": {
            "90th": [
                284.0,
                324.0
            ],
            "95th": [
                280.0,
                328.0
            ],
            "99th": [
                272.99,
                339.0049999999999
            ],
            "mean": 304.3485,
            "median": 305.0
        },
        "user_accuracy": {
            "90th": [
                95.36970899470899,
                98.49949949949949
            ],
            "95th": [
                95.04950495049505,
                98.72611464968153
            ],
            "99th": [
                94.42686915647532,
                99.30323037855075
            ],
            "mean": 97.03966562520306,
            "median": 97.07792207792207
        }
    },
    "accuracy": {
        "90th": [
            0.9666666666666667,
            0.9866666666666667
        ],
        "95th": [
            0.9633333333333334,
            0.9883333333333333
        ],
        "99th": [
            0.96,
            0.9900083333333332
        ],
        "mean": 0.9765566666666666,
        "median": 0.9766666666666667
    },
    "cohen_kappa": {
        "90th": [
            0.9330671636263175,
            0.9731632466148143
        ],
        "95th": [
            0.9266592103451051,
            0.9763725837190772
        ],
        "99th": [
            0.9199510055540124,
            0.9800157965644994
        ],
        "mean": 0.9530357048204599,
        "median": 0.9533138807476066
    },
    "macro avg": {
        "f1-score": {
            "90th": [
                0.9665316961347341,
                0.9865814732616943
            ],
            "95th": [
                0.9633231453181439,
                0.9881862387223241
            ],
            "99th": [
                0.9599714974752851,
                0.9900077876072951
            ],
            "mean": 0.9765157116333034,
            "median": 0.9766539560427343
        },
        "precision": {
            "90th": [
                0.9662944924382347,
                0.9862170480396093
            ],
            "95th": [
                0.9634082676022026,
                0.9875126214697844
            ],
            "99th": [
                0.959935653479186,
                0.9901700632767473
            ],
            "mean": 0.9765395630669376,
            "median": 0.9766601833842734
        },
        "recall": {
            "90th": [
                0.9664582020198335,
                0.9863334245024725
            ],
            "95th": [
                0.9634591813413613,
                0.9875646930933359
            ],
            "99th": [
                0.9606032957112773,
                0.9905441851260088
            ],
            "mean": 0.9766543093037339,
            "median": 0.9767678342345673
        }
    },
    "weighted avg": {
        "f1-score": {
            "90th": [
                0.9666555063553786,
                0.9866631108103352
            ],
            "95th": [
                0.9633345250132407,
                0.9883244626019931
            ],
            "99th": [
                0.9600177863852188,
                0.9900141158836867
            ],
            "mean": 0.9765582314880353,
            "median": 0.9766682223777934
        },
        "precision": {
            "90th": [
                0.9667139976639558,
                0.9866666666666667
            ],
            "95th": [
                0.9636324133137276,
                0.9883353020171484
            ],
            "99th": [
                0.9604510186900828,
                0.9901080427352621
            ],
            "mean": 0.9767215928755237,