overall accuracy,0.874
cohen kappa,0.748
""
Confidence Interval,90%,95%,98%,99%
Overall Accuracy,0.01721015718696375,0.02056823663807863,0.024451016003430207,0.027074515574613704
""
class,f1-score,precision,recall,support
Mangrove,0.8872987477638641,0.992,0.8025889967637541,618
Other,0.8571428571428572,0.756,0.9895287958115183,382
""
macro avg,0.8722208024533606,0.874,0.8960588962876361,1000
weighted (pixel) avg,0.8757791975466395,0.9018480000000001,0.874,1000
""
Confidence Interval,90%,95%,98%,99%
Mangrove,0.006533707309024488,0.0078085770278585355,0.009282645140260401,0.010278637108099502
Other,0.031500297598594205,0.037646697130027225,0.044753471588246656,0.0495553462221787
""
Point Count Confusion Matrix
,Mangrove,Other,User Acc
Mangrove,496,122,80.2588996763754
Other,4,378,98.95287958115183
Producer,99.2,75.6
""
