{
    "Mangrove": {
        "f1-score": 0.9571984435797666,
        "precision": 0.984,
        "recall": 0.9318181818181818,
        "support": 528
    },
    "Other": {
        "f1-score": 0.9547325102880659,
        "precision": 0.928,
        "recall": 0.9830508474576272,
        "support": 472
    },
    "accuracy": 0.956,
    "accuracy_conf_interval": [
        0.010636509502651707,
        0.012711925990973993,
        0.015111626305596634,
        0.01673304543709842
    ],
    "cls_confidence_intervals": {
        "Mangrove": [
            0.009202723770710469,
            0.010998377189385683,
            0.013074601454728899,
            0.01447745568806891
        ],
        "Other": [
            0.01895828650485057,
            0.022657464359455558,
            0.02693463875384258,
            0.029824621452752727
        ]
    },
    "cohen_kappa": 0.912,
    "confusion_matrix": [
        [
            492,
            36
        ],
        [
            8,
            464
        ]
    ],
    "macro avg": {
        "f1-score": 0.9559654769339163,
        "precision": 0.956,
        "recall": 0.9574345146379044,
        "support": 1000
    },
    "producer_accuracy": [
        98.4,
        92.80000000000001
    ],
    "user_accuracy": [
        93.18181818181817,
        98.30508474576271
    ],
    "weighted avg": {
        "f1-score": 0.9560345230660839,
        "precision": 0.957568,
        "recall": 0.956,
        "support": 1000
    }
}