{
    "Mangrove": {
        "f1-score": {
            "90th": [
                0.9539983349657198,
                0.9729206963249517
            ],
            "95th": [
                0.9516944940869632,
                0.9747903231059866
            ],
            "99th": [
                0.9479994789579159,
                0.9783282647912045
            ],
            "mean": 0.9638823699229181,
            "median": 0.9641760491299898
        },
        "precision": {
            "90th": [
                0.9770054573553559,
                0.9940717309446406
            ],
            "95th": [
                0.9751539908765238,
                0.9959516214779373
            ],
            "99th": [
                0.9703999822764618,
                0.997942594251958
            ],
            "mean": 0.9861531081831174,
            "median": 0.9863013698630136
        },
        "producer_accuracy": {
            "90th": [
                97.7005457355356,
                99.40717309446407
            ],
            "95th": [
                97.51539908765238,
                99.59516214779372
            ],
            "99th": [
                97.0399982276462,
                99.7942594251958
            ],
            "mean": 98.61531081831174,
            "median": 98.63013698630137
        },
        "recall": {
            "90th": [
                0.9250493096646942,
                0.9585733721844092
            ],
            "95th": [
                0.9220266081871346,
                0.9612403100775194
            ],
            "99th": [
                0.9161987634172368,
                0.9669266045238808
            ],
            "mean": 0.942660269130829,
            "median": 0.9430255402750491
        },
        "support": {
            "90th": [
                497.0,
                549.0
            ],
            "95th": [
                492.0,
                554.0
            ],
            "99th": [
                482.0,
                560.0
            ],
            "mean": 523.12,
            "median": 523.0
        },
        "user_accuracy": {
            "90th": [
                92.50493096646942,
                95.85733721844092
            ],
            "95th": [
                92.20266081871345,
                96.12403100775194
            ],
            "99th": [
                91.61987634172368,
                96.69266045238808
            ],
            "mean": 94.2660269130829,
            "median": 94.30255402750491
        }
    },
    "Other": {
        "f1-score": {
            "90th": [
                0.9518930163638153,
                0.9718195070235887
            ],
            "95th": [
                0.9494939484037601,
                0.9734698746943103
            ],
            "99th": [
                0.9436315995805743,
                0.9771801166530787
            ],
            "mean": 0.9621657040629953,
            "median": 0.9624505928853755
        },
        "precision": {
            "90th": [
                0.9223097385509088,
                0.9568832682532736
            ],
            "95th": [
                0.9190201112537442,
                0.96
            ],
            "99th": [
                0.9105358882561206,
                0.9655921152056504
            ],
            "mean": 0.9399977139064152,
            "median": 0.9404761904761905
        },
        "producer_accuracy": {
            "90th": [
                92.23097385509088,
                95.68832682532737
            ],
            "95th": [
                91.90201112537441,
                96.0
            ],
            "99th": [
                91.05358882561207,
                96.55921152056504
            ],
            "mean": 93.99977139064151,
            "median": 94.04761904761905
        },
        "recall": {
            "90th": [
                0.9757169924301329,
                0.9936974789915967
            ],
            "95th": [
                0.9737360446570973,
                0.9956429383347543
            ],
            "99th": [
                0.9693874420934018,
                0.9978402881615624
            ],
            "mean": 0.9854827249481793,
            "median": 0.9857142857142858
        },
        "support": {
            "90th": [
                451.0,
                503.0
            ],
            "95th": [
                446.0,
                508.0
            ],
            "99th": [
                440.0,
                518.0
            ],
            "mean": 476.88,
            "median": 477.0
        },
        "user_accuracy": {
            "90th": [
                97.5716992430133,
                99.36974789915966
            ],
            "95th": [
                97.37360446570973,
                99.56429383347543
            ],
            "99th": [
                96.93874420934017,
                99.78402881615625
            ],
            "mean": 98.54827249481794,
            "median": 98.57142857142858
        }
    },
    "accuracy": {
        "90th": [
            0.953,
            0.972
        ],
        "95th": [
            0.951,
            0.974
        ],
        "99th": [
            0.9469949999999999,
            0.9770049999999999
        ],
        "mean": 0.9630795,
        "median": 0.963
    },
    "cohen_kappa": {
        "90th": [
            0.9060230807210922,
            0.9440062712976147
        ],
        "95th": [
            0.9020278436316735,
            0.9479725971634952
        ],
        "99th": [
            0.8933842412674287,
            0.9540196225141508
        ],
        "mean": 0.9260922695568736,
        "median": 0.9260325456799008
    },
    "macro avg": {
        "f1-score": {
            "90th": [
                0.9529751238405116,
                0.9719959674193084
            ],
            "95th": [
                0.9509693558474047,
                0.9739797353904661
            ],
            "99th": [
                0.9466635371693485,
                0.9770046349634497
            ],
            "mean": 0.9630240369929567,
            "median": 0.9629962626077204
        },
        "precision": {
            "90th": [
                0.9533578131714333,
                0.9721926626551871
            ],
            "95th": [
                0.9512245651094716,
                0.9738708111256157
            ],
            "99th": [
                0.9459196019670294,
                0.9776372116652537
            ],
            "mean": 0.9630754110447662,
            "median": 0.9633757756824542
        },
        "recall": {
            "90th": [
                0.9544351319309826,
                0.9729679758471077
            ],
            "95th": [
                0.952415091717052,
                0.9746583208761984
            ],
            "99th": [
                0.9484190378597092,
                0.9782489489686136
            ],
            "mean": 0.9640714970395041,
            "median": 0.9642897212845503
        }
    },
    "weighted avg": {
        "f1-score": {
            "90th": [
                0.9530274438980914,
                0.9720177198669782
            ],
            "95th": [
                0.9510399646382192,
                0.9740117642127779
            ],
            "99th": [
                0.9469856104945357,
                0.9770304233870144
            ],
            "mean": 0.9630998441731267,
            "median": 0.9630419107462451
        },
        "precision": {
            "90th": [
                0.9548412907394584,
                0.9728324582724149
            ],
            "95th": [
                0.9530354598599394,
                0.9745323175498912
            ],
            "99th": [
                0.9485754181116105,
                0.9776214326826607
            ],
            "mean": 0.9642145246441034,
            "median": 0.9643926426411105
        },