{
    "Mangrove": {
        "f1-score": {
            "90th": [
                0.965873317468426,
                0.9825259652291713
            ],
            "95th": [
                0.9638778491381726,
                0.984158415841584
            ],
            "99th": [
                0.9606951965065502,
                0.9869608826479438
            ],
            "mean": 0.9745294245896388,
            "median": 0.9747368421052631
        },
        "precision": {
            "90th": [
                0.9404716117216118,
                0.9705939797794118
            ],
            "95th": [
                0.9373737373737374,
                0.9732560362722604
            ],
            "99th": [
                0.9304170083079676,
                0.9783470923155154
            ],
            "mean": 0.9560310984626965,
            "median": 0.9563073602997558
        },
        "producer_accuracy": {
            "90th": [
                94.04716117216118,
                97.05939797794117
            ],
            "95th": [
                93.73737373737374,
                97.32560362722604
            ],
            "99th": [
                93.04170083079677,
                97.83470923155154
            ],
            "mean": 95.60310984626966,
            "median": 95.63073602997558
        },
        "recall": {
            "90th": [
                0.9874213836477987,
                0.9980399786373694
            ],
            "95th": [
                0.9862986679635783,
                1.0
            ],
            "99th": [
                0.9832632467212826,
                1.0
            ],
            "mean": 0.9938095136738958,
            "median": 0.9938524590163934
        },
        "support": {
            "90th": [
                453.0,
                507.0
            ],
            "95th": [
                448.0,
                513.0
            ],
            "99th": [
                439.0,
                522.0
            ],
            "mean": 480.545,
            "median": 480.0
        },
        "user_accuracy": {
            "90th": [
                98.74213836477988,
                99.80399786373694
            ],
            "95th": [
                98.62986679635783,
                100.0
            ],
            "99th": [
                98.32632467212825,
                100.0
            ],
            "mean": 99.38095136738959,
            "median": 99.38524590163934
        }
    },
    "Other": {
        "f1-score": {
            "90th": [
                0.9670769930136854,
                0.9831609081934846
            ],
            "95th": [
                0.9653846153846154,
                0.9844665716207668
            ],
            "99th": [
                0.9615380714620064,
                0.9870390123162851
            ],
            "mean": 0.9755333645274924,
            "median": 0.9756554307116105
        },
        "precision": {
            "90th": [
                0.9880952380952381,
                0.9981098191675286
            ],
            "95th": [
                0.98638065927898,
                1.0
            ],
            "99th": [
                0.9837063877817067,
                1.0
            ],
            "mean": 0.9940627780066059,
            "median": 0.9941060903732809
        },
        "producer_accuracy": {
            "90th": [
                98.80952380952381,
                99.81098191675287
            ],
            "95th": [
                98.63806592789801,
                100.0
            ],
            "99th": [
                98.37063877817066,
                100.0
            ],
            "mean": 99.40627780066058,
            "median": 99.41060903732809
        },
        "recall": {
            "90th": [
                0.9425893997445721,
                0.9716446124763705
            ],
            "95th": [
                0.9395056424356991,
                0.9741706568851403
            ],
            "99th": [
                0.9341315109893208,
                0.9784330380800969
            ],
            "mean": 0.9577265334759331,
            "median": 0.9579915966386554
        },
        "support": {
            "90th": [
                493.0,
                547.0
            ],
            "95th": [
                487.0,
                552.0
            ],
            "99th": [
                478.0,
                561.0
            ],
            "mean": 519.455,
            "median": 520.0
        },
        "user_accuracy": {
            "90th": [
                94.2589399744572,
                97.16446124763705
            ],
            "95th": [
                93.95056424356991,
                97.41706568851403
            ],
            "99th": [
                93.41315109893208,
                97.8433038080097
            ],
            "mean": 95.7726533475933,
            "median": 95.79915966386554
        }
    },
    "accuracy": {
        "90th": [
            0.967,
            0.983
        ],
        "95th": [
            0.965,
            0.984
        ],
        "99th": [
            0.961,
            0.987
        ],
        "mean": 0.9750679999999999,
        "median": 0.975
    },
    "cohen_kappa": {
        "90th": [
            0.9338222725065929,
            0.9659560424270608
        ],
        "95th": [
            0.9298948418683203,
            0.9680030717051163
        ],
        "99th": [
            0.9220567021861023,
            0.9740010493169792
        ],
        "mean": 0.9500834697893369,
        "median": 0.9500119971206911
    },
    "macro avg": {
        "f1-score": {
            "90th": [
                0.9668987159265214,
                0.9829742331857927
            ],
            "95th": [
                0.9649345041823121,
                0.9839989759344597
            ],
            "99th": [
                0.960999960999961,
                0.986999882998947
            ],
            "mean": 0.9750313945585656,
            "median": 0.9749969746339306
        },
        "precision": {
            "90th": [
                0.966742094728615,
                0.9827295747683182
            ],
            "95th": [
                0.9648067486910321,
                0.9843015610415649
            ],
            "99th": [
                0.9615846790312399,
                0.9870280893503512
            ],
            "mean": 0.975046938234651,
            "median": 0.9752259775352645
        },
        "recall": {
            "90th": [
                0.9676814212309808,
                0.9833056265852291
            ],
            "95th": [
                0.965999750159281,
                0.9844464367698048
            ],
            "99th": [
                0.9623242563123429,
                0.9870824865374467
            ],
            "mean": 0.9757680235749144,
            "median": 0.9758623584876498
        }
    },
    "weighted avg": {
        "f1-score": {
            "90th": [
                0.9669955448113873,
                0.9830020299846294
            ],
            "95th": [
                0.9650178844294963,
                0.9840058344610004
            ],
            "99th": [
                0.9610302150812187,
                0.9870004291338985
            ],
            "mean": 0.9750778519126397,
            "median": 0.9750188640466468
        },
        "precision": {
            "90th": [
                0.9680884839991306,
                0.9833329185883575
            ],
            "95th": [
                0.9662952169416525,
                0.9843903947181019
            ],
            "99th": [
                0.9629050235173316,
                0.9870983468453056
            ],
            "mean": 0.9758370990790673,
            "median": 0.9758862141794268
        },
        "recall": {
            "90th": [
                0.967,
                0.983
            ],