overall accuracy,0.98
cohen kappa,0.96
""
Confidence Interval,90%,95%,98%,99%
Overall Accuracy,0.0072605895077466,0.008677289899502035,0.010315349727469256,0.01142214690852819
""
class,f1-score,precision,recall,support
Mangrove,0.9795918367346939,0.96,1.0,480
Other,0.9803921568627451,1.0,0.9615384615384616,520
""
macro avg,0.9799919967987194,0.98,0.9807692307692308,1000
weighted (pixel) avg,0.9800080032012805,0.9808,0.98,1000
""
Confidence Interval,90%,95%,98%,99%
Mangrove,0.014372239908935564,0.017176579403362015,0.0204190969437926,0.022609987173813267
Other,0.0,0.0,0.0,0.0
""
Point Count Confusion Matrix
,Mangrove,Other,User Acc
Mangrove,480,0,100.0
Other,20,500,96.15384615384616
Producer,96.0,100.0
""
