{
    "Mangrove": {
        "f1-score": {
            "90th": [
                0.9530864197530866,
                0.9820051413881749
            ],
            "95th": [
                0.950391644908616,
                0.9837028032036613
            ],
            "99th": [
                0.9435878442545109,
                0.9880679436374104
            ],
            "mean": 0.9681673778657461,
            "median": 0.9686746987951806
        },
        "precision": {
            "90th": [
                0.9629629629629629,
                0.9950248756218906
            ],
            "95th": [
                0.9579426955238565,
                0.9952380952380953
            ],
            "99th": [
                0.9513506921555702,
                1.0
            ],
            "mean": 0.9801729577749866,
            "median": 0.9804878048780488
        },
        "producer_accuracy": {
            "90th": [
                96.29629629629629,
                99.50248756218906
            ],
            "95th": [
                95.79426955238564,
                99.52380952380952
            ],
            "99th": [
                95.13506921555702,
                100.0
            ],
            "mean": 98.01729577749866,
            "median": 98.04878048780488
        },
        "recall": {
            "90th": [
                0.9317008985879333,
                0.9794871794871794
            ],
            "95th": [
                0.9257385447847111,
                0.9811320754716981
            ],
            "99th": [
                0.917429528925227,
                0.9893646423607398
            ],
            "mean": 0.9566084819186551,
            "median": 0.9575471698113207
        },
        "support": {
            "90th": [
                189.0,
                221.0
            ],
            "95th": [
                186.0,
                224.0
            ],
            "99th": [
                179.0,
                229.0
            ],
            "mean": 205.42,
            "median": 206.0
        },
        "user_accuracy": {
            "90th": [
                93.17008985879333,
                97.94871794871794
            ],
            "95th": [
                92.5738544784711,
                98.11320754716981
            ],
            "99th": [
                91.7429528925227,
                98.93646423607399
            ],
            "mean": 95.6608481918655,
            "median": 95.75471698113208
        }
    },
    "Other": {
        "f1-score": {
            "90th": [
                0.9516539440203562,
                0.9815303430079155
            ],
            "95th": [
                0.9487853341626926,
                0.9835164835164836
            ],
            "99th": [
                0.9420641584369542,
                0.9875311720698254
            ],
            "mean": 0.9672191922985978,
            "median": 0.967504714016342
        },
        "precision": {
            "90th": [
                0.9299953271028037,
                0.9789473684210527
            ],
            "95th": [
                0.9255279453794855,
                0.9806763285024155
            ],
            "99th": [
                0.9141392349894888,
                0.9889514708078244
            ],
            "mean": 0.9553279954503378,
            "median": 0.956070758509783
        },
        "producer_accuracy": {
            "90th": [
                92.99953271028038,
                97.89473684210527
            ],
            "95th": [
                92.55279453794854,
                98.06763285024155
            ],
            "99th": [
                91.41392349894888,
                98.89514708078244
            ],
            "mean": 95.53279954503378,
            "median": 95.60707585097829
        },
        "recall": {
            "90th": [
                0.9619565217391305,
                0.9948453608247423
            ],
            "95th": [
                0.9572135012362717,
                0.9950980392156863
            ],
            "99th": [
                0.9499965437788018,
                1.0
            ],
            "mean": 0.9795832213550679,
            "median": 0.9798994974874372
        },
        "support": {
            "90th": [
                179.0,
                211.0
            ],
            "95th": [
                176.0,
                214.0
            ],
            "99th": [
                171.0,
                221.0
            ],
            "mean": 194.58,
            "median": 194.0
        },
        "user_accuracy": {
            "90th": [
                96.19565217391305,
                99.48453608247422
            ],
            "95th": [
                95.72135012362718,
                99.50980392156863
            ],
            "99th": [
                94.99965437788019,
                100.0
            ],
            "mean": 97.95832213550678,
            "median": 97.98994974874373
        }
    },
    "accuracy": {
        "90th": [
            0.9525,
            0.9825
        ],
        "95th": [
            0.95,
            0.9825
        ],
        "99th": [
            0.9449875,
            0.9875
        ],
        "mean": 0.9677749999999999,
        "median": 0.9675
    },
    "cohen_kappa": {
        "90th": [
            0.905,
            0.9648629655657063
        ],
        "95th": [
            0.8999697408222066,
            0.9650053804035763
        ],
        "99th": [
            0.8892821265286939,
            0.975
        ],
        "mean": 0.9354039252314755,
        "median": 0.935
    },
    "macro avg": {
        "f1-score": {
            "90th": [
                0.9524759409451036,
                0.9824313725490196
            ],
            "95th": [
                0.9499687304565353,
                0.9824998906243163
            ],
            "99th": [
                0.9446350022288788,
                0.987499296835447
            ],
            "mean": 0.967693285082172,
            "median": 0.967494921081419
        },
        "precision": {
            "90th": [
                0.9528202820282028,
                0.9821714743589745
            ],
            "95th": [
                0.9501475036875923,
                0.9831945880774653
            ],
            "99th": [
                0.9441989095331009,
                0.9875451935581926
            ],
            "mean": 0.9677504766126621,
            "median": 0.9678227013049149
        },
        "recall": {
            "90th": [
                0.9534943185342455,
                0.9823106823034637
            ],
            "95th": [
                0.9505201201729369,
                0.9833462855713295
            ],
            "99th": [
                0.9447413049598229,
                0.9876143689565106
            ],
            "mean": 0.9680958516368614,
            "median": 0.9681728285119074
        }
    },
    "weighted avg": {
        "f1-score": {
            "90th": [
                0.9525312140547862,
                0.9824963878933444
            ],
            "95th": [
                0.9500150033757595,
                0.9825137809323492
            ],
            "99th": [
                0.9449397998144269,
                0.9875021236851639
            ],
            "mean": 0.967781234745003,
            "median": 0.9675185039197653
        },
        "precision": {
            "90th": [
                0.9539096319887516,
                0.9825112118249972
            ],
            "95th": [
                0.9510327885671923,
                0.9831125769472362
            ],
            "99th": [
                0.9452773188382781,
                0.9876125238039398
            ],
            "mean": 0.9682447640093008,
            "median": 0.9681413383364602
        },
        "recall": {
            "90th": [
                0.9525,
                0.9825
            ],