{
    "Mangrove": {
        "f1-score": 0.9657534246575342,
        "precision": 0.94,
        "recall": 0.9929577464788732,
        "support": 284
    },
    "Other": {
        "f1-score": 0.9675324675324676,
        "precision": 0.9933333333333333,
        "recall": 0.9430379746835443,
        "support": 316
    },
    "accuracy": 0.9666666666666667,
    "accuracy_conf_interval": [
        0.012018380984204213,
        0.014363430932341622,
        0.0170748949348755,
        0.018906965206857848
    ],
    "cls_confidence_intervals": {
        "Mangrove": [
            0.022486547089315433,
            0.0268741660335721,
            0.03194735043786888,
            0.035375177738069405
        ],
        "Other": [
            0.007705220933213401,
            0.009208678676279431,
            0.010947051691699529,
            0.012121628053469863
        ]
    },
    "cohen_kappa": 0.9333333333333333,
    "confusion_matrix": [
        [
            282,
            2
        ],
        [
            18,
            298
        ]
    ],
    "macro avg": {
        "f1-score": 0.9666429460950009,
        "precision": 0.9666666666666666,
        "recall": 0.9679978605812087,
        "support": 600
    },
    "producer_accuracy": [
        94.0,
        99.33333333333333
    ],
    "user_accuracy": [
        99.29577464788733,
        94.30379746835443
    ],
    "weighted avg": {
        "f1-score": 0.9666903872383326,
        "precision": 0.9680888888888888,
        "recall": 0.9666666666666667,
        "support": 600
    }
}