{
    "Mangrove": {
        "f1-score": {
            "90th": [
                0.8904508723280768,
                0.9210526315789472
            ],
            "95th": [
                0.8873232221196028,
                0.9244234892169908
            ],
            "99th": [
                0.8811872912955011,
                0.929709619136705
            ],
            "mean": 0.9059731557903598,
            "median": 0.9060665362035225
        },
        "precision": {
            "90th": [
                0.9291331040516487,
                0.9616124779464511
            ],
            "95th": [
                0.9251932674636227,
                0.9639283310453924
            ],
            "99th": [
                0.9185175593920614,
                0.9702380952380952
            ],
            "mean": 0.9458955986418112,
            "median": 0.9461697722567288
        },
        "producer_accuracy": {
            "90th": [
                92.91331040516488,
                96.16124779464512
            ],
            "95th": [
                92.51932674636227,
                96.39283310453925
            ],
            "99th": [
                91.85175593920613,
                97.02380952380952
            ],
            "mean": 94.58955986418111,
            "median": 94.61697722567288
        },
        "recall": {
            "90th": [
                0.846441947565543,
                0.892791289969431
            ],
            "95th": [
                0.8406012046724579,
                0.898307350675247
            ],
            "99th": [
                0.831499126614785,
                0.9052897406952309
            ],
            "mean": 0.8694354909497034,
            "median": 0.8691756272401434
        },
        "support": {
            "90th": [
                519.0,
                569.0
            ],
            "95th": [
                514.0,
                575.0
            ],
            "99th": [
                501.99,
                584.0099999999998
            ],
            "mean": 544.1435,
            "median": 544.0
        },
        "user_accuracy": {
            "90th": [
                84.6441947565543,
                89.2791289969431
            ],
            "95th": [
                84.0601204672458,
                89.8307350675247
            ],
            "99th": [
                83.1499126614785,
                90.5289740695231
            ],
            "mean": 86.94354909497034,
            "median": 86.91756272401435
        }
    },
    "Other": {
        "f1-score": {
            "90th": [
                0.8805889033095392,
                0.9137959237393298
            ],
            "95th": [
                0.8770028995598979,
                0.917184941609494
            ],
            "99th": [
                0.8709651299464544,
                0.9229302702014288
            ],
            "mean": 0.8972549856047337,
            "median": 0.8973425464185218
        },
        "precision": {
            "90th": [
                0.8317571304130958,
                0.8835341365461847
            ],
            "95th": [
                0.827066921777605,
                0.8891179050726422
            ],
            "99th": [
                0.8178216563181742,
                0.896551724137931
            ],
            "mean": 0.8578675587319045,
            "median": 0.8577235772357723
        },
        "producer_accuracy": {
            "90th": [
                83.17571304130958,
                88.35341365461848
            ],
            "95th": [
                82.7066921777605,
                88.91179050726423
            ],
            "99th": [
                81.78216563181742,
                89.65517241379311
            ],
            "mean": 85.78675587319044,
            "median": 85.77235772357723
        },
        "recall": {
            "90th": [
                0.9224128373728878,
                0.9573991031390134
            ],
            "95th": [
                0.918547418967587,
                0.9604201711136892
            ],
            "99th": [
                0.9115782880527452,
                0.9671056230565472
            ],
            "mean": 0.9406471294645767,
            "median": 0.9407894736842105
        },
        "support": {
            "90th": [
                431.0,
                481.0
            ],
            "95th": [
                425.0,
                486.0
            ],
            "99th": [
                415.99,
                498.00999999999976
            ],
            "mean": 455.8565,
            "median": 456.0
        },
        "user_accuracy": {
            "90th": [
                92.24128373728878,
                95.73991031390135
            ],
            "95th": [
                91.85474189675871,
                96.0420171113689
            ],
            "99th": [
                91.15782880527453,
                96.71056230565472
            ],
            "mean": 94.06471294645768,
            "median": 94.07894736842105
        }
    },
    "accuracy": {
        "90th": [
            0.887,
            0.917
        ],
        "95th": [
            0.883,
            0.92
        ],
        "99th": [
            0.87799,
            0.926
        ],
        "mean": 0.901895,
        "median": 0.902
    },
    "cohen_kappa": {
        "90th": [
            0.7737606049832725,
            0.8341615265598198
        ],
        "95th": [
            0.7662141009656219,
            0.8398566395196969
        ],
        "99th": [
            0.7561794282236876,
            0.8521139548783071
        ],
        "mean": 0.8036352894466409,
        "median": 0.8039388289020657
    },
    "macro avg": {
        "f1-score": {
            "90th": [
                0.8866289807983891,
                0.9169899557846499
            ],
            "95th": [
                0.8828024986900163,
                0.9197998926368458
            ],
            "99th": [
                0.877894693562165,
                0.9259988159810557
            ],
            "mean": 0.9016140706975468,
            "median": 0.901801048126478
        },
        "precision": {
            "90th": [
                0.8870578067320101,
                0.916875274230078
            ],
            "95th": [
                0.8832255316085058,
                0.9196282325435425
            ],
            "99th": [
                0.8784618385940379,
                0.9259382895759016
            ],
            "mean": 0.9018815786868579,
            "median": 0.9019409210811992
        },
        "recall": {
            "90th": [
                0.8903208624867371,
                0.9198236112074163
            ],
            "95th": [
                0.8875595794090176,
                0.9226092373729774
            ],
            "99th": [
                0.8820246319702281,
                0.9279968680843933
            ],
            "mean": 0.90504131020714,
            "median": 0.905178631147693
        }
    },
    "weighted avg": {
        "f1-score": {
            "90th": [
                0.887237511326254,
                0.9172694004251761
            ],
            "95th": [
                0.8835598097346158,
                0.9201541158689269
            ],
            "99th": [
                0.8781296463651249,
                0.926137360426225
            ],
            "mean": 0.902088419764115,
            "median": 0.9021722118290765
        },
        "precision": {
            "90th": [
                0.8917318823365384,
                0.9203347438224403
            ],
            "95th": [
                0.8891189976085504,
                0.922804991274247
            ],
            "99th": [
                0.8826597544480255,
                0.9284034578442931
            ],
            "mean": 0.9059416385112493,
            "median": 0.9059299140416655
        },