{
    "Mangrove": {
        "f1-score": {
            "90th": [
                0.96875,
                0.9960159362549801
            ],
            "95th": [
                0.9655172413793104,
                0.9962546816479401
            ],
            "99th": [
                0.9572629462041226,
                1.0
            ],
            "mean": 0.9838908559348428,
            "median": 0.9844961240310077
        },
        "precision": {
            "90th": [
                0.9393939393939394,
                0.9920634920634921
            ],
            "95th": [
                0.9333333333333333,
                0.9925373134328358
            ],
            "99th": [
                0.9180290891162333,
                1.0
            ],
            "mean": 0.968420612560536,
            "median": 0.9694656488549618
        },
        "producer_accuracy": {
            "90th": [
                93.93939393939394,
                99.20634920634922
            ],
            "95th": [
                93.33333333333333,
                99.25373134328358
            ],
            "99th": [
                91.80290891162332,
                100.0
            ],
            "mean": 96.8420612560536,
            "median": 96.94656488549617
        },
        "recall": {
            "90th": [
                1.0,
                1.0
            ],
            "95th": [
                1.0,
                1.0
            ],
            "99th": [
                1.0,
                1.0
            ],
            "mean": 1.0,
            "median": 1.0
        },
        "support": {
            "90th": [
                108.0,
                134.0
            ],
            "95th": [
                106.0,
                137.0
            ],
            "99th": [
                100.0,
                141.0
            ],
            "mean": 121.143,
            "median": 121.0
        },
        "user_accuracy": {
            "90th": [
                100.0,
                100.0
            ],
            "95th": [
                100.0,
                100.0
            ],
            "99th": [
                100.0,
                100.0
            ],
            "mean": 100.0,
            "median": 100.0
        }
    },
    "Other": {
        "f1-score": {
            "90th": [
                0.9692307692307692,
                0.996078431372549
            ],
            "95th": [
                0.96653884602168,
                0.996415770609319
            ],
            "99th": [
                0.959349225618953,
                1.0
            ],
            "mean": 0.9843598282157221,
            "median": 0.9848484848484849
        },
        "precision": {
            "90th": [
                1.0,
                1.0
            ],
            "95th": [
                1.0,
                1.0
            ],
            "99th": [
                1.0,
                1.0
            ],
            "mean": 1.0,
            "median": 1.0
        },
        "producer_accuracy": {
            "90th": [
                100.0,
                100.0
            ],
            "95th": [
                100.0,
                100.0
            ],
            "99th": [
                100.0,
                100.0
            ],
            "mean": 100.0,
            "median": 100.0
        },
        "recall": {
            "90th": [
                0.9402985074626866,
                0.9921875
            ],
            "95th": [
                0.9352444873369596,
                0.9928571428571429
            ],
            "99th": [
                0.9218743206521739,
                1.0
            ],
            "mean": 0.969322525256352,
            "median": 0.9701492537313433
        },
        "support": {
            "90th": [
                116.0,
                142.0
            ],
            "95th": [
                113.0,
                144.0
            ],
            "99th": [
                109.0,
                150.0
            ],
            "mean": 128.857,
            "median": 129.0
        },
        "user_accuracy": {
            "90th": [
                94.02985074626866,
                99.21875
            ],
            "95th": [
                93.52444873369596,
                99.28571428571429
            ],
            "99th": [
                92.1874320652174,
                100.0
            ],
            "mean": 96.93225252563519,
            "median": 97.01492537313433
        }
    },
    "accuracy": {
        "90th": [
            0.968,
            0.996
        ],
        "95th": [
            0.968,
            0.996
        ],
        "99th": [
            0.96,
            1.0
        ],
        "mean": 0.9841899999999999,
        "median": 0.984
    },
    "cohen_kappa": {
        "90th": [
            0.9360491142802327,
            0.991984610452068
        ],
        "95th": [
            0.9353642901070383,
            0.9919990014721883
        ],
        "99th": [
            0.919999718201614,
            1.0
        ],
        "mean": 0.9682653516840786,
        "median": 0.967989756722151
    },
    "macro avg": {
        "f1-score": {
            "90th": [
                0.9679918059023109,
                0.9959922409785344
            ],
            "95th": [
                0.9676486882510107,
                0.9959994367190923
            ],
            "99th": [
                0.9599357560845829,
                1.0
            ],
            "mean": 0.9841253420752825,
            "median": 0.9839907786885245
        },
        "precision": {
            "90th": [
                0.9696969696969697,
                0.996031746031746
            ],
            "95th": [
                0.9666666666666667,
                0.9962686567164178
            ],
            "99th": [
                0.9590145445581166,
                1.0
            ],
            "mean": 0.9842103062802681,
            "median": 0.9847328244274809
        },
        "recall": {
            "90th": [
                0.9701492537313433,
                0.99609375
            ],
            "95th": [
                0.9676222436684798,
                0.9964285714285714
            ],
            "99th": [
                0.960937160326087,
                1.0
            ],
            "mean": 0.9846612626281759,
            "median": 0.9850746268656716
        }
    },
    "weighted avg": {
        "f1-score": {
            "90th": [
                0.9680488535143946,
                0.9960003201280513
            ],
            "95th": [
                0.9679258878023674,
                0.9960018813149742
            ],
            "99th": [
                0.9599871351520674,
                1.0
            ],
            "mean": 0.9841946066412726,
            "median": 0.9840143810991268
        },
        "precision": {
            "90th": [
                0.9700804615788092,
                0.9960325203252032
            ],
            "95th": [
                0.9698550724637681,
                0.996036036036036
            ],
            "99th": [
                0.9630533194540828,
                1.0
            ],
            "mean": 0.9848147016635114,
            "median": 0.9845333333333333
        },
        "recall": {
            "90th": [
                0.968,
                0.996
            ],
            "95th": [
                0.968,
                0.996
            ],
            "99th": [
                0.96,
                1.0
            ],
            "mean": 0.9841899999999999,
            "median": 0.984
        }
    }
}