{
    "Mangrove": {
        "f1-score": {
            "90th": [
                0.9535113748763601,
                0.9734052351188386
            ],
            "95th": [
                0.9511452116076329,
                0.9749479084959433
            ],
            "99th": [
                0.9471560004757792,
                0.9790875375971851
            ],
            "mean": 0.9637631173128388,
            "median": 0.9640831758034026
        },
        "precision": {
            "90th": [
                0.9771760509312376,
                0.9940476190476191
            ],
            "95th": [
                0.9751899506898677,
                0.9959100204498977
            ],
            "99th": [
                0.9713695552672135,
                0.9979920080321285
            ],
            "mean": 0.9860923848115279,
            "median": 0.9861386138613861
        },
        "producer_accuracy": {
            "90th": [
                97.71760509312377,
                99.40476190476191
            ],
            "95th": [
                97.51899506898677,
                99.59100204498978
            ],
            "99th": [
                97.13695552672134,
                99.79920080321284
            ],
            "mean": 98.6092384811528,
            "median": 98.61386138613861
        },
        "recall": {
            "90th": [
                0.9243856332703214,
                0.9585596247134709
            ],
            "95th": [
                0.9206642066420664,
                0.9616955743685043
            ],
            "99th": [
                0.9131225819439615,
                0.9675673743941019
            ],
            "mean": 0.9424896501183894,
            "median": 0.9428571428571428
        },
        "support": {
            "90th": [
                497.0,
                548.0
            ],
            "95th": [
                493.0,
                555.0
            ],
            "99th": [
                482.995,
                565.0049999999999
            ],
            "mean": 523.271,
            "median": 523.0
        },
        "user_accuracy": {
            "90th": [
                92.43856332703214,
                95.85596247134708
            ],
            "95th": [
                92.06642066420663,
                96.16955743685044
            ],
            "99th": [
                91.31225819439615,
                96.75673743941019
            ],
            "mean": 94.24896501183893,
            "median": 94.28571428571428
        }
    },
    "Other": {
        "f1-score": {
            "90th": [
                0.9512673363605962,
                0.9721627408993576
            ],
            "95th": [
                0.9488745377236003,
                0.9735465251594284
            ],
            "99th": [
                0.9446253731292483,
                0.9787242595958516
            ],
            "mean": 0.9620317485062736,
            "median": 0.96232196065584
        },
        "precision": {
            "90th": [
                0.9216475187838545,
                0.9567043252461049
            ],
            "95th": [
                0.9173549553452414,
                0.9602278670597185
            ],
            "99th": [
                0.9107139057750759,
                0.9691383208002435
            ],
            "mean": 0.9398058774017385,
            "median": 0.9398797595190381
        },
        "producer_accuracy": {
            "90th": [
                92.16475187838546,
                95.67043252461049
            ],
            "95th": [
                91.73549553452413,
                96.02278670597184
            ],
            "99th": [
                91.0713905775076,
                96.91383208002436
            ],
            "mean": 93.98058774017386,
            "median": 93.9879759519038
        },
        "recall": {
            "90th": [
                0.9761366680782294,
                0.9937759336099585
            ],
            "95th": [
                0.9737891093738971,
                0.9956712294185297
            ],
            "99th": [
                0.9701829961577668,
                0.9978494623655914
            ],
            "mean": 0.9854140197510854,
            "median": 0.9854771784232366
        },
        "support": {
            "90th": [
                452.0,
                503.0
            ],
            "95th": [
                445.0,
                507.0
            ],
            "99th": [
                434.995,
                517.0049999999999
            ],
            "mean": 476.729,
            "median": 477.0
        },
        "user_accuracy": {
            "90th": [
                97.61366680782294,
                99.37759336099586
            ],
            "95th": [
                97.3789109373897,
                99.56712294185297
            ],
            "99th": [
                97.01829961577668,
                99.78494623655914
            ],
            "mean": 98.54140197510854,
            "median": 98.54771784232366
        }
    },
    "accuracy": {
        "90th": [
            0.953,
            0.973
        ],
        "95th": [
            0.95,
            0.974
        ],
        "99th": [
            0.947,
            0.979
        ],
        "mean": 0.9629525,
        "median": 0.963
    },
    "cohen_kappa": {
        "90th": [
            0.9059764564944133,
            0.9458089005040925
        ],
        "95th": [
            0.900139584738919,
            0.9479757460979527
        ],
        "99th": [
            0.893833062697761,
            0.958001014695271
        ],
        "mean": 0.9258396514065994,
        "median": 0.9260266304130513
    },
    "macro avg": {
        "f1-score": {
            "90th": [
                0.9529544881351696,
                0.9728927473647343
            ],
            "95th": [
                0.9499991399823995,
                0.973985075232291
            ],
            "99th": [
                0.9468270495235993,
                0.9789964655230514
            ],
            "mean": 0.9628974329095563,
            "median": 0.9629916731264535
        },
        "precision": {
            "90th": [
                0.9528962513368291,
                0.9725019487565244
            ],
            "95th": [
                0.9506188312746057,
                0.9740950674224272
            ],
            "99th": [
                0.9471860499086767,
                0.9790139960559843
            ],
            "mean": 0.9629491311066333,
            "median": 0.9631879772998149
        },
        "recall": {
            "90th": [
                0.9540527756733248,
                0.9735187978000308
            ],
            "95th": [
                0.9520178491090124,
                0.9747928208141116
            ],
            "99th": [
                0.9478962894280043,
                0.9790812222878686
            ],
            "mean": 0.9639518349347375,
            "median": 0.9642415880032782
        }
    },
    "weighted avg": {
        "f1-score": {
            "90th": [
                0.9530244081578966,
                0.9729994896994898
            ],
            "95th": [
                0.9501011122448291,
                0.9740131376438171
            ],
            "99th": [
                0.9469535040997646,
                0.9789991887627577
            ],
            "mean": 0.9629729308760497,
            "median": 0.9630382505817784
        },
        "precision": {
            "90th": [
                0.9546138271246594,
                0.9734786027027994
            ],
            "95th": [
                0.9524500518311704,
                0.974667180549695
            ],
            "99th": [
                0.948980727522021,
                0.9790985720692672
            ],
            "mean": 0.9640949600339097,
            "median": 0.9643796723973941
        },