{
    "Mangrove": {
        "f1-score": {
            "90th": [
                0.9402220620645715,
                0.9628846241800694
            ],
            "95th": [
                0.9373681176580562,
                0.9644270841946847
            ],
            "99th": [
                0.9312808134394341,
                0.9677428759522242
            ],
            "mean": 0.9515908696920188,
            "median": 0.9516697200207097
        },
        "precision": {
            "90th": [
                0.9305003513592471,
                0.9627487433329497
            ],
            "95th": [
                0.9269751821949987,
                0.9660050695825049
            ],
            "99th": [
                0.9208888308575546,
                0.9723906342137904
            ],
            "mean": 0.9476662449720304,
            "median": 0.9482071713147411
        },
        "producer_accuracy": {
            "90th": [
                93.05003513592472,
                96.27487433329496
            ],
            "95th": [
                92.69751821949987,
                96.60050695825049
            ],
            "99th": [
                92.08888308575547,
                97.23906342137903
            ],
            "mean": 94.76662449720304,
            "median": 94.82071713147411
        },
        "recall": {
            "90th": [
                0.9402390438247012,
                0.9698833962459279
            ],
            "95th": [
                0.9368538404393844,
                0.972604898123633
            ],
            "99th": [
                0.9308912318206848,
                0.9764717304397487
            ],
            "mean": 0.9556392500833001,
            "median": 0.956
        },
        "support": {
            "90th": [
                470.0,
                522.0
            ],
            "95th": [
                465.0,
                527.0
            ],
            "99th": [
                453.995,
                536.0049999999999
            ],
            "mean": 495.518,
            "median": 496.0
        },
        "user_accuracy": {
            "90th": [
                94.02390438247012,
                96.98833962459278
            ],
            "95th": [
                93.68538404393843,
                97.2604898123633
            ],
            "99th": [
                93.08912318206848,
                97.64717304397486
            ],
            "mean": 95.56392500833002,
            "median": 95.6
        }
    },
    "Other": {
        "f1-score": {
            "90th": [
                0.9402947269730375,
                0.9631069897104803
            ],
            "95th": [
                0.937818300925884,
                0.9649488663921654
            ],
            "99th": [
                0.9329340602128574,
                0.968423908608731
            ],
            "mean": 0.9520484376159477,
            "median": 0.9522842639593909
        },
        "precision": {
            "90th": [
                0.9401197604790419,
                0.9704724409448819
            ],
            "95th": [
                0.9371289124012058,
                0.9730859789463645
            ],
            "99th": [
                0.9312970531140076,
                0.9768342000133908
            ],
            "mean": 0.9560588685986731,
            "median": 0.9565217391304348
        },
        "producer_accuracy": {
            "90th": [
                94.01197604790418,
                97.04724409448819
            ],
            "95th": [
                93.71289124012058,
                97.30859789463645
            ],
            "99th": [
                93.12970531140076,
                97.68342000133907
            ],
            "mean": 95.6058868598673,
            "median": 95.65217391304348
        },
        "recall": {
            "90th": [
                0.9318181818181818,
                0.9631185255958966
            ],
            "95th": [
                0.9278526780122746,
                0.9660007430997877
            ],
            "99th": [
                0.9207911433865504,
                0.9727631333111296
            ],
            "mean": 0.9481592834013948,
            "median": 0.9486916232296109
        },
        "support": {
            "90th": [
                478.0,
                530.0
            ],
            "95th": [
                473.0,
                535.0
            ],
            "99th": [
                463.995,
                546.0049999999999
            ],
            "mean": 504.482,
            "median": 504.0
        },
        "user_accuracy": {
            "90th": [
                93.18181818181817,
                96.31185255958965
            ],
            "95th": [
                92.78526780122745,
                96.60007430997877
            ],
            "99th": [
                92.07911433865505,
                97.27631333111296
            ],
            "mean": 94.81592834013948,
            "median": 94.86916232296107
        }
    },
    "accuracy": {
        "90th": [
            0.94095,
            0.963
        ],
        "95th": [
            0.938,
            0.9640249999999998
        ],
        "99th": [
            0.933995,
            0.968
        ],
        "mean": 0.9518664999999998,
        "median": 0.952
    },
    "cohen_kappa": {
        "90th": [
            0.8812652497239744,
            0.925923701271445
        ],
        "95th": [
            0.8758791932105627,
            0.9280533664724622
        ],
        "99th": [
            0.8671781335028438,
            0.9359357201897099
        ],
        "mean": 0.9036456661894907,
        "median": 0.9039481319912753
    },
    "macro avg": {
        "f1-score": {
            "90th": [
                0.9406156494695334,
                0.962960122759861
            ],
            "95th": [
                0.9379360243418234,
                0.9640221478583918
            ],
            "99th": [
                0.9335720018158906,
                0.9679673393757989
            ],
            "mean": 0.9518196536539832,
            "median": 0.9519699330579439
        },
        "precision": {
            "90th": [
                0.940700867492699,
                0.9629554702441903
            ],
            "95th": [
                0.9379955543238764,
                0.9645450318743491
            ],
            "99th": [
                0.9331214647904257,
                0.9679680340808045
            ],
            "mean": 0.9518625567853517,
            "median": 0.9519752316037057
        },
        "recall": {
            "90th": [
                0.940427104444125,
                0.9629528010167756
            ],
            "95th": [
                0.9377925545531345,
                0.9644094579845303
            ],
            "99th": [
                0.9337624781709123,
                0.9678637246649194
            ],
            "mean": 0.9518992667423475,
            "median": 0.952
        }
    },
    "weighted avg": {
        "f1-score": {
            "90th": [
                0.9408772027292428,
                0.9629987900891107
            ],
            "95th": [
                0.9379889678274531,
                0.9640382391533546
            ],
            "99th": [
                0.9339636427504705,
                0.9679959177423794
            ],
            "mean": 0.9518674803721983,
            "median": 0.952
        },
        "precision": {
            "90th": [
                0.9409725285975906,
                0.9630096442973148
            ],
            "95th": [
                0.9380886369240911,
                0.9642923700198018
            ],
            "99th": [
                0.9340638596136432,
                0.9680233139599962
            ],
            "mean": 0.9519907270260469,
            "median": 0.9520576360514943
        },