overall accuracy,0.886
cohen kappa,0.772
""
Confidence Interval,90%,95%,98%,99%
Overall Accuracy,0.016482122387605304,0.01969814626811366,0.02341667387995144,0.025929192536598592
""
class,f1-score,precision,recall,support
Mangrove,0.8719101123595506,0.776,0.9948717948717949,390
Other,0.8972972972972971,0.996,0.8163934426229508,610
""
macro avg,0.8846037048284239,0.886,0.9056326187473729,1000
weighted (pixel) avg,0.8873962951715759,0.9101999999999999,0.886,1000
""
Confidence Interval,90%,95%,98%,99%
Mangrove,0.030578326651404576,0.03654482941265425,0.043443598230349184,0.048104928512575494
Other,0.0046293339477726176,0.005532618620508739,0.0065770415233598785,0.007282732673934972
""
Point Count Confusion Matrix
,Mangrove,Other,User Acc
Mangrove,388,2,99.48717948717949
Other,112,498,81.63934426229508
Producer,77.60000000000001,99.6
""
