{
    "Mangrove": {
        "f1-score": {
            "90th": [
                0.972318339100346,
                0.990100638353309
            ],
            "95th": [
                0.9704785817423393,
                0.9916534490373584
            ],
            "99th": [
                0.9652756700390486,
                0.9933994484974814
            ],
            "mean": 0.9816050707089027,
            "median": 0.9818181818181817
        },
        "precision": {
            "90th": [
                0.957512863301349,
                0.9870988486671507
            ],
            "95th": [
                0.9545454545454546,
                0.9900340476557172
            ],
            "99th": [
                0.9468420760230669,
                0.9934427300975035
            ],
            "mean": 0.973555688290316,
            "median": 0.9738562091503268
        },
        "producer_accuracy": {
            "90th": [
                95.7512863301349,
                98.70988486671507
            ],
            "95th": [
                95.45454545454545,
                99.00340476557172
            ],
            "99th": [
                94.6842076023067,
                99.34427300975034
            ],
            "mean": 97.3555688290316,
            "median": 97.38562091503267
        },
        "recall": {
            "90th": [
                0.9794520547945206,
                1.0
            ],
            "95th": [
                0.9767422480620155,
                1.0
            ],
            "99th": [
                0.9724133158334327,
                1.0
            ],
            "mean": 0.989850189979802,
            "median": 0.9899665551839465
        },
        "support": {
            "90th": [
                275.0,
                315.0
            ],
            "95th": [
                272.0,
                319.0
            ],
            "99th": [
                264.0,
                326.0
            ],
            "mean": 294.9065,
            "median": 295.0
        },
        "user_accuracy": {
            "90th": [
                97.94520547945206,
                100.0
            ],
            "95th": [
                97.67422480620154,
                100.0
            ],
            "99th": [
                97.24133158334327,
                100.0
            ],
            "mean": 98.98501899798019,
            "median": 98.99665551839465
        }
    },
    "Other": {
        "f1-score": {
            "90th": [
                0.9723557543533914,
                0.9903536977491961
            ],
            "95th": [
                0.9699974916387961,
                0.9916812222856874
            ],
            "99th": [
                0.9648789822768294,
                0.9935065985794141
            ],
            "mean": 0.9819100322345035,
            "median": 0.9821283391405342
        },
        "precision": {
            "90th": [
                0.9795883541129762,
                1.0
            ],
            "95th": [
                0.9769717843494876,
                1.0
            ],
            "99th": [
                0.9728804303812113,
                1.0
            ],
            "mean": 0.9900221431871471,
            "median": 0.9901960784313726
        },
        "producer_accuracy": {
            "90th": [
                97.95883541129763,
                100.0
            ],
            "95th": [
                97.69717843494875,
                100.0
            ],
            "99th": [
                97.28804303812113,
                100.0
            ],
            "mean": 99.0022143187147,
            "median": 99.01960784313727
        },
        "recall": {
            "90th": [
                0.9580633882246785,
                0.9873437687178054
            ],
            "95th": [
                0.9540974917453513,
                0.99013238783434
            ],
            "99th": [
                0.9471773989259297,
                0.9935898459900058
            ],
            "mean": 0.9739878829872753,
            "median": 0.9741935483870968
        },
        "support": {
            "90th": [
                285.0,
                325.0
            ],
            "95th": [
                281.0,
                328.0
            ],
            "99th": [
                274.0,
                336.0
            ],
            "mean": 305.0935,
            "median": 305.0
        },
        "user_accuracy": {
            "90th": [
                95.80633882246785,
                98.73437687178054
            ],
            "95th": [
                95.40974917453514,
                99.013238783434
            ],
            "99th": [
                94.71773989259297,
                99.35898459900058
            ],
            "mean": 97.39878829872754,
            "median": 97.41935483870968
        }
    },
    "accuracy": {
        "90th": [
            0.9732500000000001,
            0.99
        ],
        "95th": [
            0.97,
            0.9916666666666667
        ],
        "99th": [
            0.965,
            0.9933333333333333
        ],
        "mean": 0.9817891666666667,
        "median": 0.9816666666666667
    },
    "cohen_kappa": {
        "90th": [
            0.9460255095835224,
            0.9799973329777304
        ],
        "95th": [
            0.9399999333303702,
            0.9833178188976734
        ],
        "99th": [
            0.930004471828992,
            0.9866613400939641
        ],
        "mean": 0.9635192308856632,
        "median": 0.96332885129952
    },
    "macro avg": {
        "f1-score": {
            "90th": [
                0.9730110372010512,
                0.9899982219061165
            ],
            "95th": [
                0.9699879951980792,
                0.9916583435390804
            ],
            "99th": [
                0.9649974719858639,
                0.9933306696764099
            ],
            "mean": 0.981757551471703,
            "median": 0.9816625407383328
        },
        "precision": {
            "90th": [
                0.9726660019874969,
                0.9900822982723234
            ],
            "95th": [
                0.9705353915064358,
                0.9916967524820498
            ],
            "99th": [
                0.9654133723392695,
                0.9933767040777904
            ],
            "mean": 0.9817889157387315,
            "median": 0.9817745376955904
        },
        "recall": {
            "90th": [
                0.9725813596645556,
                0.9901293850873683
            ],
            "95th": [
                0.9702709562034897,
                0.9917159444309815
            ],
            "99th": [
                0.9653593800599635,
                0.9934276994658602
            ],
            "mean": 0.9819190364835387,
            "median": 0.9819047034235528
        }
    },
    "weighted avg": {
        "f1-score": {
            "90th": [
                0.973195093023235,
                0.9900010009008107
            ],
            "95th": [
                0.9700039015606243,
                0.9916667824077289
            ],
            "99th": [
                0.9650140425657837,
                0.9933339285705634
            ],
            "mean": 0.9817904357800532,
            "median": 0.98167049062669
        },
        "precision": {
            "90th": [
                0.9732961341275487,
                0.9900893566980439
            ],
            "95th": [
                0.9705682412571534,
                0.9917139481173581
            ],
            "99th": [
                0.9664156093615898,
                0.9934196461704424
            ],
            "mean": 0.9819838453864436,
            "median": 0.9819276670817768
        },
        "recall": {
            "90th": [
                0.9732500000000001,
                0.99
            ],