{
    "Mangrove": {
        "f1-score": {
            "90th": [
                0.9652406417112299,
                0.9845291951223049
            ],
            "95th": [
                0.9632603780148423,
                0.9862258953168044
            ],
            "99th": [
                0.9589400216053732,
                0.9889199728333448
            ],
            "mean": 0.9754268371230329,
            "median": 0.9756756756756757
        },
        "precision": {
            "90th": [
                0.9363867684478372,
                0.9716713881019831
            ],
            "95th": [
                0.9316939890710383,
                0.9746478873239437
            ],
            "99th": [
                0.9234664025184541,
                0.979002624671916
            ],
            "mean": 0.9544988321079145,
            "median": 0.955026455026455
        },
        "producer_accuracy": {
            "90th": [
                93.63867684478372,
                97.16713881019831
            ],
            "95th": [
                93.16939890710383,
                97.46478873239437
            ],
            "99th": [
                92.34664025184541,
                97.9002624671916
            ],
            "mean": 95.44988321079146,
            "median": 95.5026455026455
        },
        "recall": {
            "90th": [
                0.9917582417582418,
                1.0
            ],
            "95th": [
                0.9913544668587896,
                1.0
            ],
            "99th": [
                0.9887002439650745,
                1.0
            ],
            "mean": 0.9973626697985876,
            "median": 0.9972677595628415
        },
        "support": {
            "90th": [
                338.0,
                381.0
            ],
            "95th": [
                333.0,
                386.0
            ],
            "99th": [
                325.0,
                394.0
            ],
            "mean": 359.212,
            "median": 359.0
        },
        "user_accuracy": {
            "90th": [
                99.17582417582418,
                100.0
            ],
            "95th": [
                99.13544668587896,
                100.0
            ],
            "99th": [
                98.87002439650745,
                100.0
            ],
            "mean": 99.73626697985877,
            "median": 99.72677595628416
        }
    },
    "Other": {
        "f1-score": {
            "90th": [
                0.9668670907567971,
                0.9852388419458608
            ],
            "95th": [
                0.9646433122287262,
                0.9867337788076946
            ],
            "99th": [
                0.9606079225073223,
                0.9895837370801033
            ],
            "mean": 0.9764297068528395,
            "median": 0.9766839378238342
        },
        "precision": {
            "90th": [
                0.9921042216358839,
                1.0
            ],
            "95th": [
                0.9916897506925207,
                1.0
            ],
            "99th": [
                0.9890708885395614,
                1.0
            ],
            "mean": 0.9974705637352993,
            "median": 0.9973821989528796
        },
        "producer_accuracy": {
            "90th": [
                99.21042216358838,
                100.0
            ],
            "95th": [
                99.16897506925207,
                100.0
            ],
            "99th": [
                98.90708885395614,
                100.0
            ],
            "mean": 99.74705637352992,
            "median": 99.73821989528795
        },
        "recall": {
            "90th": [
                0.9389890052037986,
                0.9727789835633809
            ],
            "95th": [
                0.9347245365207237,
                0.9756756756756757
            ],
            "99th": [
                0.9274998056994819,
                0.9798498715428055
            ],
            "mean": 0.9563157799284764,
            "median": 0.9565741225772656
        },
        "support": {
            "90th": [
                369.0,
                412.0
            ],
            "95th": [
                364.0,
                417.0
            ],
            "99th": [
                356.0,
                425.0
            ],
            "mean": 390.788,
            "median": 391.0
        },
        "user_accuracy": {
            "90th": [
                93.89890052037987,
                97.2778983563381
            ],
            "95th": [
                93.47245365207237,
                97.56756756756756
            ],
            "99th": [
                92.74998056994819,
                97.98498715428055
            ],
            "mean": 95.63157799284762,
            "median": 95.65741225772656
        }
    },
    "accuracy": {
        "90th": [
            0.9666666666666667,
            0.9853333333333333
        ],
        "95th": [
            0.964,
            0.9866666666666667
        ],
        "99th": [
            0.96,
            0.9893333333333333
        ],
        "mean": 0.9759693333333334,
        "median": 0.976
    },
    "cohen_kappa": {
        "90th": [
            0.9331850930690718,
            0.9705347671818045
        ],
        "95th": [
            0.9280500387940146,
            0.9732898276040117
        ],
        "99th": [
            0.9200390379120645,
            0.9786375483888126
        ],
        "mean": 0.9518828773524104,
        "median": 0.9520110907695267
    },
    "macro avg": {
        "f1-score": {
            "90th": [
                0.9665657272581876,
                0.9852651996163595
            ],
            "95th": [
                0.9639947512304071,
                0.9866425566534883
            ],
            "99th": [
                0.9599713984928099,
                0.9893184653894576
            ],
            "mean": 0.9759282719879361,
            "median": 0.9759947935007066
        },
        "precision": {
            "90th": [
                0.9663621067373124,
                0.984698914959793
            ],
            "95th": [
                0.9644367583156336,
                0.9864139640037705
            ],
            "99th": [
                0.9604460080228802,
                0.9891010711408083
            ],
            "mean": 0.9759846979216069,
            "median": 0.9762248504718759
        },
        "recall": {
            "90th": [
                0.9676276238873389,
                0.985451786372839
            ],
            "95th": [
                0.9655819731913283,
                0.9869062881562882
            ],
            "99th": [
                0.9611566949075477,
                0.9896641826939785
            ],
            "mean": 0.9768392248635319,
            "median": 0.9770517026156125
        }
    },
    "weighted avg": {
        "f1-score": {
            "90th": [
                0.9666479036058869,
                0.9853319122331362
            ],
            "95th": [
                0.964033637099566,
                0.9866670957168703
            ],
            "99th": [
                0.9600066077060897,
                0.9893357632171482
            ],
            "mean": 0.9759808478406096,
            "median": 0.9760169105505893
        },
        "precision": {
            "90th": [
                0.9679665834571993,
                0.9856114278110796
            ],
            "95th": [
                0.9661536753402038,
                0.9869135662559511
            ],
            "99th": [
                0.9622405875289095,
                0.9895567219542583
            ],
            "mean": 0.9769554476915772,
            "median": 0.9771162790697675
        },
        "recall": {
            "90th": [
                0.9666666666666667,
                0.9853333333333333
            ],