overall accuracy,0.81
cohen kappa,0.62
""
Confidence Interval,90%,95%,98%,99%
Overall Accuracy,0.02626561249999702,0.03139061006097205,0.03731638849084943,0.04132029283536117
""
class,f1-score,precision,recall,support
Mangrove,0.7663934426229508,0.6233333333333333,0.9946808510638298,188
Other,0.8398876404494381,0.9966666666666667,0.7257281553398058,412
""
macro avg,0.8031405415361945,0.81,0.8602045032018177,600
weighted (pixel) avg,0.8168594584638054,0.8796888888888887,0.81,600
""
Confidence Interval,90%,95%,98%,99%
Mangrove,0.04587985017250875,0.054832016059827536,0.06518295786703988,0.07217683746650767
Other,0.005457547950282189,0.0065224353552153,0.007753711417169209,0.008585654702273201
""
Point Count Confusion Matrix
,Mangrove,Other,User Acc
Mangrove,187,1,99.46808510638297
Other,113,299,72.57281553398059
Producer,62.33333333333333,99.66666666666667
""
