{
    "Mangrove": {
        "f1-score": {
            "90th": [
                0.9530500677442733,
                0.9812240734775945
            ],
            "95th": [
                0.9502487562189055,
                0.9833736608154858
            ],
            "99th": [
                0.9449535784216663,
                0.9888641425389755
            ],
            "mean": 0.9678548964308008,
            "median": 0.9683257918552035
        },
        "precision": {
            "90th": [
                0.9147928931205237,
                0.9665271966527197
            ],
            "95th": [
                0.9095232708468003,
                0.9703452143569291
            ],
            "99th": [
                0.8999978165938864,
                0.9793450613816896
            ],
            "mean": 0.9420807901272753,
            "median": 0.9429824561403509
        },
        "producer_accuracy": {
            "90th": [
                91.47928931205237,
                96.65271966527197
            ],
            "95th": [
                90.95232708468002,
                97.03452143569292
            ],
            "99th": [
                89.99978165938865,
                97.93450613816897
            ],
            "mean": 94.20807901272752,
            "median": 94.2982456140351
        },
        "recall": {
            "90th": [
                0.985981308411215,
                1.0
            ],
            "95th": [
                0.9853640602582496,
                1.0
            ],
            "99th": [
                0.9812193158953721,
                1.0
            ],
            "mean": 0.9952313556402749,
            "median": 0.9953703703703703
        },
        "support": {
            "90th": [
                196.0,
                230.0
            ],
            "95th": [
                192.0,
                234.0
            ],
            "99th": [
                185.0,
                240.0
            ],
            "mean": 212.9295,
            "median": 213.0
        },
        "user_accuracy": {
            "90th": [
                98.5981308411215,
                100.0
            ],
            "95th": [
                98.53640602582496,
                100.0
            ],
            "99th": [
                98.12193158953721,
                100.0
            ],
            "mean": 99.52313556402747,
            "median": 99.53703703703704
        }
    },
    "Other": {
        "f1-score": {
            "90th": [
                0.9555016165887608,
                0.9821468253968254
            ],
            "95th": [
                0.9523757763975155,
                0.9845007887639305
            ],
            "99th": [
                0.9469014749262538,
                0.9892935901708955
            ],
            "mean": 0.9695254640213348,
            "median": 0.9699570815450644
        },
        "precision": {
            "90th": [
                0.9866636904761905,
                1.0
            ],
            "95th": [
                0.9860448815474897,
                1.0
            ],
            "99th": [
                0.9813953488372092,
                1.0
            ],
            "mean": 0.9954574888500066,
            "median": 0.9956331877729258
        },
        "producer_accuracy": {
            "90th": [
                98.66636904761906,
                100.0
            ],
            "95th": [
                98.60448815474898,
                100.0
            ],
            "99th": [
                98.13953488372093,
                100.0
            ],
            "mean": 99.54574888500066,
            "median": 99.56331877729258
        },
        "recall": {
            "90th": [
                0.9191489361702128,
                0.9683838977317237
            ],
            "95th": [
                0.9126596615720525,
                0.9720055555555555
            ],
            "99th": [
                0.9055782511171161,
                0.9798502304147463
            ],
            "mean": 0.945032392584973,
            "median": 0.9458333333333333
        },
        "support": {
            "90th": [
                220.0,
                254.0
            ],
            "95th": [
                216.0,
                258.0
            ],
            "99th": [
                210.0,
                265.0
            ],
            "mean": 237.0705,
            "median": 237.0
        },
        "user_accuracy": {
            "90th": [
                91.91489361702128,
                96.83838977317237
            ],
            "95th": [
                91.26596615720524,
                97.20055555555555
            ],
            "99th": [
                90.55782511171161,
                97.98502304147463
            ],
            "mean": 94.50323925849732,
            "median": 94.58333333333333
        }
    },
    "accuracy": {
        "90th": [
            0.9555555555555556,
            0.9822222222222222
        ],
        "95th": [
            0.9511111111111111,
            0.9844444444444445
        ],
        "99th": [
            0.9466666666666667,
            0.9888888888888889
        ],
        "mean": 0.96878,
        "median": 0.9688888888888889
    },
    "cohen_kappa": {
        "90th": [
            0.910714373688364,
            0.9642779135286256
        ],
        "95th": [
            0.9024370530140599,
            0.9687486045786639
        ],
        "99th": [
            0.8934342471246596,
            0.9777471093568451
        ],
        "mean": 0.9374357930545562,
        "median": 0.9377777777777778
    },
    "macro avg": {
        "f1-score": {
            "90th": [
                0.9552692789407766,
                0.9821334073012705
            ],
            "95th": [
                0.9511024182076814,
                0.9843705032836604
            ],
            "99th": [
                0.9466149160656597,
                0.988873055070761
            ],
            "mean": 0.9686901802260677,
            "median": 0.9688667496886676
        },
        "precision": {
            "90th": [
                0.9548642965670009,
                0.9816368472424781
            ],
            "95th": [
                0.9524434244772942,
                0.9837664814962185
            ],
            "99th": [
                0.9472809811801711,
                0.9889186420433345
            ],
            "mean": 0.968769139488641,
            "median": 0.9691234863001521
        },
        "recall": {
            "90th": [
                0.9566906463896008,
                0.9822434598477479
            ],
            "95th": [
                0.9539722492030286,
                0.9847165738857963
            ],
            "99th": [
                0.9488158901008138,
                0.9890357311822356
            ],
            "mean": 0.9701318741126239,
            "median": 0.9705554671335349
        }
    },
    "weighted avg": {
        "f1-score": {
            "90th": [
                0.9554918938349953,
                0.9822181474298195
            ],
            "95th": [
                0.9512425138350882,
                0.9844450090658481
            ],
            "99th": [
                0.9467002785893981,
                0.9888900519049892
            ],
            "mean": 0.968803956541126,
            "median": 0.9689233467165074
        },
        "precision": {
            "90th": [
                0.9577823446250465,
                0.9825637669879874
            ],
            "95th": [
                0.9553435144262085,
                0.984685288738718
            ],
            "99th": [
                0.9505744505737698,
                0.989130450743791
            ],
            "mean": 0.970337348041355,
            "median": 0.970432751216656
        },