{
    "Mangrove": {
        "f1-score": {
            "90th": [
                0.9771128731343283,
                0.9902152641878669
            ],
            "95th": [
                0.9756579923811408,
                0.9909374649628644
            ],
            "99th": [
                0.9718718374802399,
                0.9927916646315293
            ],
            "mean": 0.9840249023386557,
            "median": 0.9842073978006538
        },
        "precision": {
            "90th": [
                0.969229189701469,
                0.9896276298720824
            ],
            "95th": [
                0.9672123235647826,
                0.9916142557651991
            ],
            "99th": [
                0.960333551924362,
                0.9938528323488418
            ],
            "mean": 0.9801389744589856,
            "median": 0.9803536345776032
        },
        "producer_accuracy": {
            "90th": [
                96.9229189701469,
                98.96276298720824
            ],
            "95th": [
                96.72123235647825,
                99.16142557651992
            ],
            "99th": [
                96.03335519243619,
                99.38528323488417
            ],
            "mean": 98.01389744589854,
            "median": 98.03536345776031
        },
        "recall": {
            "90th": [
                0.9796727269716689,
                0.9958681945982789
            ],
            "95th": [
                0.9774127310061602,
                0.9960939403630604
            ],
            "99th": [
                0.9744089430767795,
                0.998046875
            ],
            "mean": 0.987973701364885,
            "median": 0.9880478087649402
        },
        "support": {
            "90th": [
                471.0,
                522.0
            ],
            "95th": [
                465.975,
                528.0
            ],
            "99th": [
                456.99,
                537.0049999999999
            ],
            "mean": 496.2155,
            "median": 496.0
        },
        "user_accuracy": {
            "90th": [
                97.96727269716689,
                99.5868194598279
            ],
            "95th": [
                97.74127310061603,
                99.60939403630604
            ],
            "99th": [
                97.44089430767794,
                99.8046875
            ],
            "mean": 98.7973701364885,
            "median": 98.80478087649402
        }
    },
    "Other": {
        "f1-score": {
            "90th": [
                0.9774730656219393,
                0.990178313747539
            ],
            "95th": [
                0.9758514650656978,
                0.9912714544764476
            ],
            "99th": [
                0.9729187581536016,
                0.993063112261753
            ],
            "mean": 0.9841443411295909,
            "median": 0.9842931937172775
        },
        "precision": {
            "90th": [
                0.9797550319862693,
                0.9959020583995442
            ],
            "95th": [
                0.9775921410857447,
                0.9961089494163424
            ],
            "99th": [
                0.9740258441558441,
                0.9980160280257937
            ],
            "mean": 0.988064596288504,
            "median": 0.9881889763779528
        },
        "producer_accuracy": {
            "90th": [
                97.97550319862692,
                99.59020583995441
            ],
            "95th": [
                97.75921410857447,
                99.61089494163424
            ],
            "99th": [
                97.40258441558441,
                99.80160280257937
            ],
            "mean": 98.80645962885039,
            "median": 98.81889763779527
        },
        "recall": {
            "90th": [
                0.9694627297009326,
                0.9898384290638038
            ],
            "95th": [
                0.9674084337751662,
                0.9916679606625259
            ],
            "99th": [
                0.9616119149564447,
                0.9940476190476191
            ],
            "mean": 0.9802859492077078,
            "median": 0.98046875
        },
        "support": {
            "90th": [
                478.0,
                529.0
            ],
            "95th": [
                472.0,
                534.0249999999999
            ],
            "99th": [
                462.995,
                543.0099999999998
            ],
            "mean": 503.7845,
            "median": 504.0
        },
        "user_accuracy": {
            "90th": [
                96.94627297009326,
                98.98384290638039
            ],
            "95th": [
                96.74084337751661,
                99.16679606625259
            ],
            "99th": [
                96.16119149564449,
                99.40476190476191
            ],
            "mean": 98.02859492077079,
            "median": 98.046875
        }
    },
    "accuracy": {
        "90th": [
            0.977,
            0.99
        ],
        "95th": [
            0.976,
            0.991
        ],
        "99th": [
            0.972,
            0.993
        ],
        "mean": 0.9840999999999999,
        "median": 0.984
    },
    "cohen_kappa": {
        "90th": [
            0.953998123122864,
            0.9799907076797174
        ],
        "95th": [
            0.9519405407863064,
            0.9819974076266983
        ],
        "99th": [
            0.9439890160584927,
            0.985957662686047
        ],
        "mean": 0.9681703481695029,
        "median": 0.9679984639262684
    },
    "macro avg": {
        "f1-score": {
            "90th": [
                0.9769981368490848,
                0.9899951996934584
            ],
            "95th": [
                0.9759687665930921,
                0.9909984787429076
            ],
            "99th": [
                0.9719927039863959,
                0.9929788240199299
            ],
            "mean": 0.9840846217341233,
            "median": 0.9839989759344598
        },
        "precision": {
            "90th": [
                0.9770779054206222,
                0.990066477265897
            ],
            "95th": [
                0.9759501955493572,
                0.9910260521755443
            ],
            "99th": [
                0.9719331443380962,
                0.9928968694683393
            ],
            "mean": 0.9841017853737446,
            "median": 0.9840612479614745
        },
        "recall": {
            "90th": [
                0.9771687105685359,
                0.9900475471767396
            ],
            "95th": [
                0.9759646577778613,
                0.991027573174405
            ],
            "99th": [
                0.9727534293191735,
                0.9930341636568412
            ],
            "mean": 0.9841298252862964,
            "median": 0.98410729023357
        }
    },
    "weighted avg": {
        "f1-score": {
            "90th": [
                0.9770029377351157,
                0.9900003701163331
            ],
            "95th": [
                0.9759999807996927,
                0.9910003705263448
            ],
            "99th": [
                0.9720215574778168,
                0.9930003868060064
            ],
            "mean": 0.9841002734218434,
            "median": 0.9840014086818021
        },
        "precision": {
            "90th": [
                0.9771583708308151,
                0.9900328600937707
            ],
            "95th": [
                0.9760748730204241,
                0.9910427204037499
            ],
            "99th": [
                0.9723237151632715,
                0.9930027653580726
            ],
            "mean": 0.9841627854169612,
            "median": 0.9841157339689592
        },