{
    "Mangrove": {
        "f1-score": {
            "90th": [
                0.9423712059866529,
                0.9710402778310335
            ],
            "95th": [
                0.9391304347826087,
                0.9730587704834931
            ],
            "99th": [
                0.934280516511275,
                0.976352144930165
            ],
            "mean": 0.9572906091645381,
            "median": 0.9575971731448762
        },
        "precision": {
            "90th": [
                0.916083916083916,
                0.9619420962726117
            ],
            "95th": [
                0.9123332748332749,
                0.9659482080075563
            ],
            "99th": [
                0.9043208348612639,
                0.9709700460829492
            ],
            "mean": 0.9399225751897549,
            "median": 0.9403973509933775
        },
        "producer_accuracy": {
            "90th": [
                91.6083916083916,
                96.19420962726117
            ],
            "95th": [
                91.23332748332749,
                96.59482080075563
            ],
            "99th": [
                90.43208348612639,
                97.09700460829492
            ],
            "mean": 93.9922575189755,
            "median": 94.03973509933775
        },
        "recall": {
            "90th": [
                0.9591046347869114,
                0.9898305084745763
            ],
            "95th": [
                0.9556276006358408,
                0.9927804326935563
            ],
            "99th": [
                0.9489751783066168,
                0.9963237958226769
            ],
            "mean": 0.975457042184155,
            "median": 0.9761092150170648
        },
        "support": {
            "90th": [
                269.0,
                309.0
            ],
            "95th": [
                265.0,
                313.0
            ],
            "99th": [
                260.0,
                320.0049999999999
            ],
            "mean": 288.8765,
            "median": 289.0
        },
        "user_accuracy": {
            "90th": [
                95.91046347869114,
                98.98305084745763
            ],
            "95th": [
                95.56276006358408,
                99.27804326935563
            ],
            "99th": [
                94.89751783066168,
                99.6323795822677
            ],
            "mean": 97.54570421841548,
            "median": 97.61092150170649
        }
    },
    "Other": {
        "f1-score": {
            "90th": [
                0.9442622950819672,
                0.9719330038440418
            ],
            "95th": [
                0.9417803945478996,
                0.9739455846852829
            ],
            "99th": [
                0.9365851148391415,
                0.9774197178715901
            ],
            "mean": 0.9588799866192605,
            "median": 0.9592169657422512
        },
        "precision": {
            "90th": [
                0.9608992363966465,
                0.9901639344262295
            ],
            "95th": [
                0.9570957095709571,
                0.9931740614334471
            ],
            "99th": [
                0.9493668747861785,
                0.99658731703965
            ],
            "mean": 0.976384962402959,
            "median": 0.9767441860465116
        },
        "producer_accuracy": {
            "90th": [
                96.08992363966466,
                99.01639344262296
            ],
            "95th": [
                95.7095709570957,
                99.31740614334471
            ],
            "99th": [
                94.93668747861786,
                99.65873170396499
            ],
            "mean": 97.63849624029591,
            "median": 97.67441860465115
        },
        "recall": {
            "90th": [
                0.918918918918919,
                0.9632229246991634
            ],
            "95th": [
                0.915536039566212,
                0.966368501529052
            ],
            "99th": [
                0.9055351957157842,
                0.9723114737114736
            ],
            "mean": 0.9421166020907618,
            "median": 0.9423402868318123
        },
        "support": {
            "90th": [
                291.0,
                331.0
            ],
            "95th": [
                287.0,
                335.0
            ],
            "99th": [
                279.995,
                340.0
            ],
            "mean": 311.1235,
            "median": 311.0
        },
        "user_accuracy": {
            "90th": [
                91.8918918918919,
                96.32229246991633
            ],
            "95th": [
                91.5536039566212,
                96.6368501529052
            ],
            "99th": [
                90.55351957157842,
                97.23114737114736
            ],
            "mean": 94.21166020907617,
            "median": 94.23402868318122
        }
    },
    "accuracy": {
        "90th": [
            0.9433333333333334,
            0.9716666666666667
        ],
        "95th": [
            0.9416666666666667,
            0.9733333333333334
        ],
        "99th": [
            0.9366583333333334,
            0.9766666666666667
        ],
        "mean": 0.9581666666666666,
        "median": 0.9583333333333334
    },
    "cohen_kappa": {
        "90th": [
            0.8867627923784724,
            0.9432514893648853
        ],
        "95th": [
            0.883118916053042,
            0.9466400608040793
        ],
        "99th": [
            0.872822277138356,
            0.9532898097935968
        ],
        "mean": 0.9162064441483483,
        "median": 0.9166499966659999
    },
    "macro avg": {
        "f1-score": {
            "90th": [
                0.9433304368411316,
                0.9716249711381446
            ],
            "95th": [
                0.9415088687543972,
                0.9733188069059822
            ],
            "99th": [
                0.9364045476196262,
                0.9766407365813511
            ],
            "mean": 0.9580852978918993,
            "median": 0.9583072753804461
        },
        "precision": {
            "90th": [
                0.9441525326672084,
                0.9714694336322787
            ],
            "95th": [
                0.940942562529242,
                0.973345259391771
            ],
            "99th": [
                0.9359527728059526,
                0.976633407037856
            ],
            "mean": 0.9581537687963569,
            "median": 0.9583962403738939
        },
        "recall": {
            "90th": [
                0.9449301577730882,
                0.9718029811732883
            ],
            "95th": [
                0.9422374954403713,
                0.973717451343248
            ],
            "99th": [
                0.9366211288495117,
                0.9770532915267753
            ],
            "mean": 0.9587868221374584,
            "median": 0.9591193565300817
        }
    },
    "weighted avg": {
        "f1-score": {
            "90th": [
                0.9434526208748684,
                0.9716683432719544
            ],
            "95th": [
                0.9416633529584594,
                0.9733395811141506
            ],
            "99th": [
                0.9365745753117093,
                0.9766749878641904
            ],
            "mean": 0.9581816296160375,
            "median": 0.9583568837200236
        },
        "precision": {
            "90th": [
                0.9453932459861895,
                0.9718205095136415
            ],
            "95th": [
                0.9424809257982036,
                0.9735838702039293
            ],
            "99th": [
                0.9369348135668898,
                0.9769766310780441
            ],