overall accuracy,0.956
cohen kappa,0.912
""
Confidence Interval,90%,95%,98%,99%
Overall Accuracy,0.010636509502651707,0.012711925990973993,0.015111626305596634,0.01673304543709842
""
class,f1-score,precision,recall,support
Mangrove,0.9576923076923077,0.996,0.9222222222222223,540
Other,0.9541666666666666,0.916,0.9956521739130435,460
""
macro avg,0.9559294871794872,0.956,0.9589371980676329,1000
weighted (pixel) avg,0.9560705128205128,0.9592,0.956,1000
""
Confidence Interval,90%,95%,98%,99%
Mangrove,0.0046293339477726176,0.005532618620508739,0.0065770415233598785,0.007282732673934972
Other,0.020344462755256032,0.02431411402457428,0.028904023304723508,0.03200531335887839
""
Point Count Confusion Matrix
,Mangrove,Other,User Acc
Mangrove,498,42,92.22222222222223
Other,2,458,99.56521739130434
Producer,99.6,91.60000000000001
""
