{
    "Mangrove": {
        "f1-score": {
            "90th": [
                0.9807321659962018,
                0.9950421392296486
            ],
            "95th": [
                0.9788729531661514,
                0.9965989277066759
            ],
            "99th": [
                0.976233379713111,
                0.9983471346685365
            ],
            "mean": 0.9883816680785996,
            "median": 0.9885807504078304
        },
        "precision": {
            "90th": [
                0.9752606320326793,
                0.9966892881341114
            ],
            "95th": [
                0.9724090038314176,
                0.9968256479807113
            ],
            "99th": [
                0.9678451405455866,
                1.0
            ],
            "mean": 0.9867151954049687,
            "median": 0.9869281045751634
        },
        "producer_accuracy": {
            "90th": [
                97.52606320326794,
                99.66892881341114
            ],
            "95th": [
                97.24090038314176,
                99.68256479807113
            ],
            "99th": [
                96.78451405455866,
                100.0
            ],
            "mean": 98.67151954049687,
            "median": 98.69281045751634
        },
        "recall": {
            "90th": [
                0.9801291500737057,
                0.9970948012232415
            ],
            "95th": [
                0.9789781887150308,
                1.0
            ],
            "99th": [
                0.9737687489788138,
                1.0
            ],
            "mean": 0.9900922495566561,
            "median": 0.9901315789473685
        },
        "support": {
            "90th": [
                279.0,
                318.0
            ],
            "95th": [
                276.0,
                322.0
            ],
            "99th": [
                267.0,
                331.0
            ],
            "mean": 298.996,
            "median": 299.0
        },
        "user_accuracy": {
            "90th": [
                98.01291500737058,
                99.70948012232415
            ],
            "95th": [
                97.89781887150309,
                100.0
            ],
            "99th": [
                97.37687489788138,
                100.0
            ],
            "mean": 99.0092249556656,
            "median": 99.01315789473685
        }
    },
    "Other": {
        "f1-score": {
            "90th": [
                0.9810644022745593,
                0.9950738916256158
            ],
            "95th": [
                0.9793961436032845,
                0.9965989277066759
            ],
            "99th": [
                0.9769066235418365,
                0.9983305509181971
            ],
            "mean": 0.9884275344560706,
            "median": 0.9886363336891067
        },
        "precision": {
            "90th": [
                0.9800664451827242,
                0.9971893491124258
            ],
            "95th": [
                0.978646326466203,
                1.0
            ],
            "99th": [
                0.9733319865319866,
                1.0
            ],
            "mean": 0.9901209890196122,
            "median": 0.9901639344262295
        },
        "producer_accuracy": {
            "90th": [
                98.00664451827242,
                99.7189349112426
            ],
            "95th": [
                97.86463264662031,
                100.0
            ],
            "99th": [
                97.33319865319866,
                100.0
            ],
            "mean": 99.01209890196124,
            "median": 99.01639344262296
        },
        "recall": {
            "90th": [
                0.9757743415993848,
                0.9966777408637874
            ],
            "95th": [
                0.9731543624161074,
                0.9968354430379747
            ],
            "99th": [
                0.9677387521222411,
                1.0
            ],
            "mean": 0.9867778203274796,
            "median": 0.9869281045751634
        },
        "support": {
            "90th": [
                282.0,
                321.0
            ],
            "95th": [
                278.0,
                324.0
            ],
            "99th": [
                269.0,
                333.0
            ],
            "mean": 301.004,
            "median": 301.0
        },
        "user_accuracy": {
            "90th": [
                97.57743415993849,
                99.66777408637874
            ],
            "95th": [
                97.31543624161074,
                99.68354430379746
            ],
            "99th": [
                96.77387521222411,
                100.0
            ],
            "mean": 98.67778203274796,
            "median": 98.69281045751634
        }
    },
    "accuracy": {
        "90th": [
            0.9816666666666667,
            0.995
        ],
        "95th": [
            0.98,
            0.9966666666666667
        ],
        "99th": [
            0.9766666666666667,
            0.9983333333333333
        ],
        "mean": 0.9884233333333333,
        "median": 0.9883333333333333
    },
    "cohen_kappa": {
        "90th": [
            0.9631283680201775,
            0.9899968879206864
        ],
        "95th": [
            0.9598169087981392,
            0.9933187849876237
        ],
        "99th": [
            0.9533047740119585,
            0.9966662221629551
        ],
        "mean": 0.9768097903959787,
        "median": 0.97666199906648
    },
    "macro avg": {
        "f1-score": {
            "90th": [
                0.9815629583071444,
                0.9949983188794012
            ],
            "95th": [
                0.979908230135208,
                0.9966593915638502
            ],
            "99th": [
                0.9766500622665006,
                0.9983331064506002
            ],
            "mean": 0.9884046012673351,
            "median": 0.9883307077425754
        },
        "precision": {
            "90th": [
                0.9814726600405063,
                0.995026643703698
            ],
            "95th": [
                0.9794476083683983,
                0.9966594612535532
            ],
            "99th": [
                0.9766309473666303,
                0.9983389252546516
            ],
            "mean": 0.9884180922122905,
            "median": 0.9883821715504884
        },
        "recall": {
            "90th": [
                0.981423823971822,
                0.9950455409868881
            ],
            "95th": [
                0.9797512942079439,
                0.9966559284814571
            ],
            "99th": [
                0.976649966937333,
                0.9983444253224121
            ],
            "mean": 0.9884350349420679,
            "median": 0.9883915428877292
        }
    },
    "weighted avg": {
        "f1-score": {
            "90th": [
                0.9816633621635236,
                0.9950002083535929
            ],
            "95th": [
                0.9799932033373654,
                0.9966666666666667
            ],
            "99th": [
                0.9766666614805595,
                0.9983333473151824
            ],
            "mean": 0.9884234608276012,
            "median": 0.9883342427288022
        },
        "precision": {
            "90th": [
                0.9816693762712871,
                0.9950065792408225
            ],
            "95th": [
                0.98,
                0.9966666666666667
            ],
            "99th": [
                0.9766920023208138,
                0.9983389076570236
            ],
            "mean": 0.9884673717464658,
            "median": 0.9883841133680015
        },
        "recall": {
            "90th": [
                0.9816666666666667,
                0.995
            ],