{
    "Mangrove": {
        "f1-score": {
            "90th": [
                0.6797385620915032,
                0.756307907778496
            ],
            "95th": [
                0.6721102762598664,
                0.7640978418414159
            ],
            "99th": [
                0.6564515550453779,
                0.7805909019730659
            ],
            "mean": 0.719140507078882,
            "median": 0.7196819085487077
        },
        "precision": {
            "90th": [
                0.5218682065217392,
                0.61587406706612
            ],
            "95th": [
                0.5137861136999068,
                0.6280701754385964
            ],
            "99th": [
                0.495048660156118,
                0.6508497992863513
            ],
            "mean": 0.56953607321596,
            "median": 0.5704918032786885
        },
        "producer_accuracy": {
            "90th": [
                52.186820652173914,
                61.58740670661201
            ],
            "95th": [
                51.37861136999068,
                62.807017543859644
            ],
            "99th": [
                49.5048660156118,
                65.08497992863514
            ],
            "mean": 56.953607321595996,
            "median": 57.049180327868854
        },
        "recall": {
            "90th": [
                0.9565217391304348,
                0.9942528735632183
            ],
            "95th": [
                0.9515110565110565,
                0.9946524064171123
            ],
            "99th": [
                0.942302036199095,
                1.0
            ],
            "mean": 0.976945413771122,
            "median": 0.9776536312849162
        },
        "support": {
            "90th": [
                157.0,
                193.0
            ],
            "95th": [
                152.975,
                197.0
            ],
            "99th": [
                146.0,
                204.0
            ],
            "mean": 174.91,
            "median": 175.0
        },
        "user_accuracy": {
            "90th": [
                95.65217391304348,
                99.42528735632183
            ],
            "95th": [
                95.15110565110565,
                99.46524064171123
            ],
            "99th": [
                94.2302036199095,
                100.0
            ],
            "mean": 97.69454137711219,
            "median": 97.76536312849163
        }
    },
    "Other": {
        "f1-score": {
            "90th": [
                0.789621595847467,
                0.8415379846302464
            ],
            "95th": [
                0.7839703790326468,
                0.8462608949829932
            ],
            "99th": [
                0.7759552051299838,
                0.8536915934955037
            ],
            "mean": 0.8161044502154879,
            "median": 0.8162162162162162
        },
        "precision": {
            "90th": [
                0.9746795258187663,
                0.9966887417218543
            ],
            "95th": [
                0.9721235418875928,
                0.9968051118210862
            ],
            "99th": [
                0.9675070064601938,
                1.0
            ],
            "mean": 0.9865886248933616,
            "median": 0.9867549668874173
        },
        "producer_accuracy": {
            "90th": [
                97.46795258187663,
                99.66887417218543
            ],
            "95th": [
                97.21235418875928,
                99.68051118210862
            ],
            "99th": [
                96.75070064601938,
                100.0
            ],
            "mean": 98.65886248933617,
            "median": 98.67549668874173
        },
        "recall": {
            "90th": [
                0.6586409418197424,
                0.7338195498646953
            ],
            "95th": [
                0.6507141285816421,
                0.7403869047619048
            ],
            "99th": [
                0.6420314732262743,
                0.7530287823166445
            ],
            "mean": 0.6961717192342037,
            "median": 0.6962789892696435
        },
        "support": {
            "90th": [
                407.0,
                443.0
            ],
            "95th": [
                403.0,
                447.02499999999986
            ],
            "99th": [
                396.0,
                454.0
            ],
            "mean": 425.09,
            "median": 425.0
        },
        "user_accuracy": {
            "90th": [
                65.86409418197424,
                73.38195498646955
            ],
            "95th": [
                65.07141285816422,
                74.03869047619048
            ],
            "99th": [
                64.20314732262743,
                75.30287823166445
            ],
            "mean": 69.61717192342036,
            "median": 69.62789892696435
        }
    },
    "accuracy": {
        "90th": [
            0.75,
            0.8066666666666666
        ],
        "95th": [
            0.745,
            0.8116666666666666
        ],
        "99th": [
            0.7333333333333333,
            0.8200083333333331
        ],
        "mean": 0.7780275,
        "median": 0.7783333333333333
    },
    "cohen_kappa": {
        "90th": [
            0.5050397842409258,
            0.6065755184485924
        ],
        "95th": [
            0.49613072376180684,
            0.6180735775415092
        ],
        "99th": [
            0.4757249449493801,
            0.6371551627520187
        ],
        "mean": 0.5558218651908192,
        "median": 0.5553650723878985
    },
    "macro avg": {
        "f1-score": {
            "90th": [
                0.7382480718661691,
                0.7964944532819889
            ],
            "95th": [
                0.7333212493428972,
                0.80297297966167
            ],
            "99th": [
                0.7210535233033347,
                0.8134666484972514
            ],
            "mean": 0.767622478647185,
            "median": 0.7676597539489125
        },
        "precision": {
            "90th": [
                0.7540736591413906,
                0.8022250118838855
            ],
            "95th": [
                0.7490076318036384,
                0.8072970327247613
            ],
            "99th": [
                0.740362118695798,
                0.8177934773856697
            ],
            "mean": 0.7780623490546609,
            "median": 0.7780679141295168
        },
        "recall": {
            "90th": [
                0.8157408804668302,
                0.8575001901760486
            ],
            "95th": [
                0.8115140639302488,
                0.8609762020398251
            ],
            "99th": [
                0.8030512617553611,
                0.8654587691374308
            ],
            "mean": 0.8365585665026629,
            "median": 0.8365029341447512
        }
    },
    "weighted avg": {
        "f1-score": {
            "90th": [
                0.7615022663038206,
                0.8145655414571732
            ],
            "95th": [
                0.7562624710266627,
                0.8192414703273404
            ],
            "99th": [
                0.7477616669313312,
                0.8267781806438405
            ],
            "mean": 0.7881786829812742,
            "median": 0.7879976029883338
        },
        "precision": {
            "90th": [
                0.8520472931914751,
                0.878578308310072
            ],
            "95th": [
                0.8490777715543352,
                0.8803696282906933
            ],
            "99th": [
                0.8424054233086788,
                0.8838072359254044
            ],
            "mean": 0.8654461891847625,
            "median": 0.865704562550407
        },