{
    "Mangrove": {
        "f1-score": {
            "90th": [
                0.9433962264150944,
                0.9715242881072026
            ],
            "95th": [
                0.9409485714285714,
                0.9733586387589033
            ],
            "99th": [
                0.9347064954087093,
                0.977392085304498
            ],
            "mean": 0.9577545970840451,
            "median": 0.9578947368421051
        },
        "precision": {
            "90th": [
                0.9166532690246516,
                0.9626935027464906
            ],
            "95th": [
                0.9123376623376623,
                0.9660535535535535
            ],
            "99th": [
                0.9024382299197585,
                0.9726041328070583
            ],
            "mean": 0.9403337392405674,
            "median": 0.9405940594059405
        },
        "producer_accuracy": {
            "90th": [
                91.66532690246515,
                96.26935027464906
            ],
            "95th": [
                91.23376623376623,
                96.60535535535536
            ],
            "99th": [
                90.24382299197585,
                97.26041328070583
            ],
            "mean": 94.03337392405673,
            "median": 94.05940594059405
        },
        "recall": {
            "90th": [
                0.9598656104289237,
                0.9896551724137931
            ],
            "95th": [
                0.9566666666666667,
                0.9928831932561015
            ],
            "99th": [
                0.9498290665855884,
                0.9961688000696621
            ],
            "mean": 0.9759819329795014,
            "median": 0.9764309764309764
        },
        "support": {
            "90th": [
                269.0,
                309.0
            ],
            "95th": [
                265.0,
                313.0
            ],
            "99th": [
                257.995,
                320.0
            ],
            "mean": 289.2735,
            "median": 289.0
        },
        "user_accuracy": {
            "90th": [
                95.98656104289238,
                98.9655172413793
            ],
            "95th": [
                95.66666666666667,
                99.28831932561016
            ],
            "99th": [
                94.98290665855883,
                99.61688000696621
            ],
            "mean": 97.59819329795015,
            "median": 97.64309764309765
        }
    },
    "Other": {
        "f1-score": {
            "90th": [
                0.9452018426475937,
                0.9723594693002146
            ],
            "95th": [
                0.9425665967691831,
                0.9747048903878583
            ],
            "99th": [
                0.9366658730158731,
                0.977987872135077
            ],
            "mean": 0.959216899773397,
            "median": 0.9594594594594594
        },
        "precision": {
            "90th": [
                0.9611650485436893,
                0.9899328859060402
            ],
            "95th": [
                0.958041958041958,
                0.9929347154612171
            ],
            "99th": [
                0.9496387079525569,
                0.9964161478966232
            ],
            "mean": 0.9768146325618131,
            "median": 0.9772727272727273
        },
        "producer_accuracy": {
            "90th": [
                96.11650485436894,
                98.99328859060402
            ],
            "95th": [
                95.8041958041958,
                99.29347154612172
            ],
            "99th": [
                94.96387079525567,
                99.64161478966233
            ],
            "mean": 97.6814632561813,
            "median": 97.72727272727273
        },
        "recall": {
            "90th": [
                0.9196035897682008,
                0.9640299525085814
            ],
            "95th": [
                0.9158878504672897,
                0.966996699669967
            ],
            "99th": [
                0.9075895464945856,
                0.9734228040744274
            ],
            "mean": 0.9423704719435072,
            "median": 0.9427710843373494
        },
        "support": {
            "90th": [
                291.0,
                331.0
            ],
            "95th": [
                287.0,
                335.0
            ],
            "99th": [
                280.0,
                342.0049999999999
            ],
            "mean": 310.7265,
            "median": 311.0
        },
        "user_accuracy": {
            "90th": [
                91.96035897682007,
                96.40299525085814
            ],
            "95th": [
                91.58878504672897,
                96.69966996699671
            ],
            "99th": [
                90.75895464945856,
                97.34228040744274
            ],
            "mean": 94.23704719435072,
            "median": 94.27710843373494
        }
    },
    "accuracy": {
        "90th": [
            0.945,
            0.9716666666666667
        ],
        "95th": [
            0.9433333333333334,
            0.9733333333333334
        ],
        "99th": [
            0.9366666666666666,
            0.9766749999999998
        ],
        "mean": 0.9585658333333333,
        "median": 0.9583333333333334
    },
    "cohen_kappa": {
        "90th": [
            0.8899532912755224,
            0.9433182811866742
        ],
        "95th": [
            0.8859348538522193,
            0.94667208833191
        ],
        "99th": [
            0.8732035674562905,
            0.9533493092865473
        ],
        "mean": 0.9170076592035803,
        "median": 0.9166666666666666
    },
    "macro avg": {
        "f1-score": {
            "90th": [
                0.9449325423643964,
                0.9716533594937623
            ],
            "95th": [
                0.9428921035667901,
                0.9733330370337447
            ],
            "99th": [
                0.936595294962698,
                0.9766735982093631
            ],
            "mean": 0.958485748428721,
            "median": 0.9583239562234835
        },
        "precision": {
            "90th": [
                0.9449229227539871,
                0.9716971918787478
            ],
            "95th": [
                0.942677771357833,
                0.9736706922976187
            ],
            "99th": [
                0.9366643925122523,
                0.9776348188637882
            ],
            "mean": 0.9585741859011903,
            "median": 0.9585687770260789
        },
        "recall": {
            "90th": [
                0.9459787087912088,
                0.9721379170843734
            ],
            "95th": [
                0.9433310953455039,
                0.9740591476481695
            ],
            "99th": [
                0.9373320440932268,
                0.9775092191545478
            ],
            "mean": 0.9591762024615044,
            "median": 0.9594162742146267
        }
    },
    "weighted avg": {
        "f1-score": {
            "90th": [
                0.9450053323819936,
                0.971675895009426
            ],
            "95th": [
                0.9433021020374128,
                0.9733566314809138
            ],
            "99th": [
                0.9366665609936967,
                0.9766966382004766
            ],
            "mean": 0.958580104960087,
            "median": 0.9583668092811544
        },
        "precision": {
            "90th": [
                0.9463495248735089,
                0.9721339986612202
            ],
            "95th": [
                0.9438347116220918,
                0.9738804242995971
            ],
            "99th": [
                0.9378734569644426,
                0.9771810837214424
            ],