overall accuracy,0.91
cohen kappa,0.8200000000000001
""
Confidence Interval,90%,95%,98%,99%
Overall Accuracy,0.010494718671789156,0.012542468656528504,0.014910179576383376,0.016509984251960992
""
class,f1-score,precision,recall,support
Mangrove,0.9149338374291115,0.968,0.8673835125448028,1116
Other,0.9044585987261147,0.852,0.9638009049773756,884
""
macro avg,0.9096962180776131,0.9099999999999999,0.9155922087610893,2000
weighted (pixel) avg,0.9103037819223868,0.9167280000000001,0.91,2000
""
Confidence Interval,90%,95%,98%,99%
Mangrove,0.009127598238310015,0.010908593016516846,0.012967868228818498,0.014359270399292585
Other,0.018415965942627066,0.02200932515094454,0.026164146735561625,0.028971458617059655
""
Point Count Confusion Matrix
,Mangrove,Other,User Acc
Mangrove,968,148,86.73835125448028
Other,32,852,96.38009049773756
Producer,96.8,85.2
""
