overall accuracy,0.9675
cohen kappa,0.935
""
Confidence Interval,90%,95%,98%,99%
Overall Accuracy,0.014540556213570368,0.01737773791377922,0.020658229254645707,0.022874777457933874
""
class,f1-score,precision,recall,support
Mangrove,0.9679012345679012,0.98,0.9560975609756097,205
Other,0.9670886075949366,0.955,0.9794871794871794,195
""
macro avg,0.967494921081419,0.9675,0.9677923702313946,400
weighted (pixel) avg,0.967505078918581,0.9678125,0.9675,400
""
Confidence Interval,90%,95%,98%,99%
Mangrove,0.016235171696043136,0.01940301007575887,0.02306582320230519,0.025540696936458104
Other,0.024040128951401247,0.028730885819967345,0.0341545734492469,0.03781922725281416
""
Point Count Confusion Matrix
,Mangrove,Other,User Acc
Mangrove,196,9,95.60975609756098
Other,4,191,97.94871794871794
Producer,98.0,95.5
""
