{
    "Mangrove": {
        "f1-score": {
            "90th": [
                0.9277669719573223,
                0.9588607594936709
            ],
            "95th": [
                0.9245901639344262,
                0.9612903225806451
            ],
            "99th": [
                0.9176821410611014,
                0.9654093472131857
            ],
            "mean": 0.9436681695038512,
            "median": 0.9436392914653784
        },
        "precision": {
            "90th": [
                0.9615384615384616,
                0.990100638353309
            ],
            "95th": [
                0.9587628865979382,
                0.9930567528735632
            ],
            "99th": [
                0.9518878657458378,
                0.9965277777777778
            ],
            "mean": 0.9765169205916957,
            "median": 0.9771241830065359
        },
        "producer_accuracy": {
            "90th": [
                96.15384615384616,
                99.01006383533091
            ],
            "95th": [
                95.87628865979381,
                99.30567528735632
            ],
            "99th": [
                95.18878657458379,
                99.65277777777779
            ],
            "mean": 97.65169205916956,
            "median": 97.7124183006536
        },
        "recall": {
            "90th": [
                0.8874979903536977,
                0.9385245360280033
            ],
            "95th": [
                0.8810270249578931,
                0.9431163697840912
            ],
            "99th": [
                0.870204663576345,
                0.9523824545591106
            ],
            "mean": 0.913113683418415,
            "median": 0.9134328358208955
        },
        "support": {
            "90th": [
                301.0,
                341.0
            ],
            "95th": [
                298.0,
                344.02499999999986
            ],
            "99th": [
                289.995,
                352.0049999999999
            ],
            "mean": 320.936,
            "median": 321.0
        },
        "user_accuracy": {
            "90th": [
                88.74979903536978,
                93.85245360280034
            ],
            "95th": [
                88.1027024957893,
                94.31163697840913
            ],
            "99th": [
                87.0204663576345,
                95.23824545591106
            ],
            "mean": 91.3113683418415,
            "median": 91.34328358208955
        }
    },
    "Other": {
        "f1-score": {
            "90th": [
                0.9219316693220039,
                0.9558848454636091
            ],
            "95th": [
                0.9180873384434622,
                0.9584045333901399
            ],
            "99th": [
                0.9125855442267656,
                0.9634565266038937
            ],
            "mean": 0.9395555383112237,
            "median": 0.939799331103679
        },
        "precision": {
            "90th": [
                0.877878291426265,
                0.933775988185615
            ],
            "95th": [
                0.8718861209964412,
                0.9383180599264217
            ],
            "99th": [
                0.8618408532143507,
                0.9484541054794974
            ],
            "mean": 0.9069958722249384,
            "median": 0.9075342465753424
        },
        "producer_accuracy": {
            "90th": [
                87.78782914262648,
                93.37759881856151
            ],
            "95th": [
                87.18861209964413,
                93.83180599264217
            ],
            "99th": [
                86.18408532143506,
                94.84541054794974
            ],
            "mean": 90.69958722249383,
            "median": 90.75342465753424
        },
        "recall": {
            "90th": [
                0.958898979015956,
                0.9893238434163701
            ],
            "95th": [
                0.9549815052099703,
                0.992619926199262
            ],
            "99th": [
                0.9489782836211408,
                0.9962407417798227
            ],
            "mean": 0.9747487591785688,
            "median": 0.975177304964539
        },
        "support": {
            "90th": [
                259.0,
                299.0
            ],
            "95th": [
                255.975,
                302.0
            ],
            "99th": [
                247.995,
                310.0049999999999
            ],
            "mean": 279.064,
            "median": 279.0
        },
        "user_accuracy": {
            "90th": [
                95.8898979015956,
                98.93238434163702
            ],
            "95th": [
                95.49815052099703,
                99.2619926199262
            ],
            "99th": [
                94.89782836211408,
                99.62407417798227
            ],
            "mean": 97.47487591785689,
            "median": 97.51773049645391
        }
    },
    "accuracy": {
        "90th": [
            0.925,
            0.9566666666666667
        ],
        "95th": [
            0.9233333333333333,
            0.96
        ],
        "99th": [
            0.9166666666666666,
            0.965
        ],
        "mean": 0.9417758333333334,
        "median": 0.9416666666666667
    },
    "cohen_kappa": {
        "90th": [
            0.8503256232255938,
            0.9133527808121789
        ],
        "95th": [
            0.8457451058574971,
            0.9197998783487585
        ],
        "99th": [
            0.8335552319490211,
            0.9295368509765234
        ],
        "mean": 0.8833833896506506,
        "median": 0.883379981340797
    },
    "macro avg": {
        "f1-score": {
            "90th": [
                0.924974783191017,
                0.956643061222221
            ],
            "95th": [
                0.9227048348116565,
                0.9598558712782791
            ],
            "99th": [
                0.9165097652864438,
                0.9647463436204856
            ],
            "mean": 0.9416118539075373,
            "median": 0.9416301855326246
        },
        "precision": {
            "90th": [
                0.9253426042798644,
                0.9568212134029839
            ],
            "95th": [
                0.9227006656637078,
                0.9596568491247568
            ],
            "99th": [
                0.9174352643759898,
                0.9640225271304037
            ],
            "mean": 0.941756396408317,
            "median": 0.9419022344725293
        },
        "recall": {
            "90th": [
                0.9285267672358776,
                0.9585543875303091
            ],
            "95th": [
                0.9255671356188307,
                0.9610043698190115
            ],
            "99th": [
                0.9195325918841404,
                0.9654119925213674
            ],
            "mean": 0.9439312212984919,
            "median": 0.9439673479937534
        }
    },
    "weighted avg": {
        "f1-score": {
            "90th": [
                0.9252381551895279,
                0.9567409885993171
            ],
            "95th": [
                0.923319360227988,
                0.9600144253058163
            ],
            "99th": [
                0.9167257419701766,
                0.9650038238512685
            ],
            "mean": 0.94184964372111,
            "median": 0.9417582866753698
        },
        "precision": {
            "90th": [
                0.9294174643410661,
                0.9585394539820911
            ],
            "95th": [
                0.9269889570067475,
                0.9611082055892588
            ],
            "99th": [
                0.9208404078086863,
                0.9651552111417786
            ],