{
    "Mangrove": {
        "f1-score": {
            "90th": [
                0.9717272198424032,
                0.9868561838870906
            ],
            "95th": [
                0.9700709687684383,
                0.9880580191569645
            ],
            "99th": [
                0.9674130449245534,
                0.9899397388346142
            ],
            "mean": 0.9795579577207196,
            "median": 0.9797570850202428
        },
        "precision": {
            "90th": [
                0.945009182975284,
                0.9740534050689118
            ],
            "95th": [
                0.941881371891392,
                0.9763978943920445
            ],
            "99th": [
                0.9368828845147527,
                0.9800798792899971
            ],
            "mean": 0.9599737095911196,
            "median": 0.9603174603174603
        },
        "producer_accuracy": {
            "90th": [
                94.5009182975284,
                97.40534050689118
            ],
            "95th": [
                94.1881371891392,
                97.63978943920445
            ],
            "99th": [
                93.68828845147526,
                98.00798792899971
            ],
            "mean": 95.99737095911196,
            "median": 96.03174603174604
        },
        "recall": {
            "90th": [
                1.0,
                1.0
            ],
            "95th": [
                1.0,
                1.0
            ],
            "99th": [
                1.0,
                1.0
            ],
            "mean": 1.0,
            "median": 1.0
        },
        "support": {
            "90th": [
                453.95,
                506.0
            ],
            "95th": [
                449.0,
                511.02499999999986
            ],
            "99th": [
                439.0,
                521.0049999999999
            ],
            "mean": 479.979,
            "median": 480.0
        },
        "user_accuracy": {
            "90th": [
                100.0,
                100.0
            ],
            "95th": [
                100.0,
                100.0
            ],
            "99th": [
                100.0,
                100.0
            ],
            "mean": 100.0,
            "median": 100.0
        }
    },
    "Other": {
        "f1-score": {
            "90th": [
                0.972972972972973,
                0.9871172307785814
            ],
            "95th": [
                0.9717505564115734,
                0.98865837999786
            ],
            "99th": [
                0.9689688446210186,
                0.9902917289021657
            ],
            "mean": 0.9803744764425198,
            "median": 0.9805068226120859
        },
        "precision": {
            "90th": [
                1.0,
                1.0
            ],
            "95th": [
                1.0,
                1.0
            ],
            "99th": [
                1.0,
                1.0
            ],
            "mean": 1.0,
            "median": 1.0
        },
        "producer_accuracy": {
            "90th": [
                100.0,
                100.0
            ],
            "95th": [
                100.0,
                100.0
            ],
            "99th": [
                100.0,
                100.0
            ],
            "mean": 100.0,
            "median": 100.0
        },
        "recall": {
            "90th": [
                0.9473684210526315,
                0.9745621712940312
            ],
            "95th": [
                0.9450533258490036,
                0.9775711396289579
            ],
            "99th": [
                0.9398055912972278,
                0.9807701465201465
            ],
            "mean": 0.961539215208842,
            "median": 0.9617590822179732
        },
        "support": {
            "90th": [
                494.0,
                546.05
            ],
            "95th": [
                488.975,
                551.0
            ],
            "99th": [
                478.995,
                561.0
            ],
            "mean": 520.021,
            "median": 520.0
        },
        "user_accuracy": {
            "90th": [
                94.73684210526315,
                97.45621712940313
            ],
            "95th": [
                94.50533258490036,
                97.7571139628958
            ],
            "99th": [
                93.98055912972278,
                98.07701465201464
            ],
            "mean": 96.15392152088421,
            "median": 96.17590822179733
        }
    },
    "accuracy": {
        "90th": [
            0.972,
            0.987
        ],
        "95th": [
            0.971,
            0.988
        ],
        "99th": [
            0.969,
            0.99
        ],
        "mean": 0.9799939999999999,
        "median": 0.98
    },
    "cohen_kappa": {
        "90th": [
            0.9440435564929063,
            0.9739854318418314
        ],
        "95th": [
            0.9419928534963794,
            0.9760019198464123
        ],
        "99th": [
            0.9378575943023526,
            0.9800007227738009
        ],
        "mean": 0.9599508075545811,
        "median": 0.9600069587531894
    },
    "macro avg": {
        "f1-score": {
            "90th": [
                0.9719998431977599,
                0.9869905160862269
            ],
            "95th": [
                0.9709720112015954,
                0.9879992319508448
            ],
            "99th": [
                0.9688988402873883,
                0.9899993613591774
            ],
            "mean": 0.9799662170816198,
            "median": 0.9799954789602369
        },
        "precision": {
            "90th": [
                0.9725045914876419,
                0.9870267025344559
            ],
            "95th": [
                0.970940685945696,
                0.9881989471960223
            ],
            "99th": [
                0.9684414422573764,
                0.9900399396449986
            ],
            "mean": 0.9799868547955598,
            "median": 0.9801587301587302
        },
        "recall": {
            "90th": [
                0.9736842105263157,
                0.9872810856470156
            ],
            "95th": [
                0.9725266629245019,
                0.988785569814479
            ],
            "99th": [
                0.9699027956486138,
                0.9903850732600733
            ],
            "mean": 0.980769607604421,
            "median": 0.9808795411089866
        }
    },
    "weighted avg": {
        "f1-score": {
            "90th": [
                0.9720952349853282,
                0.9870015380282987
            ],
            "95th": [
                0.9710260539145834,
                0.9880087076768498
            ],
            "99th": [
                0.9690009513909515,
                0.9900030077209713
            ],
            "mean": 0.9800026967175842,
            "median": 0.9800112087876897
        },
        "precision": {
            "90th": [
                0.9737265030515517,
                0.9873366869845965
            ],
            "95th": [
                0.9726852864729459,
                0.9883026012952951
            ],
            "99th": [
                0.9708660013358923,
                0.9902040921523249
            ],
            "mean": 0.9808323839824293,
            "median": 0.9808064516129031
        },
        "recall": {
            "90th": [
                0.972,
                0.987
            ],
            "95th": [
                0.971,
                0.988
            ],
            "99th": [
                0.969,
                0.99
            ],
            "mean": 0.9799939999999999,
            "median": 0.98
        }
    }
}