{
    "Mangrove": {
        "f1-score": {
            "90th": [
                0.9721234330569907,
                0.9901655416264866
            ],
            "95th": [
                0.9693856945039729,
                0.9916534490373584
            ],
            "99th": [
                0.9656284102744451,
                0.9949750415973377
            ],
            "mean": 0.9814502295107865,
            "median": 0.981574539363484
        },
        "precision": {
            "90th": [
                0.9579219728491573,
                0.9875776397515528
            ],
            "95th": [
                0.9545454545454546,
                0.9900998241271496
            ],
            "99th": [
                0.9478818845670732,
                0.9935296590697992
            ],
            "mean": 0.9731537037130437,
            "median": 0.973421926910299
        },
        "producer_accuracy": {
            "90th": [
                95.79219728491573,
                98.75776397515527
            ],
            "95th": [
                95.45454545454545,
                99.00998241271496
            ],
            "99th": [
                94.78818845670733,
                99.35296590697992
            ],
            "mean": 97.31537037130437,
            "median": 97.34219269102991
        },
        "recall": {
            "90th": [
                0.9795918367346939,
                1.0
            ],
            "95th": [
                0.9778463431786216,
                1.0
            ],
            "99th": [
                0.9732432462867245,
                1.0
            ],
            "mean": 0.989950721030931,
            "median": 0.9899665551839465
        },
        "support": {
            "90th": [
                275.0,
                314.0
            ],
            "95th": [
                272.0,
                318.0
            ],
            "99th": [
                263.995,
                324.0049999999999
            ],
            "mean": 294.9105,
            "median": 295.0
        },
        "user_accuracy": {
            "90th": [
                97.95918367346938,
                100.0
            ],
            "95th": [
                97.78463431786216,
                100.0
            ],
            "99th": [
                97.32432462867244,
                100.0
            ],
            "mean": 98.9950721030931,
            "median": 98.99665551839465
        }
    },
    "Other": {
        "f1-score": {
            "90th": [
                0.9721741932172654,
                0.9902327414101083
            ],
            "95th": [
                0.9705858244937319,
                0.9917627677100495
            ],
            "99th": [
                0.9657522437411431,
                0.9948895260147491
            ],
            "mean": 0.9817446858125477,
            "median": 0.9820554649265906
        },
        "precision": {
            "90th": [
                0.9799297434401024,
                1.0
            ],
            "95th": [
                0.9776321872142836,
                1.0
            ],
            "99th": [
                0.9730635180635181,
                1.0
            ],
            "mean": 0.9901167155853511,
            "median": 0.9901639344262295
        },
        "producer_accuracy": {
            "90th": [
                97.99297434401024,
                100.0
            ],
            "95th": [
                97.76321872142836,
                100.0
            ],
            "99th": [
                97.3063518063518,
                100.0
            ],
            "mean": 99.0116715585351,
            "median": 99.01639344262296
        },
        "recall": {
            "90th": [
                0.9579219728491573,
                0.9876217971851317
            ],
            "95th": [
                0.9553264604810997,
                0.9902920450986533
            ],
            "99th": [
                0.9471947194719472,
                0.9936711836831872
            ],
            "mean": 0.973571011768367,
            "median": 0.9741100323624595
        },
        "support": {
            "90th": [
                286.0,
                325.0
            ],
            "95th": [
                282.0,
                328.0
            ],
            "99th": [
                275.995,
                336.0049999999999
            ],
            "mean": 305.0895,
            "median": 305.0
        },
        "user_accuracy": {
            "90th": [
                95.79219728491573,
                98.76217971851317
            ],
            "95th": [
                95.53264604810997,
                99.02920450986534
            ],
            "99th": [
                94.71947194719472,
                99.36711836831871
            ],
            "mean": 97.35710117683671,
            "median": 97.41100323624595
        }
    },
    "accuracy": {
        "90th": [
            0.9716666666666667,
            0.99
        ],
        "95th": [
            0.97,
            0.9916666666666667
        ],
        "99th": [
            0.9666666666666667,
            0.995
        ],
        "mean": 0.9816266666666666,
        "median": 0.9816666666666667
    },
    "cohen_kappa": {
        "90th": [
            0.9433643570149213,
            0.9799966661110185
        ],
        "95th": [
            0.9399864135501956,
            0.9833233922122949
        ],
        "99th": [
            0.9331903489221003,
            0.9899955691439161
        ],
        "mean": 0.9631992175720793,
        "median": 0.9633129516397999
    },
    "macro avg": {
        "f1-score": {
            "90th": [
                0.9716665879627444,
                0.9899982219061166
            ],
            "95th": [
                0.9699879951980792,
                0.9916614875189941
            ],
            "99th": [
                0.9665936772258382,
                0.9949976600137521
            ],
            "mean": 0.9815974576616672,
            "median": 0.9816552011673962
        },
        "precision": {
            "90th": [
                0.972489432204047,
                0.9901089242203407
            ],
            "95th": [
                0.9699547435155503,
                0.9916833451791593
            ],
            "99th": [
                0.9662540390164794,
                0.9950055270076705
            ],
            "mean": 0.9816352096491975,
            "median": 0.9816942410471228
        },
        "recall": {
            "90th": [
                0.9725133045129007,
                0.9901424302790602
            ],
            "95th": [
                0.9704106125991702,
                0.991692324064392
            ],
            "99th": [
                0.9663448324336482,
                0.9949584885485839
            ],
            "mean": 0.9817608663996491,
            "median": 0.9818697215506876
        }
    },
    "weighted avg": {
        "f1-score": {
            "90th": [
                0.9716899287506391,
                0.9900014471618929
            ],
            "95th": [
                0.970008012580032,
                0.991666829882748
            ],
            "99th": [
                0.966646564994008,
                0.9949997920925178
            ],
            "mean": 0.9816278842496133,
            "median": 0.9816692141761436
        },
        "precision": {
            "90th": [
                0.9728696826651352,
                0.9900907054699879
            ],
            "95th": [
                0.970382373807266,
                0.9917144919663591
            ],
            "99th": [
                0.9667510241476002,
                0.9950053348336738
            ],
            "mean": 0.9818296144736928,
            "median": 0.9818190824993599
        },