{
    "Mangrove": {
        "f1-score": {
            "90th": [
                0.9925925925925926,
                1.0
            ],
            "95th": [
                0.9920424403183024,
                1.0
            ],
            "99th": [
                0.9886973962757709,
                1.0
            ],
            "mean": 0.9975202643720554,
            "median": 0.9975429975429976
        },
        "precision": {
            "90th": [
                1.0,
                1.0
            ],
            "95th": [
                1.0,
                1.0
            ],
            "99th": [
                1.0,
                1.0
            ],
            "mean": 1.0,
            "median": 1.0
        },
        "producer_accuracy": {
            "90th": [
                100.0,
                100.0
            ],
            "95th": [
                100.0,
                100.0
            ],
            "99th": [
                100.0,
                100.0
            ],
            "mean": 100.0,
            "median": 100.0
        },
        "recall": {
            "90th": [
                0.9852941176470589,
                1.0
            ],
            "95th": [
                0.9842105263157894,
                1.0
            ],
            "99th": [
                0.9776474386001898,
                1.0
            ],
            "mean": 0.9950651406940979,
            "median": 0.9950980392156863
        },
        "support": {
            "90th": [
                184.0,
                217.0
            ],
            "95th": [
                181.0,
                220.0
            ],
            "99th": [
                175.99,
                225.0
            ],
            "mean": 200.94,
            "median": 201.0
        },
        "user_accuracy": {
            "90th": [
                98.52941176470588,
                100.0
            ],
            "95th": [
                98.42105263157895,
                100.0
            ],
            "99th": [
                97.76474386001898,
                100.0
            ],
            "mean": 99.50651406940977,
            "median": 99.50980392156863
        }
    },
    "Other": {
        "f1-score": {
            "90th": [
                0.9924812030075187,
                1.0
            ],
            "95th": [
                0.9919571045576407,
                1.0
            ],
            "99th": [
                0.9888842034805889,
                1.0
            ],
            "mean": 0.9975050177681823,
            "median": 0.9975429975429976
        },
        "precision": {
            "90th": [
                0.9850746268656716,
                1.0
            ],
            "95th": [
                0.9840425531914894,
                1.0
            ],
            "99th": [
                0.9780128205128205,
                1.0
            ],
            "mean": 0.9950349999743249,
            "median": 0.9950980392156863
        },
        "producer_accuracy": {
            "90th": [
                98.50746268656717,
                100.0
            ],
            "95th": [
                98.40425531914893,
                100.0
            ],
            "99th": [
                97.80128205128204,
                100.0
            ],
            "mean": 99.50349999743248,
            "median": 99.50980392156863
        },
        "recall": {
            "90th": [
                1.0,
                1.0
            ],
            "95th": [
                1.0,
                1.0
            ],
            "99th": [
                1.0,
                1.0
            ],
            "mean": 1.0,
            "median": 1.0
        },
        "support": {
            "90th": [
                183.0,
                216.0
            ],
            "95th": [
                180.0,
                219.0
            ],
            "99th": [
                175.0,
                224.00999999999976
            ],
            "mean": 199.06,
            "median": 199.0
        },
        "user_accuracy": {
            "90th": [
                100.0,
                100.0
            ],
            "95th": [
                100.0,
                100.0
            ],
            "99th": [
                100.0,
                100.0
            ],
            "mean": 100.0,
            "median": 100.0
        }
    },
    "accuracy": {
        "90th": [
            0.9925,
            1.0
        ],
        "95th": [
            0.9925,
            1.0
        ],
        "99th": [
            0.9899875,
            1.0
        ],
        "mean": 0.99751875,
        "median": 0.9975
    },
    "cohen_kappa": {
        "90th": [
            0.9849894926448514,
            1.0
        ],
        "95th": [
            0.9849102157839142,
            1.0
        ],
        "99th": [
            0.9797103513207893,
            1.0
        ],
        "mean": 0.995025439675754,
        "median": 0.9949974987493747
    },
    "macro avg": {
        "f1-score": {
            "90th": [
                0.9924943238323983,
                1.0
            ],
            "95th": [
                0.9924546809273197,
                1.0
            ],
            "99th": [
                0.9898541441495519,
                1.0
            ],
            "mean": 0.9975126410701189,
            "median": 0.9974987337339529
        },
        "precision": {
            "90th": [
                0.9925373134328358,
                1.0
            ],
            "95th": [
                0.9920212765957447,
                1.0
            ],
            "99th": [
                0.9890064102564103,
                1.0
            ],
            "mean": 0.9975174999871624,
            "median": 0.9975490196078431
        },
        "recall": {
            "90th": [
                0.9926470588235294,
                1.0
            ],
            "95th": [
                0.9921052631578947,
                1.0
            ],
            "99th": [
                0.9888237193000948,
                1.0
            ],
            "mean": 0.9975325703470489,
            "median": 0.9975490196078431
        }
    },
    "weighted avg": {
        "f1-score": {
            "90th": [
                0.9925007032348805,
                1.0
            ],
            "95th": [
                0.9924967548958744,
                1.0
            ],
            "99th": [
                0.9899759413381076,
                1.0
            ],
            "mean": 0.9975187943073308,
            "median": 0.9975001094085064
        },
        "precision": {
            "90th": [
                0.9926130653266333,
                1.0
            ],
            "95th": [
                0.992605633802817,
                1.0
            ],
            "99th": [
                0.9901660080598734,
                1.0
            ],
            "mean": 0.9975434998273156,
            "median": 0.99751269035533
        },
        "recall": {
            "90th": [
                0.9925,
                1.0
            ],
            "95th": [
                0.9925,
                1.0
            ],
            "99th": [
                0.9899875,
                1.0
            ],
            "mean": 0.99751875,
            "median": 0.9975
        }
    }
}