{
    "Mangrove": {
        "f1-score": 0.936299292214358,
        "precision": 0.926,
        "recall": 0.9468302658486708,
        "support": 489
    },
    "Other": {
        "f1-score": 0.9376854599406529,
        "precision": 0.948,
        "recall": 0.9275929549902152,
        "support": 511
    },
    "accuracy": 0.937,
    "accuracy_conf_interval": [
        0.01260038799402621,
        0.01505900028554352,
        0.01790177074761041,
        0.019822561600358307
    ],
    "cls_confidence_intervals": {
        "Mangrove": [
            0.01919907031082494,
            0.022945230371473713,
            0.02727672794159885,
            0.030203415488980704
        ],
        "Other": [
            0.016284134708359554,
            0.019461526846576052,
            0.02313538650638888,
            0.025617724114370518
        ]
    },
    "cohen_kappa": 0.874,
    "confusion_matrix": [
        [
            463,
            26
        ],
        [
            37,
            474
        ]
    ],
    "macro avg": {
        "f1-score": 0.9369923760775054,
        "precision": 0.937,
        "recall": 0.937211610419443,
        "support": 1000
    },
    "producer_accuracy": [
        92.60000000000001,
        94.8
    ],
    "user_accuracy": [
        94.68302658486708,
        92.75929549902152
    ],
    "weighted avg": {
        "f1-score": 0.9370076239224947,
        "precision": 0.9372419999999999,
        "recall": 0.937,
        "support": 1000
    }
}