{
    "Mangrove": {
        "f1-score": {
            "90th": [
                0.9422382671480144,
                0.9702620633810592
            ],
            "95th": [
                0.9391304347826086,
                0.9723193237122683
            ],
            "99th": [
                0.9345132743362832,
                0.9767453335373317
            ],
            "mean": 0.9565419187762946,
            "median": 0.9568221070811744
        },
        "precision": {
            "90th": [
                0.8907849829351536,
                0.9422417384059983
            ],
            "95th": [
                0.8852459016393442,
                0.9461298107658868
            ],
            "99th": [
                0.8770764119601329,
                0.9545476468868752
            ],
            "mean": 0.9168342007860908,
            "median": 0.9172185430463576
        },
        "producer_accuracy": {
            "90th": [
                89.07849829351537,
                94.22417384059982
            ],
            "95th": [
                88.52459016393442,
                94.61298107658867
            ],
            "99th": [
                87.70764119601328,
                95.45476468868752
            ],
            "mean": 91.68342007860907,
            "median": 91.72185430463577
        },
        "recall": {
            "90th": [
                1.0,
                1.0
            ],
            "95th": [
                1.0,
                1.0
            ],
            "99th": [
                1.0,
                1.0
            ],
            "mean": 1.0,
            "median": 1.0
        },
        "support": {
            "90th": [
                255.0,
                296.0
            ],
            "95th": [
                251.0,
                300.0
            ],
            "99th": [
                243.995,
                305.0
            ],
            "mean": 275.314,
            "median": 275.0
        },
        "user_accuracy": {
            "90th": [
                100.0,
                100.0
            ],
            "95th": [
                100.0,
                100.0
            ],
            "99th": [
                100.0,
                100.0
            ],
            "mean": 100.0,
            "median": 100.0
        }
    },
    "Other": {
        "f1-score": {
            "90th": [
                0.9468591009035904,
                0.9723594693002144
            ],
            "95th": [
                0.9440769736842105,
                0.9748427672955975
            ],
            "99th": [
                0.9380223285486443,
                0.9786605740151604
            ],
            "mean": 0.95995061959443,
            "median": 0.9601328903654486
        },
        "precision": {
            "90th": [
                1.0,
                1.0
            ],
            "95th": [
                1.0,
                1.0
            ],
            "99th": [
                1.0,
                1.0
            ],
            "mean": 1.0,
            "median": 1.0
        },
        "producer_accuracy": {
            "90th": [
                100.0,
                100.0
            ],
            "95th": [
                100.0,
                100.0
            ],
            "99th": [
                100.0,
                100.0
            ],
            "mean": 100.0,
            "median": 100.0
        },
        "recall": {
            "90th": [
                0.8990811217549851,
                0.9462058378991121
            ],
            "95th": [
                0.8940774568111016,
                0.950920245398773
            ],
            "99th": [
                0.8832787677267172,
                0.9582128631291491
            ],
            "mean": 0.9230961236427451,
            "median": 0.9233226837060703
        },
        "support": {
            "90th": [
                304.0,
                345.0
            ],
            "95th": [
                300.0,
                349.0
            ],
            "99th": [
                295.0,
                356.0049999999999
            ],
            "mean": 324.686,
            "median": 325.0
        },
        "user_accuracy": {
            "90th": [
                89.9081121754985,
                94.62058378991121
            ],
            "95th": [
                89.40774568111016,
                95.0920245398773
            ],
            "99th": [
                88.32787677267171,
                95.8212863129149
            ],
            "mean": 92.30961236427451,
            "median": 92.33226837060703
        }
    },
    "accuracy": {
        "90th": [
            0.945,
            0.9716666666666667
        ],
        "95th": [
            0.9433333333333334,
            0.9733333333333334
        ],
        "99th": [
            0.9383250000000001,
            0.9766749999999998
        ],
        "mean": 0.958385,
        "median": 0.9583333333333334
    },
    "cohen_kappa": {
        "90th": [
            0.8899979214369873,
            0.9431399454872071
        ],
        "95th": [
            0.8860342408502,
            0.9465329991645781
        ],
        "99th": [
            0.8767014226898685,
            0.9533660034633871
        ],
        "mean": 0.916653665071287,
        "median": 0.9167443719195417
    },
    "macro avg": {
        "f1-score": {
            "90th": [
                0.9448320745895662,
                0.9715470533987318
            ],
            "95th": [
                0.9428325249243343,
                0.973247427851657
            ],
            "99th": [
                0.9381154103518523,
                0.9766703125741159
            ],
            "mean": 0.9582462691853622,
            "median": 0.9582998573855123
        },
        "precision": {
            "90th": [
                0.9453924914675769,
                0.9711208692029992
            ],
            "95th": [
                0.9426229508196722,
                0.9730649053829433
            ],
            "99th": [
                0.9385382059800664,
                0.9772738234434376
            ],
            "mean": 0.9584171003930454,
            "median": 0.9586092715231789
        },
        "recall": {
            "90th": [
                0.9495405608774925,
                0.9731029189495561
            ],
            "95th": [
                0.9470387284055508,
                0.9754601226993864
            ],
            "99th": [
                0.9416393838633585,
                0.9791064315645746
            ],
            "mean": 0.9615480618213724,
            "median": 0.9616613418530351
        }
    },
    "weighted avg": {
        "f1-score": {
            "90th": [
                0.9451358941953107,
                0.9716654624966552
            ],
            "95th": [
                0.9432795320811168,
                0.9733762140947451
            ],
            "99th": [
                0.9382309489531475,
                0.9767260873049488
            ],
            "mean": 0.9584586671371167,
            "median": 0.9584408021987317
        },
        "precision": {
            "90th": [
                0.950989113796248,
                0.9732257115187941
            ],
            "95th": [
                0.9493163070720279,
                0.9748047249731535
            ],
            "99th": [
                0.9453277998218879,
                0.9778447519091671
            ],
            "mean": 0.9619699527170132,
            "median": 0.96187641723356
        },
        "recall": {
            "90th": [
                0.945,
                0.9716666666666667
            ],
            "95th": [
                0.9433333333333334,
                0.9733333333333334
            ],
            "99th": [
                0.9383250000000001,
                0.9766749999999998
            ],
            "mean": 0.958385,