{
    "Mangrove": {
        "f1-score": {
            "90th": [
                0.9552502769642761,
                0.9742120343839542
            ],
            "95th": [
                0.9532677667930787,
                0.9757575757575757
            ],
            "99th": [
                0.9494316928223195,
                0.9786804190517334
            ],
            "mean": 0.9651197929582984,
            "median": 0.9655172413793104
        },
        "precision": {
            "90th": [
                0.9204081632653062,
                0.9548177895912785
            ],
            "95th": [
                0.9168275577557756,
                0.9571428571428572
            ],
            "99th": [
                0.909834168948115,
                0.9621558125474754
            ],
            "mean": 0.9382696080797086,
            "median": 0.9387351778656127
        },
        "producer_accuracy": {
            "90th": [
                92.04081632653062,
                95.48177895912785
            ],
            "95th": [
                91.68275577557756,
                95.71428571428572
            ],
            "99th": [
                90.98341689481148,
                96.21558125474753
            ],
            "mean": 93.82696080797085,
            "median": 93.87351778656127
        },
        "recall": {
            "90th": [
                0.9871794871794872,
                1.0
            ],
            "95th": [
                0.9854159055323591,
                1.0
            ],
            "99th": [
                0.982339169210952,
                1.0
            ],
            "mean": 0.9936234384961179,
            "median": 0.9937369519832986
        },
        "support": {
            "90th": [
                446.0,
                497.0
            ],
            "95th": [
                441.0,
                501.0
            ],
            "99th": [
                433.0,
                512.0
            ],
            "mean": 472.1765,
            "median": 472.0
        },
        "user_accuracy": {
            "90th": [
                98.71794871794873,
                100.0
            ],
            "95th": [
                98.5415905532359,
                100.0
            ],
            "99th": [
                98.2339169210952,
                100.0
            ],
            "mean": 99.36234384961179,
            "median": 99.37369519832986
        }
    },
    "Other": {
        "f1-score": {
            "90th": [
                0.9576599992054664,
                0.9757485269184804
            ],
            "95th": [
                0.9556645280470364,
                0.9772057648149576
            ],
            "99th": [
                0.9523800232288038,
                0.9797114120535361
            ],
            "mean": 0.9670117862200505,
            "median": 0.967098703888335
        },
        "precision": {
            "90th": [
                0.9878775610354558,
                1.0
            ],
            "95th": [
                0.9862204724409449,
                1.0
            ],
            "99th": [
                0.9837697448489378,
                1.0
            ],
            "mean": 0.9939807738629824,
            "median": 0.9940535124941066
        },
        "producer_accuracy": {
            "90th": [
                98.78775610354559,
                100.0
            ],
            "95th": [
                98.62204724409449,
                100.0
            ],
            "99th": [
                98.37697448489378,
                100.0
            ],
            "mean": 99.39807738629824,
            "median": 99.40535124941066
        },
        "recall": {
            "90th": [
                0.9242424242424242,
                0.9571456364647026
            ],
            "95th": [
                0.9213409225310467,
                0.9596173224568139
            ],
            "99th": [
                0.9133832915771892,
                0.9646185783611279
            ],
            "mean": 0.9415247901016519,
            "median": 0.941903771244849
        },
        "support": {
            "90th": [
                503.0,
                554.0
            ],
            "95th": [
                499.0,
                559.0
            ],
            "99th": [
                488.0,
                567.0
            ],
            "mean": 527.8235,
            "median": 528.0
        },
        "user_accuracy": {
            "90th": [
                92.42424242424242,
                95.71456364647027
            ],
            "95th": [
                92.13409225310468,
                95.96173224568139
            ],
            "99th": [
                91.33832915771893,
                96.46185783611278
            ],
            "mean": 94.15247901016518,
            "median": 94.19037712448491
        }
    },
    "accuracy": {
        "90th": [
            0.957,
            0.975
        ],
        "95th": [
            0.955,
            0.976
        ],
        "99th": [
            0.951,
            0.979
        ],
        "mean": 0.9661245,
        "median": 0.966
    },
    "cohen_kappa": {
        "90th": [
            0.9138167741401104,
            0.9499079304673647
        ],
        "95th": [
            0.9099985230311084,
            0.9520182378677677
        ],
        "99th": [
            0.9021526184307566,
            0.9580050796978604
        ],
        "mean": 0.9321893634253786,
        "median": 0.9320448503987369
    },
    "macro avg": {
        "f1-score": {
            "90th": [
                0.9568497941333782,
                0.9749492722763595
            ],
            "95th": [
                0.9549375700358967,
                0.9759991479695189
            ],
            "99th": [
                0.950994058519093,
                0.9789964630028649
            ],
            "mean": 0.9660657895891744,
            "median": 0.9659965996599661
        },
        "precision": {
            "90th": [
                0.9567522825310958,
                0.9746007103390322
            ],
            "95th": [
                0.955012411730797,
                0.9762437871114412
            ],
            "99th": [
                0.9515330635536393,
                0.9790003383254132
            ],
            "mean": 0.9661251909713455,
            "median": 0.9663732750164346
        },
        "recall": {
            "90th": [
                0.958562238251092,
                0.9760093105600198
            ],
            "95th": [
                0.9567911030862857,
                0.977456539510801
            ],
            "99th": [
                0.9539199934423108,
                0.9798632918493516
            ],
            "mean": 0.9675741142988848,
            "median": 0.9676777442656923
        }
    },
    "weighted avg": {
        "f1-score": {
            "90th": [
                0.956987924941905,
                0.9750132895301615
            ],
            "95th": [
                0.9549983327483327,
                0.9760289283242036
            ],
            "99th": [
                0.9510683544459547,
                0.9790096491108364
            ],
            "mean": 0.9661515688003471,
            "median": 0.966050470676114
        },
        "precision": {
            "90th": [
                0.9590746087591416,
                0.9759059775110315
            ],
            "95th": [
                0.9576143061088866,
                0.9771475250996017
            ],
            "99th": [
                0.9549621303321328,
                0.9797127655549638
            ],
            "mean": 0.9677384492182669,
            "median": 0.9678565994866025
        },
        "recall": {
            "90th": [
                0.957,
                0.975
            ],
            "95th": [
                0.955,
                0.976
            ],