{
    "Mangrove": {
        "f1-score": {
            "90th": [
                0.9235233834634177,
                0.9487437185929649
            ],
            "95th": [
                0.9207309223581421,
                0.9511208228674465
            ],
            "99th": [
                0.9142271852129222,
                0.9556244590365858
            ],
            "mean": 0.9366355109105795,
            "median": 0.9368735864897544
        },
        "precision": {
            "90th": [
                0.907840324654452,
                0.9446771833672842
            ],
            "95th": [
                0.9036597256076329,
                0.9485737753006748
            ],
            "99th": [
                0.8946280769572558,
                0.9558242914295806
            ],
            "mean": 0.9264594668265439,
            "median": 0.9268774703557312
        },
        "producer_accuracy": {
            "90th": [
                90.7840324654452,
                94.46771833672842
            ],
            "95th": [
                90.36597256076328,
                94.85737753006747
            ],
            "99th": [
                89.46280769572559,
                95.58242914295806
            ],
            "mean": 92.64594668265441,
            "median": 92.68774703557312
        },
        "recall": {
            "90th": [
                0.9293361884368309,
                0.9632065553494125
            ],
            "95th": [
                0.9262122608660031,
                0.9659343102340562
            ],
            "99th": [
                0.9188635268762677,
                0.970089814519275
            ],
            "mean": 0.9471616217084063,
            "median": 0.947593675903802
        },
        "support": {
            "90th": [
                463.0,
                515.0
            ],
            "95th": [
                458.0,
                519.0249999999999
            ],
            "99th": [
                447.995,
                528.0
            ],
            "mean": 489.132,
            "median": 489.5
        },
        "user_accuracy": {
            "90th": [
                92.93361884368309,
                96.32065553494125
            ],
            "95th": [
                92.6212260866003,
                96.59343102340563
            ],
            "99th": [
                91.88635268762678,
                97.0089814519275
            ],
            "mean": 94.71616217084063,
            "median": 94.7593675903802
        }
    },
    "Other": {
        "f1-score": {
            "90th": [
                0.9246415640254744,
                0.9498069498069497
            ],
            "95th": [
                0.9227569427435751,
                0.9523809523809523
            ],
            "99th": [
                0.916255330944033,
                0.9567012725441728
            ],
            "mean": 0.937984326685887,
            "median": 0.9382354750880647
        },
        "precision": {
            "90th": [
                0.9311062663357059,
                0.9640035928143712
            ],
            "95th": [
                0.9288502328493718,
                0.9667335226577788
            ],
            "99th": [
                0.9208333333333333,
                0.9718326659759752
            ],
            "mean": 0.9483078490169586,
            "median": 0.9487179487179487
        },
        "producer_accuracy": {
            "90th": [
                93.1106266335706,
                96.40035928143712
            ],
            "95th": [
                92.88502328493719,
                96.67335226577788
            ],
            "99th": [
                92.08333333333333,
                97.18326659759751
            ],
            "mean": 94.83078490169586,
            "median": 94.87179487179486
        },
        "recall": {
            "90th": [
                0.90838128965619,
                0.9463935935198822
            ],
            "95th": [
                0.9038057450854557,
                0.9494974951124144
            ],
            "99th": [
                0.8980759001636661,
                0.9549912316013088
            ],
            "mean": 0.927997213482641,
            "median": 0.9285714285714286
        },
        "support": {
            "90th": [
                485.0,
                537.0
            ],
            "95th": [
                480.975,
                542.0
            ],
            "99th": [
                472.0,
                552.0049999999999
            ],
            "mean": 510.868,
            "median": 510.5
        },
        "user_accuracy": {
            "90th": [
                90.838128965619,
                94.6393593519882
            ],
            "95th": [
                90.38057450854558,
                94.94974951124145
            ],
            "99th": [
                89.80759001636662,
                95.49912316013089
            ],
            "mean": 92.7997213482641,
            "median": 92.85714285714286
        }
    },
    "accuracy": {
        "90th": [
            0.925,
            0.949
        ],
        "95th": [
            0.923,
            0.951
        ],
        "99th": [
            0.916995,
            0.9560049999999999
        ],
        "mean": 0.9373765000000001,
        "median": 0.937
    },
    "cohen_kappa": {
        "90th": [
            0.8498630150144423,
            0.8979951853715091
        ],
        "95th": [
            0.8457066141080101,
            0.9019992747932575
        ],
        "99th": [
            0.8334512778492946,
            0.9120043432276906
        ],
        "mean": 0.8746432699693255,
        "median": 0.8740982029488067
    },
    "macro avg": {
        "f1-score": {
            "90th": [
                0.9249177247767655,
                0.9489915019786466
            ],
            "95th": [
                0.9228404749681168,
                0.9509918254272297
            ],
            "99th": [
                0.916724754094474,
                0.9560019910869175
            ],
            "mean": 0.9373099187982333,
            "median": 0.9369999369999371
        },
        "precision": {
            "90th": [
                0.9249050915627283,
                0.9490992305580623
            ],
            "95th": [
                0.9226654002598074,
                0.9511001004423906
            ],
            "99th": [
                0.9162612478377011,
                0.9562068327062643
            ],
            "mean": 0.9373836579217513,
            "median": 0.9375118856971274
        },
        "recall": {
            "90th": [
                0.92499812331098,
                0.9493054563747938
            ],
            "95th": [
                0.9230019331267492,
                0.951382415539314
            ],
            "99th": [
                0.916880564249362,
                0.9560125669560462
            ],
            "mean": 0.9375794175955237,
            "median": 0.9378357182449673
        }
    },
    "weighted avg": {
        "f1-score": {
            "90th": [
                0.9249938568207478,
                0.9490090021382429
            ],
            "95th": [
                0.922985483629364,
                0.9510155518647634
            ],
            "99th": [
                0.9169660099682844,
                0.956004282919355
            ],
            "mean": 0.9373834436473188,
            "median": 0.9370733378110345
        },
        "precision": {
            "90th": [
                0.9252123688074937,
                0.9493705565672305
            ],
            "95th": [
                0.9231211805655938,
                0.9513988319461063
            ],
            "99th": [
                0.9170010088284489,
                0.9560442404929594
            ],
            "mean": 0.9377327896056772,