{
    "Mangrove": {
        "f1-score": {
            "90th": [
                0.9534883720930233,
                0.9818181818181818
            ],
            "95th": [
                0.9503514007894484,
                0.9840564775644501
            ],
            "99th": [
                0.9431259786625467,
                0.9882909414954602
            ],
            "mean": 0.9682974148433172,
            "median": 0.96875
        },
        "precision": {
            "90th": [
                0.9162595088024342,
                0.967081087347128
            ],
            "95th": [
                0.910377358490566,
                0.9707462015193922
            ],
            "99th": [
                0.9004524886877828,
                0.9815668202764977
            ],
            "mean": 0.9428689232119541,
            "median": 0.9439252336448598
        },
        "producer_accuracy": {
            "90th": [
                91.62595088024342,
                96.70810873471281
            ],
            "95th": [
                91.0377358490566,
                97.0746201519392
            ],
            "99th": [
                90.04524886877829,
                98.15668202764977
            ],
            "mean": 94.28689232119542,
            "median": 94.39252336448598
        },
        "recall": {
            "90th": [
                0.9858457032996512,
                1.0
            ],
            "95th": [
                0.9849246231155779,
                1.0
            ],
            "99th": [
                0.9802950787689607,
                1.0
            ],
            "mean": 0.9952833038253325,
            "median": 0.9953917050691244
        },
        "support": {
            "90th": [
                197.0,
                230.0
            ],
            "95th": [
                194.0,
                234.0
            ],
            "99th": [
                187.0,
                239.00499999999988
            ],
            "mean": 213.0475,
            "median": 213.0
        },
        "user_accuracy": {
            "90th": [
                98.58457032996513,
                100.0
            ],
            "95th": [
                98.49246231155779,
                100.0
            ],
            "99th": [
                98.02950787689606,
                100.0
            ],
            "mean": 99.52833038253326,
            "median": 99.53917050691244
        }
    },
    "Other": {
        "f1-score": {
            "90th": [
                0.9558777089783281,
                0.9828326180257511
            ],
            "95th": [
                0.9523809523809524,
                0.9846843818976655
            ],
            "99th": [
                0.9466012660859442,
                0.9893394699711952
            ],
            "mean": 0.9699661738204243,
            "median": 0.9704641350210971
        },
        "precision": {
            "90th": [
                0.986784140969163,
                1.0
            ],
            "95th": [
                0.9858490566037735,
                1.0
            ],
            "99th": [
                0.981651376146789,
                1.0
            ],
            "mean": 0.9955431649323495,
            "median": 0.9956331877729258
        },
        "producer_accuracy": {
            "90th": [
                98.6784140969163,
                100.0
            ],
            "95th": [
                98.58490566037736,
                100.0
            ],
            "99th": [
                98.1651376146789,
                100.0
            ],
            "mean": 99.55431649323495,
            "median": 99.56331877729258
        },
        "recall": {
            "90th": [
                0.9208269089574155,
                0.9688957718780727
            ],
            "95th": [
                0.9144111969111969,
                0.9722276902887139
            ],
            "99th": [
                0.9061217512646084,
                0.9818239845261121
            ],
            "mean": 0.9457900301055906,
            "median": 0.9464285714285714
        },
        "support": {
            "90th": [
                220.0,
                253.0
            ],
            "95th": [
                216.0,
                256.0
            ],
            "99th": [
                210.995,
                263.0
            ],
            "mean": 236.9525,
            "median": 237.0
        },
        "user_accuracy": {
            "90th": [
                92.08269089574155,
                96.88957718780728
            ],
            "95th": [
                91.4411196911197,
                97.22276902887138
            ],
            "99th": [
                90.61217512646084,
                98.18239845261121
            ],
            "mean": 94.57900301055908,
            "median": 94.64285714285714
        }
    },
    "accuracy": {
        "90th": [
            0.9555555555555556,
            0.9822222222222222
        ],
        "95th": [
            0.9533333333333334,
            0.9844444444444445
        ],
        "99th": [
            0.9444444444444444,
            0.9888888888888889
        ],
        "mean": 0.9692177777777778,
        "median": 0.9688888888888889
    },
    "cohen_kappa": {
        "90th": [
            0.9109613502858994,
            0.964399086177075
        ],
        "95th": [
            0.9060521516082278,
            0.9688704417432552
        ],
        "99th": [
            0.8890422899769078,
            0.9777224236999296
        ],
        "mean": 0.9383169056764994,
        "median": 0.9378109452736318
    },
    "macro avg": {
        "f1-score": {
            "90th": [
                0.9554469542226032,
                0.9821940315416018
            ],
            "95th": [
                0.952973811221176,
                0.9844314514335419
            ],
            "99th": [
                0.9444220924672979,
                0.9888598330948588
            ],
            "mean": 0.9691317943318709,
            "median": 0.9688864305327828
        },
        "precision": {
            "90th": [
                0.9552899104714566,
                0.9821005215742058
            ],
            "95th": [
                0.9524882576604786,
                0.9843066844170404
            ],
            "99th": [
                0.9453280119848138,
                0.988426456846755
            ],
            "mean": 0.9692060440721518,
            "median": 0.9695652173913043
        },
        "recall": {
            "90th": [
                0.9570090619448878,
                0.9828857163319634
            ],
            "95th": [
                0.9541642358572585,
                0.9849154117951754
            ],
            "99th": [
                0.9480042800402757,
                0.9894519181540525
            ],
            "mean": 0.9705366669654616,
            "median": 0.970968249851808
        }
    },
    "weighted avg": {
        "f1-score": {
            "90th": [
                0.9555624912206772,
                0.9822306564367902
            ],
            "95th": [
                0.9532742877489355,
                0.9844482363276152
            ],
            "99th": [
                0.9445540937737276,
                0.9888941163411914
            ],
            "mean": 0.9692412120572618,
            "median": 0.9689513821359719
        },
        "precision": {
            "90th": [
                0.9579739729228246,
                0.9828252467204966
            ],
            "95th": [
                0.9551170163638899,
                0.9849241311796378
            ],
            "99th": [
                0.9490780946305544,
                0.9891437426850909
            ],
            "mean": 0.9707331623921429,
            "median": 0.9708597285067874
        },