{
    "Mangrove": {
        "f1-score": {
            "90th": [
                0.940119760479042,
                0.9625884732052579
            ],
            "95th": [
                0.9373681176580563,
                0.9646839175947068
            ],
            "99th": [
                0.9327725602803936,
                0.9679502442002441
            ],
            "mean": 0.9516328858531763,
            "median": 0.9517948717948719
        },
        "precision": {
            "90th": [
                0.9313881703194681,
                0.9638322142221503
            ],
            "95th": [
                0.9279968810916179,
                0.966004334038055
            ],
            "99th": [
                0.9229159044715448,
                0.9704144923822392
            ],
            "mean": 0.9477668280730045,
            "median": 0.9479166666666666
        },
        "producer_accuracy": {
            "90th": [
                93.13881703194681,
                96.38322142221503
            ],
            "95th": [
                92.7996881091618,
                96.60043340380548
            ],
            "99th": [
                92.29159044715448,
                97.04144923822392
            ],
            "mean": 94.77668280730045,
            "median": 94.79166666666666
        },
        "recall": {
            "90th": [
                0.9399567865568877,
                0.9707165882487016
            ],
            "95th": [
                0.9361268065373013,
                0.9727664964332036
            ],
            "99th": [
                0.9307674720905338,
                0.9775969690195884
            ],
            "mean": 0.9556249489239835,
            "median": 0.9560878243512974
        },
        "support": {
            "90th": [
                470.0,
                524.0
            ],
            "95th": [
                465.0,
                528.0
            ],
            "99th": [
                457.0,
                537.0049999999999
            ],
            "mean": 495.925,
            "median": 496.0
        },
        "user_accuracy": {
            "90th": [
                93.99567865568878,
                97.07165882487017
            ],
            "95th": [
                93.61268065373014,
                97.27664964332035
            ],
            "99th": [
                93.07674720905338,
                97.75969690195883
            ],
            "mean": 95.56249489239836,
            "median": 95.60878243512974
        }
    },
    "Other": {
        "f1-score": {
            "90th": [
                0.9401692626422754,
                0.9631785838250607
            ],
            "95th": [
                0.9382951838550925,
                0.9648246113379395
            ],
            "99th": [
                0.9341425304131739,
                0.9686276185687951
            ],
            "mean": 0.9520202131153933,
            "median": 0.952196987361843
        },
        "precision": {
            "90th": [
                0.9402682142336243,
                0.9709314387725562
            ],
            "95th": [
                0.9370074739133218,
                0.9731804716198602
            ],
            "99th": [
                0.9306915026945733,
                0.9782627691008864
            ],
            "mean": 0.9559817145519621,
            "median": 0.9562624254473161
        },
        "producer_accuracy": {
            "90th": [
                94.02682142336242,
                97.09314387725561
            ],
            "95th": [
                93.70074739133217,
                97.31804716198602
            ],
            "99th": [
                93.06915026945732,
                97.82627691008864
            ],
            "mean": 95.59817145519621,
            "median": 95.62624254473161
        },
        "recall": {
            "90th": [
                0.9316797067921291,
                0.9640724222632241
            ],
            "95th": [
                0.9285677768039732,
                0.9668615984405458
            ],
            "99th": [
                0.9218729046934866,
                0.9702971215488896
            ],
            "mean": 0.9481829893912084,
            "median": 0.9484331533300605
        },
        "support": {
            "90th": [
                476.0,
                530.0
            ],
            "95th": [
                472.0,
                535.0
            ],
            "99th": [
                462.995,
                543.0
            ],
            "mean": 504.075,
            "median": 504.0
        },
        "user_accuracy": {
            "90th": [
                93.1679706792129,
                96.40724222632241
            ],
            "95th": [
                92.85677768039731,
                96.68615984405457
            ],
            "99th": [
                92.18729046934865,
                97.02971215488895
            ],
            "mean": 94.81829893912084,
            "median": 94.84331533300605
        }
    },
    "accuracy": {
        "90th": [
            0.94,
            0.963
        ],
        "95th": [
            0.9389749999999999,
            0.9640249999999998
        ],
        "99th": [
            0.934995,
            0.9680049999999999
        ],
        "mean": 0.951875,
        "median": 0.952
    },
    "cohen_kappa": {
        "90th": [
            0.8800296806087924,
            0.9259396556293789
        ],
        "95th": [
            0.8771796785889922,
            0.9280533706770251
        ],
        "99th": [
            0.8692984176569074,
            0.936020152845675
        ],
        "mean": 0.9036595639171056,
        "median": 0.903980219906477
    },
    "macro avg": {
        "f1-score": {
            "90th": [
                0.9399997599990401,
                0.9629688568085759
            ],
            "95th": [
                0.9385821516108267,
                0.964022332459673
            ],
            "99th": [
                0.9346484991087797,
                0.9680038328982623
            ],
            "mean": 0.9518265494842848,
            "median": 0.9519877088534665
        },
        "precision": {
            "90th": [
                0.9406714194341285,
                0.9629369364939168
            ],
            "95th": [
                0.9384608455853056,
                0.9642337968262255
            ],
            "99th": [
                0.9344723917713992,
                0.9682166275530778
            ],
            "mean": 0.9518742713124831,
            "median": 0.9520464373998371
        },
        "recall": {
            "90th": [
                0.9405263924895507,
                0.9629718756269331
            ],
            "95th": [
                0.9382768560063042,
                0.9646955845768181
            ],
            "99th": [
                0.9348127564708091,
                0.9682443392975851
            ],
            "mean": 0.9519039691575959,
            "median": 0.9520623324446269
        }
    },
    "weighted avg": {
        "f1-score": {
            "90th": [
                0.9400416104183495,
                0.9629979124743759
            ],
            "95th": [
                0.9389220610694171,
                0.9640464613264381
            ],
            "99th": [
                0.9349819234305149,
                0.9680067301626866
            ],
            "mean": 0.9518757800901861,
            "median": 0.952001440144026
        },
        "precision": {
            "90th": [
                0.940550210713806,
                0.9630224489795918
            ],
            "95th": [
                0.9389878517763439,
                0.9644370943507865
            ],
            "99th": [
                0.9350062517647065,
                0.9683861629963737
            ],
            "mean": 0.9520014519475019,