overall accuracy,0.963
cohen kappa,0.926
""
Confidence Interval,90%,95%,98%,99%
Overall Accuracy,0.009789440106563812,0.011699574761503092,0.013908167956276635,0.015400460655447947
""
class,f1-score,precision,recall,support
Mangrove,0.9638318670576735,0.986,0.9426386233269598,523
Other,0.9621289662231319,0.94,0.9853249475890985,477
""
macro avg,0.9629804166404028,0.963,0.9639817854580292,1000
weighted (pixel) avg,0.9630195833595971,0.964058,0.963,1000
""
Confidence Interval,90%,95%,98%,99%
Mangrove,0.008617103736174936,0.01029848983103834,0.01224259250322415,0.013556175389836183
Other,0.01741800447812551,0.02081663949824756,0.02474631124026368,0.02740149484973403
""
Point Count Confusion Matrix
,Mangrove,Other,User Acc
Mangrove,493,30,94.26386233269598
Other,7,470,98.53249475890985
Producer,98.6,94.0
""
