overall accuracy,0.966
cohen kappa,0.9319999999999999
""
Confidence Interval,90%,95%,98%,99%
Overall Accuracy,0.009398788347441392,0.01123269826889337,0.013353156615572221,0.01478589874170658
""
class,f1-score,precision,recall,support
Mangrove,0.9650205761316873,0.938,0.9936440677966102,472
Other,0.9669260700389105,0.994,0.9412878787878788,528
""
macro avg,0.9659733230852989,0.966,0.9674659732922445,1000
weighted (pixel) avg,0.9660266769147011,0.967568,0.966,1000
""
Confidence Interval,90%,95%,98%,99%
Mangrove,0.01768707876388863,0.021138216083671783,0.025128593609671047,0.027824794640751632
Other,0.00566405762682544,0.006769239602791379,0.008047106262501998,0.008910529681225387
""
Point Count Confusion Matrix
,Mangrove,Other,User Acc
Mangrove,469,3,99.36440677966102
Other,31,497,94.12878787878788
Producer,93.8,99.4
""
