overall accuracy,0.994
cohen kappa,0.988
""
Confidence Interval,90%,95%,98%,99%
Overall Accuracy,0.004005093556959689,0.00478657522661036,0.005690163407143949,0.006300695961558535
""
class,f1-score,precision,recall,support
Mangrove,0.9940119760479043,0.996,0.9920318725099602,502
Other,0.9939879759519038,0.992,0.9959839357429718,498
""
macro avg,0.9939999759999041,0.994,0.994007904126466,1000
weighted (pixel) avg,0.9940000240000961,0.994008,0.994,1000
""
Confidence Interval,90%,95%,98%,99%
Mangrove,0.0046293339477726176,0.005532618620508739,0.0065770415233598785,0.007282732673934972
Other,0.006533707309024488,0.0078085770278585355,0.009282645140260401,0.010278637108099502
""
Point Count Confusion Matrix
,Mangrove,Other,User Acc
Mangrove,498,4,99.20318725099602
Other,2,496,99.59839357429718
Producer,99.6,99.2
""
