{
    "Mangrove": {
        "f1-score": 0.8872987477638641,
        "precision": 0.992,
        "recall": 0.8025889967637541,
        "support": 618
    },
    "Other": {
        "f1-score": 0.8571428571428572,
        "precision": 0.756,
        "recall": 0.9895287958115183,
        "support": 382
    },
    "accuracy": 0.874,
    "accuracy_conf_interval": [
        0.01721015718696375,
        0.02056823663807863,
        0.024451016003430207,
        0.027074515574613704
    ],
    "cls_confidence_intervals": {
        "Mangrove": [
            0.006533707309024488,
            0.0078085770278585355,
            0.009282645140260401,
            0.010278637108099502
        ],
        "Other": [
            0.031500297598594205,
            0.037646697130027225,
            0.044753471588246656,
            0.0495553462221787
        ]
    },
    "cohen_kappa": 0.748,
    "confusion_matrix": [
        [
            496,
            122
        ],
        [
            4,
            378
        ]
    ],
    "macro avg": {
        "f1-score": 0.8722208024533606,
        "precision": 0.874,
        "recall": 0.8960588962876361,
        "support": 1000
    },
    "producer_accuracy": [
        99.2,
        75.6
    ],
    "user_accuracy": [
        80.2588996763754,
        98.95287958115183
    ],
    "weighted avg": {
        "f1-score": 0.8757791975466395,
        "precision": 0.9018480000000001,
        "recall": 0.874,
        "support": 1000
    }
}