{
    "Mangrove": {
        "f1-score": {
            "90th": [
                0.9857718011736525,
                0.9958932238193019
            ],
            "95th": [
                0.9847094801223242,
                0.9961977186311786
            ],
            "99th": [
                0.9827956989247313,
                0.9979550310921914
            ],
            "mean": 0.9910515476230926,
            "median": 0.9911330049261085
        },
        "precision": {
            "90th": [
                0.9819639278557114,
                0.9961538461538462
            ],
            "95th": [
                0.9804677944593934,
                0.9979798998044965
            ],
            "99th": [
                0.9764956008044243,
                1.0
            ],
            "mean": 0.9900317993635489,
            "median": 0.9901574803149606
        },
        "producer_accuracy": {
            "90th": [
                98.19639278557113,
                99.61538461538461
            ],
            "95th": [
                98.04677944593934,
                99.79798998044966
            ],
            "99th": [
                97.64956008044243,
                100.0
            ],
            "mean": 99.0031799363549,
            "median": 99.01574803149606
        },
        "recall": {
            "90th": [
                0.9852616033755274,
                0.99800796812749
            ],
            "95th": [
                0.9836057158245531,
                0.9980952380952381
            ],
            "99th": [
                0.9803534412078647,
                1.0
            ],
            "mean": 0.9920915910695155,
            "median": 0.9921026576544971
        },
        "support": {
            "90th": [
                473.0,
                525.0
            ],
            "95th": [
                468.0,
                531.0
            ],
            "99th": [
                458.995,
                541.0049999999999
            ],
            "mean": 498.8105,
            "median": 499.0
        },
        "user_accuracy": {
            "90th": [
                98.52616033755274,
                99.800796812749
            ],
            "95th": [
                98.36057158245531,
                99.80952380952381
            ],
            "99th": [
                98.03534412078648,
                100.0
            ],
            "mean": 99.20915910695156,
            "median": 99.21026576544972
        }
    },
    "Other": {
        "f1-score": {
            "90th": [
                0.985857154541365,
                0.9958337664587664
            ],
            "95th": [
                0.9848008855714317,
                0.9961759082217974
            ],
            "99th": [
                0.9832507335458704,
                0.997890317566067
            ],
            "mean": 0.9910840463967059,
            "median": 0.9911764621073262
        },
        "precision": {
            "90th": [
                0.9853494694843141,
                0.99800796812749
            ],
            "95th": [
                0.9838375659428291,
                0.9980988593155894
            ],
            "99th": [
                0.9808410410680076,
                1.0
            ],
            "mean": 0.9921264408043781,
            "median": 0.9921491582880697
        },
        "producer_accuracy": {
            "90th": [
                98.53494694843141,
                99.800796812749
            ],
            "95th": [
                98.3837565942829,
                99.80988593155894
            ],
            "99th": [
                98.08410410680075,
                100.0
            ],
            "mean": 99.21264408043781,
            "median": 99.21491582880697
        },
        "recall": {
            "90th": [
                0.9820341317365269,
                0.9961542152664994
            ],
            "95th": [
                0.980175774421369,
                0.9980119284294234
            ],
            "99th": [
                0.9769671489738668,
                1.0
            ],
            "mean": 0.9900618122178585,
            "median": 0.9901574803149606
        },
        "support": {
            "90th": [
                475.0,
                527.0
            ],
            "95th": [
                469.0,
                532.0
            ],
            "99th": [
                458.995,
                541.0049999999999
            ],
            "mean": 501.1895,
            "median": 501.0
        },
        "user_accuracy": {
            "90th": [
                98.20341317365269,
                99.61542152664992
            ],
            "95th": [
                98.01757744213691,
                99.80119284294234
            ],
            "99th": [
                97.69671489738668,
                100.0
            ],
            "mean": 99.00618122178584,
            "median": 99.01574803149606
        }
    },
    "accuracy": {
        "90th": [
            0.986,
            0.996
        ],
        "95th": [
            0.985,
            0.996
        ],
        "99th": [
            0.983,
            0.998
        ],
        "mean": 0.9910765,
        "median": 0.991
    },
    "cohen_kappa": {
        "90th": [
            0.9719717475215017,
            0.9919815575824397
        ],
        "95th": [
            0.9699637341483686,
            0.9919997439918078
        ],
        "99th": [
            0.9659931959185961,
            0.9959891587755546
        ],
        "mean": 0.9821357978685994,
        "median": 0.9819985598847908
    },
    "macro avg": {
        "f1-score": {
            "90th": [
                0.9859856493048882,
                0.9959907627173008
            ],
            "95th": [
                0.9849814911575798,
                0.9959998559948158
            ],
            "99th": [
                0.9829961741391813,
                0.9979945793877774
            ],
            "mean": 0.9910677970098992,
            "median": 0.9909992709409462
        },
        "precision": {
            "90th": [
                0.9859817285704126,
                0.9959629240874144
            ],
            "95th": [
                0.9849672516443152,
                0.9961014799476947
            ],
            "99th": [
                0.9830145754268873,
                0.9979593606417876
            ],
            "mean": 0.9910791200839635,
            "median": 0.9910253405918146
        },
        "recall": {
            "90th": [
                0.9859644068881634,
                0.9959367885227697
            ],
            "95th": [
                0.9849477923971586,
                0.9960869844120854
            ],
            "99th": [
                0.9830334876896012,
                0.9979945793877774
            ],
            "mean": 0.9910767016436869,
            "median": 0.9910266275509386
        }
    },
    "weighted avg": {
        "f1-score": {
            "90th": [
                0.985999487442668,
                0.9959997453419203
            ],
            "95th": [
                0.9849988396079542,
                0.9960003687803392
            ],
            "99th": [
                0.9830004563169957,
                0.998
            ],
            "mean": 0.9910764973591999,
            "median": 0.9910003061658303
        },
        "precision": {
            "90th": [
                0.9860072118348371,
                0.996
            ],
            "95th": [
                0.985002539318522,
                0.9960307736943907
            ],
            "99th": [
                0.9830398402125266,
                0.998
            ],
            "mean": 0.9910966838255247,
            "median": 0.9910193072087332
        },
        "recall": {
            "90th": [
                0.986,
                0.996
            ],