{
    "Mangrove": {
        "f1-score": {
            "90th": [
                0.933980582524272,
                0.9575070821529745
            ],
            "95th": [
                0.9318850547280954,
                0.9597646159746427
            ],
            "99th": [
                0.9273225680090158,
                0.9638791491610225
            ],
            "mean": 0.9460423133013199,
            "median": 0.9463414634146341
        },
        "precision": {
            "90th": [
                0.972340005045833,
                0.9917695473251029
            ],
            "95th": [
                0.9703134662956092,
                0.9921263709914453
            ],
            "99th": [
                0.9661349695557393,
                0.9960707654378058
            ],
            "mean": 0.9823795085033206,
            "median": 0.9825581395348837
        },
        "producer_accuracy": {
            "90th": [
                97.23400050458329,
                99.1769547325103
            ],
            "95th": [
                97.03134662956091,
                99.21263709914454
            ],
            "99th": [
                96.61349695557392,
                99.60707654378058
            ],
            "mean": 98.23795085033206,
            "median": 98.25581395348837
        },
        "recall": {
            "90th": [
                0.8919875182445015,
                0.9317844498910675
            ],
            "95th": [
                0.8876611418047882,
                0.9350204618733982
            ],
            "99th": [
                0.8816999464928494,
                0.9428044280442804
            ],
            "mean": 0.9123889497933589,
            "median": 0.9129646075916058
        },
        "support": {
            "90th": [
                513.0,
                563.0
            ],
            "95th": [
                507.0,
                569.0249999999999
            ],
            "99th": [
                498.995,
                576.0
            ],
            "mean": 537.819,
            "median": 538.0
        },
        "user_accuracy": {
            "90th": [
                89.19875182445014,
                93.17844498910675
            ],
            "95th": [
                88.76611418047882,
                93.50204618733981
            ],
            "99th": [
                88.16999464928494,
                94.28044280442805
            ],
            "mean": 91.2388949793359,
            "median": 91.29646075916058
        }
    },
    "Other": {
        "f1-score": {
            "90th": [
                0.929269912546694,
                0.9542625742426936
            ],
            "95th": [
                0.9268279926523115,
                0.9566076516076515
            ],
            "99th": [
                0.9218223465098652,
                0.9608494497040491
            ],
            "mean": 0.9418510525987654,
            "median": 0.9418470561813281
        },
        "precision": {
            "90th": [
                0.8840850203581903,
                0.9263834172876849
            ],
            "95th": [
                0.8808557832691352,
                0.9306998011516633
            ],
            "99th": [
                0.8739624920534012,
                0.9369993708865658
            ],
            "mean": 0.9058672952237644,
            "median": 0.905982905982906
        },
        "producer_accuracy": {
            "90th": [
                88.40850203581901,
                92.63834172876848
            ],
            "95th": [
                88.08557832691352,
                93.06998011516633
            ],
            "99th": [
                87.39624920534011,
                93.69993708865658
            ],
            "mean": 90.58672952237644,
            "median": 90.5982905982906
        },
        "recall": {
            "90th": [
                0.9700579568913564,
                0.9912087912087912
            ],
            "95th": [
                0.9671034557547715,
                0.9916331039762002
            ],
            "99th": [
                0.9635966475558932,
                0.9956238222492251
            ],
            "mean": 0.980931894169416,
            "median": 0.98107005101406
        },
        "support": {
            "90th": [
                437.0,
                487.0
            ],
            "95th": [
                430.975,
                493.0
            ],
            "99th": [
                424.0,
                501.0049999999999
            ],
            "mean": 462.181,
            "median": 462.0
        },
        "user_accuracy": {
            "90th": [
                97.00579568913565,
                99.12087912087912
            ],
            "95th": [
                96.71034557547715,
                99.16331039762001
            ],
            "99th": [
                96.35966475558932,
                99.56238222492252
            ],
            "mean": 98.09318941694157,
            "median": 98.107005101406
        }
    },
    "accuracy": {
        "90th": [
            0.932,
            0.956
        ],
        "95th": [
            0.93,
            0.958
        ],
        "99th": [
            0.925,
            0.963
        ],
        "mean": 0.944076,
        "median": 0.944
    },
    "cohen_kappa": {
        "90th": [
            0.8641779810927457,
            0.9118316158453523
        ],
        "95th": [
            0.8600735575029719,
            0.9159039285450212
        ],
        "99th": [
            0.8503087351711817,
            0.9255670110824388
        ],
        "mean": 0.8880695868394398,
        "median": 0.8880823704287903
    },
    "macro avg": {
        "f1-score": {
            "90th": [
                0.9319208238546794,
                0.9558811525613379
            ],
            "95th": [
                0.929863570385063,
                0.9579033965752308
            ],
            "99th": [
                0.9249368268280758,
                0.9627562153191109
            ],
            "mean": 0.9439466829500427,
            "median": 0.9439649219009345
        },
        "precision": {
            "90th": [
                0.9325314869406908,
                0.9557906324547037
            ],
            "95th": [
                0.9302532533990443,
                0.9576587721020834
            ],
            "99th": [
                0.9256398205810518,
                0.9621067437593128
            ],
            "mean": 0.9441234018635423,
            "median": 0.944
        },
        "recall": {
            "90th": [
                0.9354260744134655,
                0.9576637143761633
            ],
            "95th": [
                0.9329764677544445,
                0.9597190026069088
            ],
            "99th": [
                0.9286231037122448,
                0.9643086391115369
            ],
            "mean": 0.9466604219813874,
            "median": 0.9470231083212928
        }
    },
    "weighted avg": {
        "f1-score": {
            "90th": [
                0.9321222175838522,
                0.9560344755051821
            ],
            "95th": [
                0.9300313060035843,
                0.9580277460940622
            ],
            "99th": [
                0.9251279131078858,
                0.9630097222531999
            ],
            "mean": 0.9441569810560291,
            "median": 0.9441346003881932
        },
        "precision": {
            "90th": [
                0.9362398978673158,
                0.9577263979208878
            ],
            "95th": [
                0.9342824089414588,
                0.9596010413900523
            ],
            "99th": [
                0.9308512765186515,
                0.96430671472571
            ],
            "mean": 0.9471073792251771,
            "median": 0.9473082287913912
        },