{
    "Mangrove": {
        "f1-score": {
            "90th": [
                0.8517200474495848,
                0.8916671417711897
            ],
            "95th": [
                0.8477272727272728,
                0.8954913216731224
            ],
            "99th": [
                0.840275034487083,
                0.9013185820808912
            ],
            "mean": 0.8719090436251162,
            "median": 0.8719684991254001
        },
        "precision": {
            "90th": [
                0.7448950874909064,
                0.8070937292476995
            ],
            "95th": [
                0.7399038612401154,
                0.8136695160199249
            ],
            "99th": [
                0.725995730994152,
                0.823170731707317
            ],
            "mean": 0.7762442103915602,
            "median": 0.7763844117724139
        },
        "producer_accuracy": {
            "90th": [
                74.48950874909063,
                80.70937292476994
            ],
            "95th": [
                73.99038612401154,
                81.3669516019925
            ],
            "99th": [
                72.5995730994152,
                82.3170731707317
            ],
            "mean": 77.62442103915603,
            "median": 77.63844117724139
        },
        "recall": {
            "90th": [
                0.9876222268628848,
                1.0
            ],
            "95th": [
                0.9868412373281489,
                1.0
            ],
            "99th": [
                0.9838268340560179,
                1.0
            ],
            "mean": 0.9947962058378514,
            "median": 0.9949238578680203
        },
        "support": {
            "90th": [
                366.0,
                416.0
            ],
            "95th": [
                360.975,
                420.0
            ],
            "99th": [
                350.995,
                428.0049999999999
            ],
            "mean": 390.4135,
            "median": 390.0
        },
        "user_accuracy": {
            "90th": [
                98.76222268628847,
                100.0
            ],
            "95th": [
                98.68412373281488,
                100.0
            ],
            "99th": [
                98.38268340560178,
                100.0
            ],
            "mean": 99.47962058378515,
            "median": 99.49238578680203
        }
    },
    "Other": {
        "f1-score": {
            "90th": [
                0.881351460131479,
                0.9127830018713748
            ],
            "95th": [
                0.8790382342043509,
                0.915876308076044
            ],
            "99th": [
                0.8723592000925658,
                0.9225289403383794
            ],
            "mean": 0.8971659354285969,
            "median": 0.8972296693476318
        },
        "precision": {
            "90th": [
                0.9903288201160542,
                1.0
            ],
            "95th": [
                0.9897953966862819,
                1.0
            ],
            "99th": [
                0.9875517378214475,
                1.0
            ],
            "mean": 0.9959336996598738,
            "median": 0.996031746031746
        },
        "producer_accuracy": {
            "90th": [
                99.03288201160542,
                100.0
            ],
            "95th": [
                98.97953966862819,
                100.0
            ],
            "99th": [
                98.75517378214474,
                100.0
            ],
            "mean": 99.59336996598739,
            "median": 99.60317460317461
        },
        "recall": {
            "90th": [
                0.7905790043290044,
                0.841684214132672
            ],
            "95th": [
                0.7862906407678592,
                0.8474589874037598
            ],
            "99th": [
                0.7763346027885069,
                0.8587674845646156
            ],
            "mean": 0.8163553572653612,
            "median": 0.8165436835891382
        },
        "support": {
            "90th": [
                584.0,
                634.0
            ],
            "95th": [
                580.0,
                639.0249999999999
            ],
            "99th": [
                571.995,
                649.0049999999999
            ],
            "mean": 609.5865,
            "median": 610.0
        },
        "user_accuracy": {
            "90th": [
                79.05790043290044,
                84.1684214132672
            ],
            "95th": [
                78.62906407678591,
                84.74589874037598
            ],
            "99th": [
                77.63346027885069,
                85.87674845646156
            ],
            "mean": 81.63553572653612,
            "median": 81.65436835891381
        }
    },
    "accuracy": {
        "90th": [
            0.87,
            0.903
        ],
        "95th": [
            0.867,
            0.906
        ],
        "99th": [
            0.86,
            0.913
        ],
        "mean": 0.8860135,
        "median": 0.886
    },
    "cohen_kappa": {
        "90th": [
            0.7395804330675563,
            0.8041551365692504
        ],
        "95th": [
            0.7333897456195898,
            0.8112456104667892
        ],
        "99th": [
            0.7224648787261273,
            0.823870501714113
        ],
        "mean": 0.771932260316549,
        "median": 0.7717877904266468
    },
    "macro avg": {
        "f1-score": {
            "90th": [
                0.8678043955798072,
                0.9012014900837392
            ],
            "95th": [
                0.8644176058346599,
                0.9048147881845173
            ],
            "99th": [
                0.858640988231489,
                0.9112864511325792
            ],
            "mean": 0.8845374895268566,
            "median": 0.8845042523898932
        },
        "precision": {
            "90th": [
                0.8702467733604188,
                0.901940626416571
            ],
            "95th": [
                0.8671957586499454,
                0.9052226158290284
            ],
            "99th": [
                0.8619977320268501,
                0.9098214552540124
            ],
            "mean": 0.8860889550257172,
            "median": 0.885960446979867
        },
        "recall": {
            "90th": [
                0.8926354115020427,
                0.9187530144694533
            ],
            "95th": [
                0.8904092232514994,
                0.9215725427551212
            ],
            "99th": [
                0.8845625246713288,
                0.9269297463825129
            ],
            "mean": 0.9055757815516063,
            "median": 0.9054937867887509
        }
    },
    "weighted avg": {
        "f1-score": {
            "90th": [
                0.8714716307937718,
                0.9038874557339817
            ],
            "95th": [
                0.8683397511054408,
                0.9069841398244971
            ],
            "99th": [
                0.8618832972652136,
                0.9135290064685966
            ],
            "mean": 0.887411928250942,
            "median": 0.8874085791529558
        },
        "precision": {
            "90th": [
                0.900205801631109,
                0.9207653115207192
            ],
            "95th": [
                0.8985783708370614,
                0.9230722282800364
            ],
            "99th": [
                0.8948616830031952,
                0.9273791572518314
            ],
            "mean": 0.9103410656580647,
            "median": 0.9101465981432253
        },
        "recall": {
            "90th": [
                0.87,
                0.903
            ],