{
    "Mangrove": {
        "f1-score": {
            "90th": [
                0.9530846809250565,
                0.9824561403508771
            ],
            "95th": [
                0.9497460323198728,
                0.9849246231155778
            ],
            "99th": [
                0.9439978329571106,
                0.9879529465379246
            ],
            "mean": 0.9681962355682917,
            "median": 0.9685230024213076
        },
        "precision": {
            "90th": [
                0.9620853080568721,
                0.9950248756218906
            ],
            "95th": [
                0.9581389260927797,
                0.995349375538329
            ],
            "99th": [
                0.9518667637509549,
                1.0
            ],
            "mean": 0.9799309117158452,
            "median": 0.9801980198019802
        },
        "producer_accuracy": {
            "90th": [
                96.2085308056872,
                99.50248756218906
            ],
            "95th": [
                95.81389260927797,
                99.5349375538329
            ],
            "99th": [
                95.18667637509549,
                100.0
            ],
            "mean": 97.99309117158452,
            "median": 98.01980198019803
        },
        "recall": {
            "90th": [
                0.9323633756038647,
                0.9794924123495552
            ],
            "95th": [
                0.9285714285714286,
                0.9818202385849445
            ],
            "99th": [
                0.9162498768472906,
                0.9890124581301052
            ],
            "mean": 0.9568852717034799,
            "median": 0.957345971563981
        },
        "support": {
            "90th": [
                189.0,
                221.0
            ],
            "95th": [
                185.975,
                224.0
            ],
            "99th": [
                180.0,
                228.0
            ],
            "mean": 205.0545,
            "median": 205.0
        },
        "user_accuracy": {
            "90th": [
                93.23633756038647,
                97.94924123495551
            ],
            "95th": [
                92.85714285714286,
                98.18202385849445
            ],
            "99th": [
                91.62498768472905,
                98.90124581301052
            ],
            "mean": 95.68852717034798,
            "median": 95.73459715639811
        }
    },
    "Other": {
        "f1-score": {
            "90th": [
                0.9516129032258065,
                0.9818228799624149
            ],
            "95th": [
                0.9484029484029485,
                0.9841989426161342
            ],
            "99th": [
                0.9417942481652158,
                0.9881240743328211
            ],
            "mean": 0.967346345754998,
            "median": 0.967741935483871
        },
        "precision": {
            "90th": [
                0.9320388349514563,
                0.979381443298969
            ],
            "95th": [
                0.9253696470916446,
                0.9815668202764977
            ],
            "99th": [
                0.9153400600888039,
                0.9890754318038277
            ],
            "mean": 0.9557633600719323,
            "median": 0.9558417289567761
        },
        "producer_accuracy": {
            "90th": [
                93.20388349514563,
                97.9381443298969
            ],
            "95th": [
                92.53696470916445,
                98.15668202764977
            ],
            "99th": [
                91.53400600888038,
                98.90754318038279
            ],
            "mean": 95.57633600719322,
            "median": 95.58417289567761
        },
        "recall": {
            "90th": [
                0.9601990049751243,
                0.9948979591836735
            ],
            "95th": [
                0.9565217391304348,
                0.9952386594448206
            ],
            "99th": [
                0.949233318429289,
                1.0
            ],
            "mean": 0.9793736771524096,
            "median": 0.9798994974874372
        },
        "support": {
            "90th": [
                179.0,
                211.0
            ],
            "95th": [
                176.0,
                214.02499999999986
            ],
            "99th": [
                172.0,
                220.0
            ],
            "mean": 194.9455,
            "median": 195.0
        },
        "user_accuracy": {
            "90th": [
                96.01990049751244,
                99.48979591836735
            ],
            "95th": [
                95.65217391304348,
                99.52386594448205
            ],
            "99th": [
                94.9233318429289,
                100.0
            ],
            "mean": 97.93736771524097,
            "median": 97.98994974874373
        }
    },
    "accuracy": {
        "90th": [
            0.9525,
            0.9825
        ],
        "95th": [
            0.95,
            0.985
        ],
        "99th": [
            0.9449875,
            0.9875
        ],
        "mean": 0.96785125,
        "median": 0.9675
    },
    "cohen_kappa": {
        "90th": [
            0.9049286965223918,
            0.9649228302264983
        ],
        "95th": [
            0.899569655580649,
            0.9698594506845108
        ],
        "99th": [
            0.8894463576363099,
            0.975
        ],
        "mean": 0.9355587071284729,
        "median": 0.9349902485372806
    },
    "macro avg": {
        "f1-score": {
            "90th": [
                0.952449775074923,
                0.9824604263369225
            ],
            "95th": [
                0.949753793588584,
                0.9849263935272744
            ],
            "99th": [
                0.9447175068461531,
                0.987499296835447
            ],
            "mean": 0.9677712906616448,
            "median": 0.9674900438259217
        },
        "precision": {
            "90th": [
                0.9525819989249731,
                0.9824108586983987
            ],
            "95th": [
                0.9496130276373584,
                0.9846484509098702
            ],
            "99th": [
                0.9441897688562195,
                0.987624042563731
            ],
            "mean": 0.9678471358938888,
            "median": 0.9678900052941976
        },
        "recall": {
            "90th": [
                0.9526763591657602,
                0.982423933254347
            ],
            "95th": [
                0.9500486575508222,
                0.9849818278798658
            ],
            "99th": [
                0.9450000000000001,
                0.9876853695235314
            ],
            "mean": 0.9681294744279448,
            "median": 0.96811313111665
        }
    },
    "weighted avg": {
        "f1-score": {
            "90th": [
                0.9525014252204641,
                0.9824979281798674
            ],
            "95th": [
                0.949991187223418,
                0.9849996343658591
            ],
            "99th": [
                0.9449387707128369,
                0.9875030783396329
            ],
            "mean": 0.9678562814387038,
            "median": 0.9675175310605406
        },
        "precision": {
            "90th": [
                0.9528826988944915,
                0.9825934627691058
            ],
            "95th": [
                0.9503246651526226,
                0.985048523510005
            ],
            "99th": [
                0.9452658487767684,
                0.9876291197419242
            ],
            "mean": 0.9682932608308438,
            "median": 0.9681182186968698
        },