{
    "Mangrove": {
        "f1-score": {
            "90th": [
                0.9852941176470589,
                0.9951969260326609
            ],
            "95th": [
                0.9842193450114242,
                0.996078623230114
            ],
            "99th": [
                0.9822728300094449,
                0.9980353827189029
            ],
            "mean": 0.9908786392748768,
            "median": 0.9910802775024777
        },
        "precision": {
            "90th": [
                0.9818548387096774,
                0.9961244058596854
            ],
            "95th": [
                0.979918668638336,
                0.9979758107389687
            ],
            "99th": [
                0.9777750172532781,
                1.0
            ],
            "mean": 0.9900054464866194,
            "median": 0.9901380670611439
        },
        "producer_accuracy": {
            "90th": [
                98.18548387096774,
                99.61244058596854
            ],
            "95th": [
                97.99186686383361,
                99.79758107389686
            ],
            "99th": [
                97.77750172532781,
                100.0
            ],
            "mean": 99.00054464866191,
            "median": 99.0138067061144
        },
        "recall": {
            "90th": [
                0.984251968503937,
                0.9980119284294234
            ],
            "95th": [
                0.9830141596330054,
                0.9980732177263969
            ],
            "99th": [
                0.9801184874719617,
                1.0
            ],
            "mean": 0.9917710672610046,
            "median": 0.992
        },
        "support": {
            "90th": [
                473.0,
                524.0
            ],
            "95th": [
                469.0,
                528.0
            ],
            "99th": [
                460.985,
                537.0
            ],
            "mean": 498.807,
            "median": 499.0
        },
        "user_accuracy": {
            "90th": [
                98.4251968503937,
                99.80119284294234
            ],
            "95th": [
                98.30141596330056,
                99.8073217726397
            ],
            "99th": [
                98.01184874719617,
                100.0
            ],
            "mean": 99.17710672610046,
            "median": 99.2
        }
    },
    "Other": {
        "f1-score": {
            "90th": [
                0.9855588486583738,
                0.9951876804619827
            ],
            "95th": [
                0.9844338703983965,
                0.9960862967832681
            ],
            "99th": [
                0.9824920953258532,
                0.9979508614921379
            ],
            "mean": 0.9909181562880683,
            "median": 0.9910625620655411
        },
        "precision": {
            "90th": [
                0.9844645083298704,
                0.9979838709677419
            ],
            "95th": [
                0.9834333951425719,
                0.9980545691511465
            ],
            "99th": [
                0.9802753498731477,
                1.0
            ],
            "mean": 0.991810884971017,
            "median": 0.9920318725099602
        },
        "producer_accuracy": {
            "90th": [
                98.44645083298704,
                99.79838709677419
            ],
            "95th": [
                98.3433395142572,
                99.80545691511465
            ],
            "99th": [
                98.02753498731478,
                100.0
            ],
            "mean": 99.18108849710171,
            "median": 99.20318725099602
        },
        "recall": {
            "90th": [
                0.9822116776895081,
                0.9961093271882437
            ],
            "95th": [
                0.9805825242718447,
                0.9979758107389687
            ],
            "99th": [
                0.977035150004608,
                1.0
            ],
            "mean": 0.9900445466757983,
            "median": 0.990186447860087
        },
        "support": {
            "90th": [
                476.0,
                527.0
            ],
            "95th": [
                472.0,
                531.0
            ],
            "99th": [
                463.0,
                539.0149999999996
            ],
            "mean": 501.193,
            "median": 501.0
        },
        "user_accuracy": {
            "90th": [
                98.2211677689508,
                99.61093271882437
            ],
            "95th": [
                98.05825242718447,
                99.79758107389686
            ],
            "99th": [
                97.70351500046081,
                100.0
            ],
            "mean": 99.00445466757984,
            "median": 99.01864478600871
        }
    },
    "accuracy": {
        "90th": [
            0.986,
            0.995
        ],
        "95th": [
            0.984,
            0.996
        ],
        "99th": [
            0.983,
            0.998
        ],
        "mean": 0.9909070000000001,
        "median": 0.991
    },
    "cohen_kappa": {
        "90th": [
            0.9719116170339942,
            0.99
        ],
        "95th": [
            0.9679953240703844,
            0.9919997463919326
        ],
        "99th": [
            0.9659309802302088,
            0.9959976981955693
        ],
        "mean": 0.9817969902175089,
        "median": 0.9819949585884048
    },
    "macro avg": {
        "f1-score": {
            "90th": [
                0.9859557972414426,
                0.9949999549995949
            ],
            "95th": [
                0.9839967817365672,
                0.9959998559948158
            ],
            "99th": [
                0.9829654730459976,
                0.9979988490977846
            ],
            "mean": 0.9908983977814726,
            "median": 0.9909973982480937
        },
        "precision": {
            "90th": [
                0.9858064404108021,
                0.9950858468261772
            ],
            "95th": [
                0.9840921861484645,
                0.9960273154002944
            ],
            "99th": [
                0.9829177887381071,
                0.9979961308787136
            ],
            "mean": 0.9909081657288181,
            "median": 0.9910157477257124
        },
        "recall": {
            "90th": [
                0.9858470755527646,
                0.9950855770193174
            ],
            "95th": [
                0.9840862012510397,
                0.9960422654932796
            ],
            "99th": [
                0.9828432279182163,
                0.9979988490977846
            ],
            "mean": 0.9909078069684015,
            "median": 0.9910136995070737
        }
    },
    "weighted avg": {
        "f1-score": {
            "90th": [
                0.9859981896674843,
                0.9950003767375684
            ],
            "95th": [
                0.9840013447284356,
                0.9960001608651914
            ],
            "99th": [
                0.9829976874054019,
                0.998
            ],
            "mean": 0.9909069964636744,
            "median": 0.9910000990119804
        },
        "precision": {
            "90th": [
                0.986,
                0.9950187463501159
            ],
            "95th": [
                0.9840390059564179,
                0.9960083576855439
            ],
            "99th": [
                0.9830004362436691,
                0.998
            ],
            "mean": 0.9909261310028563,
            "median": 0.9910178920715682
        },
        "recall": {
            "90th": [
                0.986,
                0.995
            ],
            "95th": [
                0.984,
                0.996
            ],