{
    "Mangrove": {
        "f1-score": {
            "90th": [
                0.9796689885509352,
                0.9918872309498978
            ],
            "95th": [
                0.9781304871500921,
                0.9928789420142421
            ],
            "99th": [
                0.9760146494061395,
                0.9942220998868397
            ],
            "mean": 0.9857983845149196,
            "median": 0.9859154929577465
        },
        "precision": {
            "90th": [
                0.9664031620553359,
                0.9880727539524756
            ],
            "95th": [
                0.9640577167019028,
                0.99
            ],
            "99th": [
                0.9592659694542668,
                0.993840086652141
            ],
            "mean": 0.9777914440294507,
            "median": 0.9779779559118236
        },
        "producer_accuracy": {
            "90th": [
                96.6403162055336,
                98.80727539524756
            ],
            "95th": [
                96.40577167019028,
                99.0
            ],
            "99th": [
                95.92659694542668,
                99.3840086652141
            ],
            "mean": 97.77914440294506,
            "median": 97.79779559118236
        },
        "recall": {
            "90th": [
                0.9877551020408163,
                1.0
            ],
            "95th": [
                0.986299347427462,
                1.0
            ],
            "99th": [
                0.9838377255240799,
                1.0
            ],
            "mean": 0.993966116608046,
            "median": 0.9940119760479041
        },
        "support": {
            "90th": [
                465.0,
                518.0
            ],
            "95th": [
                460.0,
                522.0
            ],
            "99th": [
                452.0,
                530.0049999999999
            ],
            "mean": 492.234,
            "median": 493.0
        },
        "user_accuracy": {
            "90th": [
                98.77551020408163,
                100.0
            ],
            "95th": [
                98.6299347427462,
                100.0
            ],
            "99th": [
                98.38377255240799,
                100.0
            ],
            "mean": 99.3966116608046,
            "median": 99.40119760479041
        }
    },
    "Other": {
        "f1-score": {
            "90th": [
                0.9797566946072249,
                0.992
            ],
            "95th": [
                0.9784718355796881,
                0.9929789368104313
            ],
            "99th": [
                0.9764100948919847,
                0.994507688974322
            ],
            "mean": 0.9859996135285101,
            "median": 0.9861386138613861
        },
        "precision": {
            "90th": [
                0.9879759519038076,
                1.0
            ],
            "95th": [
                0.9863261104801081,
                1.0
            ],
            "99th": [
                0.9839034205231388,
                1.0
            ],
            "mean": 0.9940531978098616,
            "median": 0.9940828402366864
        },
        "producer_accuracy": {
            "90th": [
                98.79759519038076,
                100.0
            ],
            "95th": [
                98.6326110480108,
                100.0
            ],
            "99th": [
                98.39034205231388,
                100.0
            ],
            "mean": 99.40531978098615,
            "median": 99.40828402366864
        },
        "recall": {
            "90th": [
                0.9669260700389105,
                0.9881901365963832
            ],
            "95th": [
                0.964425116424686,
                0.9901768172888016
            ],
            "99th": [
                0.9601652634070467,
                0.9941973480803268
            ],
            "mean": 0.9781024786902024,
            "median": 0.9783889980353635
        },
        "support": {
            "90th": [
                482.0,
                535.0
            ],
            "95th": [
                478.0,
                540.0
            ],
            "99th": [
                469.995,
                548.0
            ],
            "mean": 507.766,
            "median": 507.0
        },
        "user_accuracy": {
            "90th": [
                96.69260700389106,
                98.81901365963832
            ],
            "95th": [
                96.4425116424686,
                99.01768172888016
            ],
            "99th": [
                96.01652634070467,
                99.41973480803269
            ],
            "mean": 97.81024786902024,
            "median": 97.83889980353635
        }
    },
    "accuracy": {
        "90th": [
            0.98,
            0.992
        ],
        "95th": [
            0.978,
            0.993
        ],
        "99th": [
            0.976,
            0.9940049999999999
        ],
        "mean": 0.9859135,
        "median": 0.986
    },
    "cohen_kappa": {
        "90th": [
            0.9599645846554749,
            0.9839936006415243
        ],
        "95th": [
            0.9560055476942421,
            0.9859851694879499
        ],
        "99th": [
            0.9520114596496841,
            0.9880098483413841
        ],
        "mean": 0.9718005602071597,
        "median": 0.9719905327999743
    },
    "macro avg": {
        "f1-score": {
            "90th": [
                0.9799768532423482,
                0.9919967987194878
            ],
            "95th": [
                0.9779985919098823,
                0.992992412173387
            ],
            "99th": [
                0.9759996059126865,
                0.9940049002654447
            ],
            "mean": 0.9858989990217149,
            "median": 0.9859938092389658
        },
        "precision": {
            "90th": [
                0.9799247533448997,
                0.9919879679518717
            ],
            "95th": [
                0.978370791390351,
                0.9929569364332284
            ],
            "99th": [
                0.9761899006869966,
                0.9942560360526091
            ],
            "mean": 0.985922320919656,
            "median": 0.9860276366771553
        },
        "recall": {
            "90th": [
                0.9799795199180797,
                0.9920001984007936
            ],
            "95th": [
                0.9784429029455132,
                0.9929937533799441
            ],
            "99th": [
                0.9764870471025606,
                0.994223404007862
            ],
            "mean": 0.9860342976491242,
            "median": 0.9861199546675957
        }
    },
    "weighted avg": {
        "f1-score": {
            "90th": [
                0.9799971714543423,
                0.992
            ],
            "95th": [
                0.9780070472163496,
                0.9929998813163934
            ],
            "99th": [
                0.9760061436619989,
                0.9940061460397864
            ],
            "mean": 0.985914346559513,
            "median": 0.9860008681567215
        },
        "precision": {
            "90th": [
                0.9801905097336067,
                0.9920321538853033
            ],
            "95th": [
                0.9784967183510774,
                0.9930184260872287
            ],
            "99th": [
                0.9765119241936774,
                0.994078562161553
            ],
            "mean": 0.9860734792684693,
            "median": 0.9861343779417207
        },
        "recall": {
            "90th": [
                0.98,
                0.992
            ],
            "95th": [
                0.978,
                0.993
            ],