{
    "Mangrove": {
        "f1-score": {
            "90th": [
                0.9339708404802746,
                0.9580615097856477
            ],
            "95th": [
                0.9308719793188714,
                0.9598576642335765
            ],
            "99th": [
                0.9271643863711291,
                0.9643941465198893
            ],
            "mean": 0.9459662034413243,
            "median": 0.9459962756052142
        },
        "precision": {
            "90th": [
                0.9722710002053809,
                0.9917695473251029
            ],
            "95th": [
                0.969939879759519,
                0.9938404656026001
            ],
            "99th": [
                0.9657244131917125,
                0.9959432048681541
            ],
            "mean": 0.982275808043051,
            "median": 0.9824561403508771
        },
        "producer_accuracy": {
            "90th": [
                97.2271000205381,
                99.1769547325103
            ],
            "95th": [
                96.9939879759519,
                99.38404656026
            ],
            "99th": [
                96.57244131917125,
                99.59432048681542
            ],
            "mean": 98.22758080430509,
            "median": 98.24561403508771
        },
        "recall": {
            "90th": [
                0.8923861312870225,
                0.9327486629298299
            ],
            "95th": [
                0.8878667733728471,
                0.9359235185489916
            ],
            "99th": [
                0.8807679581447964,
                0.9448673561935327
            ],
            "mean": 0.9123352532567783,
            "median": 0.912647688341981
        },
        "support": {
            "90th": [
                512.0,
                565.0
            ],
            "95th": [
                506.0,
                570.0
            ],
            "99th": [
                494.0,
                580.0
            ],
            "mean": 538.1685,
            "median": 538.0
        },
        "user_accuracy": {
            "90th": [
                89.23861312870224,
                93.27486629298299
            ],
            "95th": [
                88.78667733728471,
                93.59235185489916
            ],
            "99th": [
                88.07679581447964,
                94.48673561935327
            ],
            "mean": 91.23352532567782,
            "median": 91.2647688341981
        }
    },
    "Other": {
        "f1-score": {
            "90th": [
                0.9284177598385469,
                0.9542217700915565
            ],
            "95th": [
                0.9258488492753565,
                0.9569482145487449
            ],
            "99th": [
                0.9207040047644377,
                0.9617853855325669
            ],
            "mean": 0.9416916647507834,
            "median": 0.9416894173218618
        },
        "precision": {
            "90th": [
                0.8838582677165354,
                0.9266275132681774
            ],
            "95th": [
                0.8793699634793909,
                0.9314536108689334
            ],
            "99th": [
                0.8701546572666788,
                0.938311067296442
            ],
            "mean": 0.9056747403713536,
            "median": 0.9059304703476483
        },
        "producer_accuracy": {
            "90th": [
                88.38582677165354,
                92.66275132681773
            ],
            "95th": [
                87.93699634793909,
                93.14536108689335
            ],
            "99th": [
                87.01546572666788,
                93.8311067296442
            ],
            "mean": 90.56747403713538,
            "median": 90.59304703476482
        },
        "recall": {
            "90th": [
                0.9697671907177658,
                0.9911894273127754
            ],
            "95th": [
                0.9676675953181946,
                0.993273918800975
            ],
            "99th": [
                0.9637524960232849,
                0.9956989708800591
            ],
            "mean": 0.9808130708522156,
            "median": 0.9809925870420424
        },
        "support": {
            "90th": [
                435.0,
                488.0
            ],
            "95th": [
                430.0,
                494.0
            ],
            "99th": [
                420.0,
                506.0
            ],
            "mean": 461.8315,
            "median": 462.0
        },
        "user_accuracy": {
            "90th": [
                96.97671907177659,
                99.11894273127754
            ],
            "95th": [
                96.76675953181946,
                99.32739188009751
            ],
            "99th": [
                96.3752496023285,
                99.56989708800592
            ],
            "mean": 98.08130708522157,
            "median": 98.09925870420425
        }
    },
    "accuracy": {
        "90th": [
            0.932,
            0.956
        ],
        "95th": [
            0.929,
            0.958
        ],
        "99th": [
            0.925,
            0.964
        ],
        "mean": 0.9439649999999999,
        "median": 0.944
    },
    "cohen_kappa": {
        "90th": [
            0.8638245746273725,
            0.9118119831480717
        ],
        "95th": [
            0.8582381032808464,
            0.9160008060904613
        ],
        "99th": [
            0.850027659190577,
            0.9277804873435695
        ],
        "mean": 0.8878345947002777,
        "median": 0.8880416485067555
    },
    "macro avg": {
        "f1-score": {
            "90th": [
                0.9317696678636165,
                0.9558620688634273
            ],
            "95th": [
                0.9289740612782902,
                0.9579797504345045
            ],
            "99th": [
                0.9248333878360429,
                0.9638611690253641
            ],
            "mean": 0.943828934096054,
            "median": 0.9439460759093461
        },
        "precision": {
            "90th": [
                0.9318053507633903,
                0.9557225882779519
            ],
            "95th": [
                0.9295278049398793,
                0.9580015411973918
            ],
            "99th": [
                0.9250942174576494,
                0.963003209363311
            ],
            "mean": 0.9439752742072024,
            "median": 0.944
        },
        "recall": {
            "90th": [
                0.9347222106951287,
                0.9580136840112919
            ],
            "95th": [
                0.9324683940951239,
                0.9599204921756684
            ],
            "99th": [
                0.9283801414875311,
                0.9646454070478412
            ],
            "mean": 0.946574162054497,
            "median": 0.9466114597021802
        }
    },
    "weighted avg": {
        "f1-score": {
            "90th": [
                0.9320583036705697,
                0.9560567628205129
            ],
            "95th": [
                0.9291217397904741,
                0.9580661635319996
            ],
            "99th": [
                0.9251729965008185,
                0.9639967497792762
            ],
            "mean": 0.9440481612834811,
            "median": 0.9440850765717363
        },
        "precision": {
            "90th": [
                0.9356156888139552,
                0.9578548732646142
            ],
            "95th": [
                0.933633864577716,
                0.959765844385635
            ],
            "99th": [
                0.9297423165588852,
                0.9647029791403383
            ],
            "mean": 0.9470006740939385,
            "median": 0.9470841488377151
        },