{
    "Mangrove": {
        "f1-score": {
            "90th": [
                0.95236895765863,
                0.9812206572769953
            ],
            "95th": [
                0.9495970087245533,
                0.9832955402241508
            ],
            "99th": [
                0.9417447173043975,
                0.9880098784933866
            ],
            "mean": 0.967668171236226,
            "median": 0.9679012345679012
        },
        "precision": {
            "90th": [
                0.9624413145539906,
                0.9949494949494949
            ],
            "95th": [
                0.9593908629441624,
                0.995260663507109
            ],
            "99th": [
                0.9528795811518325,
                1.0
            ],
            "mean": 0.9797731939816787,
            "median": 0.9800995024875622
        },
        "producer_accuracy": {
            "90th": [
                96.24413145539906,
                99.4949494949495
            ],
            "95th": [
                95.93908629441624,
                99.52606635071089
            ],
            "99th": [
                95.28795811518324,
                100.0
            ],
            "mean": 97.97731939816786,
            "median": 98.00995024875621
        },
        "recall": {
            "90th": [
                0.9320337518426269,
                0.9769638100875153
            ],
            "95th": [
                0.9262633084379469,
                0.9803921568627451
            ],
            "99th": [
                0.914572864321608,
                0.9855772681266103
            ],
            "mean": 0.9559952336199283,
            "median": 0.9569377990430622
        },
        "support": {
            "90th": [
                188.0,
                221.0
            ],
            "95th": [
                185.0,
                224.0
            ],
            "99th": [
                179.995,
                227.00499999999988
            ],
            "mean": 204.449,
            "median": 205.0
        },
        "user_accuracy": {
            "90th": [
                93.2033751842627,
                97.69638100875153
            ],
            "95th": [
                92.62633084379469,
                98.0392156862745
            ],
            "99th": [
                91.4572864321608,
                98.55772681266102
            ],
            "mean": 95.59952336199282,
            "median": 95.69377990430623
        }
    },
    "Other": {
        "f1-score": {
            "90th": [
                0.9510816283034953,
                0.981042654028436
            ],
            "95th": [
                0.947916020471464,
                0.9832134292565946
            ],
            "99th": [
                0.9417462817599669,
                0.9875933584535735
            ],
            "mean": 0.9670039686554568,
            "median": 0.9672544080604535
        },
        "precision": {
            "90th": [
                0.93,
                0.9765313062173665
            ],
            "95th": [
                0.9248788429501742,
                0.98
            ],
            "99th": [
                0.914572864321608,
                0.9854372449697482
            ],
            "mean": 0.955087658705317,
            "median": 0.9562974163085575
        },
        "producer_accuracy": {
            "90th": [
                93.0,
                97.65313062173665
            ],
            "95th": [
                92.48788429501742,
                98.0
            ],
            "99th": [
                91.4572864321608,
                98.54372449697482
            ],
            "mean": 95.50876587053169,
            "median": 95.62974163085573
        },
        "recall": {
            "90th": [
                0.9617473265877062,
                0.9948979591836735
            ],
            "95th": [
                0.9581151832460733,
                0.9952153110047847
            ],
            "99th": [
                0.9513486929552504,
                1.0
            ],
            "mean": 0.9793722516283162,
            "median": 0.9797979797979798
        },
        "support": {
            "90th": [
                179.0,
                212.0
            ],
            "95th": [
                176.0,
                215.0
            ],
            "99th": [
                172.995,
                220.00499999999988
            ],
            "mean": 195.551,
            "median": 195.0
        },
        "user_accuracy": {
            "90th": [
                96.17473265877062,
                99.48979591836735
            ],
            "95th": [
                95.81151832460732,
                99.52153110047847
            ],
            "99th": [
                95.13486929552504,
                100.0
            ],
            "mean": 97.93722516283162,
            "median": 97.97979797979798
        }
    },
    "accuracy": {
        "90th": [
            0.9525,
            0.98
        ],
        "95th": [
            0.95,
            0.9825
        ],
        "99th": [
            0.9425,
            0.9875
        ],
        "mean": 0.9674175,
        "median": 0.9675
    },
    "cohen_kappa": {
        "90th": [
            0.9047423279517351,
            0.96
        ],
        "95th": [
            0.8995737518654506,
            0.965
        ],
        "99th": [
            0.8850336840083224,
            0.97496499478869
        ],
        "mean": 0.93468878369291,
        "median": 0.9349544681276893
    },
    "macro avg": {
        "f1-score": {
            "90th": [
                0.9523424321663501,
                0.9799994999874997
            ],
            "95th": [
                0.9497860863152476,
                0.9824973089569856
            ],
            "99th": [
                0.9424992375534219,
                0.9874824190499187
            ],
            "mean": 0.9673360699458413,
            "median": 0.9674754032737258
        },
        "precision": {
            "90th": [
                0.9522149412855689,
                0.9807723188092519
            ],
            "95th": [
                0.9496532894084072,
                0.9829421965104975
            ],
            "99th": [
                0.9432882484569209,
                0.9875239949935521
            ],
            "mean": 0.9674304263434977,
            "median": 0.9675469340675839
        },
        "recall": {
            "90th": [
                0.9525,
                0.9807765079845607
            ],
            "95th": [
                0.9498185622593475,
                0.9830281319672336
            ],
            "99th": [
                0.9435273067889016,
                0.9876806239331913
            ],
            "mean": 0.9676837426241223,
            "median": 0.9677135808118074
        }
    },
    "weighted avg": {
        "f1-score": {
            "90th": [
                0.9524946771025521,
                0.9800171237188688
            ],
            "95th": [
                0.949974301136314,
                0.9825089102695991
            ],
            "99th": [
                0.942574276786116,
                0.9875019709383162
            ],
            "mean": 0.9674224559558915,
            "median": 0.9675048831456032
        },
        "precision": {
            "90th": [
                0.9528403141791666,
                0.980477967884967
            ],
            "95th": [
                0.9501502525402502,
                0.9828260335894854
            ],
            "99th": [
                0.9436018055495806,
                0.9876144105491029
            ],
            "mean": 0.9678670456360131,
            "median": 0.9678064253258372
        },
        "recall": {
            "90th": [
                0.9525,
                0.98
            ],