{
    "Mangrove": {
        "f1-score": 0.9459604066345638,
        "precision": 0.9822222222222222,
        "recall": 0.9122807017543859,
        "support": 969
    },
    "Other": {
        "f1-score": 0.9416522241478913,
        "precision": 0.9055555555555556,
        "recall": 0.9807460890493381,
        "support": 831
    },
    "accuracy": 0.9438888888888889,
    "accuracy_conf_interval": [
        0.008895952733366649,
        0.010631748388657703,
        0.012638762115087984,
        0.01399485247078412
    ],
    "cls_confidence_intervals": {
        "Mangrove": [
            0.0072238082209191935,
            0.0086333317762205,
            0.010263093387037635,
            0.011364283664616781
        ],
        "Other": [
            0.015987050658320772,
            0.01910647517701751,
            0.02271330977676061,
            0.025150360181992435
        ]
    },
    "cohen_kappa": 0.8877777777777778,
    "confusion_matrix": [
        [
            884,
            85
        ],
        [
            16,
            815
        ]
    ],
    "macro avg": {
        "f1-score": 0.9438063153912275,
        "precision": 0.9438888888888889,
        "recall": 0.9465133954018621,
        "support": 1800
    },
    "producer_accuracy": [
        98.22222222222223,
        90.55555555555556
    ],
    "user_accuracy": [
        91.22807017543859,
        98.07460890493381
    ],
    "weighted avg": {
        "f1-score": 0.9439714623865499,
        "precision": 0.9468277777777777,
        "recall": 0.9438888888888889,
        "support": 1800
    }
}