{
    "Mangrove": {
        "f1-score": {
            "90th": [
                0.9758064516129032,
                0.989436264997564
            ],
            "95th": [
                0.9740929844783401,
                0.9906551720805267
            ],
            "99th": [
                0.970832553926525,
                0.993103650916951
            ],
            "mean": 0.9828081262727962,
            "median": 0.9829317097019703
        },
        "precision": {
            "90th": [
                0.9597431194898989,
                0.9838056680161943
            ],
            "95th": [
                0.9571978186787092,
                0.9858299595141701
            ],
            "99th": [
                0.9516099407504938,
                0.9896911432968608
            ],
            "mean": 0.9720895977585489,
            "median": 0.9725324379223148
        },
        "producer_accuracy": {
            "90th": [
                95.97431194898988,
                98.38056680161942
            ],
            "95th": [
                95.71978186787092,
                98.582995951417
            ],
            "99th": [
                95.16099407504939,
                98.9691143296861
            ],
            "mean": 97.20895977585488,
            "median": 97.25324379223147
        },
        "recall": {
            "90th": [
                0.9876543209876543,
                0.9980990396894683
            ],
            "95th": [
                0.9861372359900006,
                1.0
            ],
            "99th": [
                0.983401795170055,
                1.0
            ],
            "mean": 0.993800447541664,
            "median": 0.9939148073022313
        },
        "support": {
            "90th": [
                463.0,
                515.0
            ],
            "95th": [
                456.975,
                520.0249999999999
            ],
            "99th": [
                448.0,
                527.0
            ],
            "mean": 489.233,
            "median": 489.0
        },
        "user_accuracy": {
            "90th": [
                98.76543209876543,
                99.80990396894684
            ],
            "95th": [
                98.61372359900005,
                100.0
            ],
            "99th": [
                98.3401795170055,
                100.0
            ],
            "mean": 99.38004475416639,
            "median": 99.39148073022312
        }
    },
    "Other": {
        "f1-score": {
            "90th": [
                0.9761857332574465,
                0.9896324222431668
            ],
            "95th": [
                0.9746835443037976,
                0.9909729187562688
            ],
            "99th": [
                0.9717858820567457,
                0.9931707982045741
            ],
            "mean": 0.9831675744743171,
            "median": 0.9833414952660791
        },
        "precision": {
            "90th": [
                0.9879275653923542,
                0.9981203007518797
            ],
            "95th": [
                0.9863000242215464,
                1.0
            ],
            "99th": [
                0.983838056016555,
                1.0
            ],
            "mean": 0.9939263380881619,
            "median": 0.9940476190476191
        },
        "producer_accuracy": {
            "90th": [
                98.79275653923541,
                99.81203007518798
            ],
            "95th": [
                98.63000242215463,
                100.0
            ],
            "99th": [
                98.3838056016555,
                100.0
            ],
            "mean": 99.39263380881619,
            "median": 99.40476190476191
        },
        "recall": {
            "90th": [
                0.9609336778375734,
                0.9841615404143964
            ],
            "95th": [
                0.9582463304008286,
                0.9862751813053989
            ],
            "99th": [
                0.9528289243337872,
                0.9900400382596598
            ],
            "mean": 0.9726708833766988,
            "median": 0.9728682170542635
        },
        "support": {
            "90th": [
                485.0,
                537.0
            ],
            "95th": [
                479.975,
                543.0249999999999
            ],
            "99th": [
                473.0,
                552.0
            ],
            "mean": 510.767,
            "median": 511.0
        },
        "user_accuracy": {
            "90th": [
                96.09336778375734,
                98.41615404143964
            ],
            "95th": [
                95.82463304008286,
                98.62751813053988
            ],
            "99th": [
                95.28289243337872,
                99.00400382596598
            ],
            "mean": 97.26708833766989,
            "median": 97.28682170542635
        }
    },
    "accuracy": {
        "90th": [
            0.976,
            0.98905
        ],
        "95th": [
            0.975,
            0.991
        ],
        "99th": [
            0.971,
            0.993
        ],
        "mean": 0.9830065,
        "median": 0.983
    },
    "cohen_kappa": {
        "90th": [
            0.951975372970675,
            0.9780973768754423
        ],
        "95th": [
            0.9498769377559644,
            0.9819730894206781
        ],
        "99th": [
            0.9420152801307219,
            0.9859913734876821
        ],
        "mean": 0.9659808271389408,
        "median": 0.9659926544133532
    },
    "macro avg": {
        "f1-score": {
            "90th": [
                0.975983765025157,
                0.9890476668096381
            ],
            "95th": [
                0.974929441391254,
                0.9909863244463669
            ],
            "99th": [
                0.970999261059842,
                0.9929956222639149
            ],
            "mean": 0.9829878503735567,
            "median": 0.982993860783743
        },
        "precision": {
            "90th": [
                0.976125505482355,
                0.9895492366289083
            ],
            "95th": [
                0.9745698128213365,
                0.9908217698242164
            ],
            "99th": [
                0.9711993583130789,
                0.9929850947295733
            ],
            "mean": 0.9830079679233554,
            "median": 0.9830914976947243
        },
        "recall": {
            "90th": [
                0.9763372566913031,
                0.9896069283213202
            ],
            "95th": [
                0.975,
                0.9910001856118792
            ],
            "99th": [
                0.9718312593949906,
                0.9931532137234576
            ],
            "mean": 0.9832356654591815,
            "median": 0.9833441902224307
        }
    },
    "weighted avg": {
        "f1-score": {
            "90th": [
                0.9760009504147458,
                0.9890552302207056
            ],
            "95th": [
                0.9749914544231246,
                0.9909998109909275
            ],
            "99th": [
                0.9710127577875064,
                0.9930009470897909
            ],
            "mean": 0.9830086163093299,
            "median": 0.9830042005163864
        },
        "precision": {
            "90th": [
                0.9764646096355409,
                0.989288821821595
            ],
            "95th": [
                0.9753099378687923,
                0.9910510965019651
            ],
            "99th": [
                0.9718816044427834,
                0.9930522965039277
            ],
            "mean": 0.9832779875795168,
            "median": 0.9833233469681069
        },
        "recall": {
            "90th": [
                0.976,
                0.98905
            ],