overall accuracy,0.975
cohen kappa,0.95
""
Confidence Interval,90%,95%,98%,99%
Overall Accuracy,0.010452990002865214,0.012492597808302329,0.014850894333338993,0.01644433793133674
""
class,f1-score,precision,recall,support
Mangrove,0.9743589743589743,0.95,1.0,285
Other,0.975609756097561,1.0,0.9523809523809523,315
""
macro avg,0.9749843652282677,0.975,0.9761904761904762,600
weighted (pixel) avg,0.9750156347717323,0.97625,0.975,600
""
Confidence Interval,90%,95%,98%,99%
Mangrove,0.020636214123073388,0.024662792488551126,0.02931852372363476,0.03246428807166424
Other,0.0,0.0,0.0,0.0
""
Point Count Confusion Matrix
,Mangrove,Other,User Acc
Mangrove,285,0,100.0
Other,15,300,95.23809523809523
Producer,95.0,100.0
""
