{
    "Mangrove": {
        "f1-score": {
            "90th": [
                0.9896243948824345,
                0.9979510291997721
            ],
            "95th": [
                0.9885767680991698,
                0.9980769230769231
            ],
            "99th": [
                0.9872169264929433,
                0.999008939289729
            ],
            "mean": 0.9939765982035521,
            "median": 0.9940711462450592
        },
        "precision": {
            "90th": [
                0.9821073558648111,
                0.9961623272919078
            ],
            "95th": [
                0.9805437989699713,
                0.9979880285730447
            ],
            "99th": [
                0.9770534405666202,
                1.0
            ],
            "mean": 0.9899672848209801,
            "median": 0.9901380670611439
        },
        "producer_accuracy": {
            "90th": [
                98.2107355864811,
                99.61623272919078
            ],
            "95th": [
                98.05437989699713,
                99.79880285730447
            ],
            "99th": [
                97.70534405666203,
                100.0
            ],
            "mean": 98.99672848209799,
            "median": 99.0138067061144
        },
        "recall": {
            "90th": [
                0.993963782696177,
                1.0
            ],
            "95th": [
                0.9936971472799646,
                1.0
            ],
            "99th": [
                0.991452153510977,
                1.0
            ],
            "mean": 0.9980308066083801,
            "median": 0.998015873015873
        },
        "support": {
            "90th": [
                469.0,
                521.05
            ],
            "95th": [
                463.0,
                526.0
            ],
            "99th": [
                455.0,
                536.0
            ],
            "mean": 496.086,
            "median": 496.0
        },
        "user_accuracy": {
            "90th": [
                99.3963782696177,
                100.0
            ],
            "95th": [
                99.36971472799647,
                100.0
            ],
            "99th": [
                99.1452153510977,
                100.0
            ],
            "mean": 99.803080660838,
            "median": 99.8015873015873
        }
    },
    "Other": {
        "f1-score": {
            "90th": [
                0.9896907216494846,
                0.9979676858127607
            ],
            "95th": [
                0.9887863794110573,
                0.9980695910609205
            ],
            "99th": [
                0.987339867704379,
                0.9990412272291467
            ],
            "mean": 0.9940198770464028,
            "median": 0.9940944881889764
        },
        "precision": {
            "90th": [
                0.9940357852882704,
                1.0
            ],
            "95th": [
                0.9937756101137845,
                1.0
            ],
            "99th": [
                0.9915072499196466,
                1.0
            ],
            "mean": 0.9980432250116933,
            "median": 0.998019801980198
        },
        "producer_accuracy": {
            "90th": [
                99.40357852882704,
                100.0
            ],
            "95th": [
                99.37756101137845,
                100.0
            ],
            "99th": [
                99.15072499196465,
                100.0
            ],
            "mean": 99.80432250116932,
            "median": 99.8019801980198
        },
        "recall": {
            "90th": [
                0.9822099096555619,
                0.9961835696110506
            ],
            "95th": [
                0.980276134122288,
                0.99800796812749
            ],
            "99th": [
                0.9776111756789821,
                1.0
            ],
            "mean": 0.9900407548352866,
            "median": 0.9901380670611439
        },
        "support": {
            "90th": [
                478.95,
                531.0
            ],
            "95th": [
                474.0,
                537.0
            ],
            "99th": [
                464.0,
                545.0
            ],
            "mean": 503.914,
            "median": 504.0
        },
        "user_accuracy": {
            "90th": [
                98.22099096555618,
                99.61835696110505
            ],
            "95th": [
                98.0276134122288,
                99.800796812749
            ],
            "99th": [
                97.76111756789822,
                100.0
            ],
            "mean": 99.00407548352867,
            "median": 99.0138067061144
        }
    },
    "accuracy": {
        "90th": [
            0.99,
            0.998
        ],
        "95th": [
            0.989,
            0.998
        ],
        "99th": [
            0.987,
            0.999
        ],
        "mean": 0.9940045,
        "median": 0.994
    },
    "cohen_kappa": {
        "90th": [
            0.9799588474967019,
            0.9959942613746723
        ],
        "95th": [
            0.9779564286766121,
            0.995999935998976
        ],
        "99th": [
            0.9739981153822106,
            0.9979999039953917
        ],
        "mean": 0.987996821420812,
        "median": 0.98799783961113
    },
    "macro avg": {
        "f1-score": {
            "90th": [
                0.9899787951304961,
                0.997997122664333
            ],
            "95th": [
                0.9889776798015982,
                0.997999967999488
            ],
            "99th": [
                0.9869984158851653,
                0.9989999509975989
            ],
            "mean": 0.9939982376249775,
            "median": 0.9939988237694588
        },
        "precision": {
            "90th": [
                0.9897679780948263,
                0.9979800016291952
            ],
            "95th": [
                0.9888155262104842,
                0.9980507770723825
            ],
            "99th": [
                0.9872979683594661,
                0.9990215644177608
            ],
            "mean": 0.9940052549163367,
            "median": 0.9940473809180903
        },
        "recall": {
            "90th": [
                0.9898358197253023,
                0.9979919835945761
            ],
            "95th": [
                0.9888898001312189,
                0.9980657640232109
            ],
            "99th": [
                0.9870866372927104,
                0.9990329006458634
            ],
            "mean": 0.9940357807218334,
            "median": 0.9940700787055006
        }
    },
    "weighted avg": {
        "f1-score": {
            "90th": [
                0.9899978332492801,
                0.9979999843997552
            ],
            "95th": [
                0.9889979140004649,
                0.9980001281312063
            ],
            "99th": [
                0.9870012035271465,
                0.9990000330560497
            ],
            "mean": 0.9940046010125166,
            "median": 0.994000336065869
        },
        "precision": {
            "90th": [
                0.9900310365495668,
                0.998
            ],
            "95th": [
                0.9890493308541585,
                0.9980082474226804
            ],
            "99th": [
                0.9872465768218899,
                0.999002066158568
            ],
            "mean": 0.9940491660352614,
            "median": 0.9940685714285714
        },
        "recall": {
            "90th": [
                0.99,
                0.998
            ],
            "95th": [
                0.989,
                0.998
            ],
            "99th": [
                0.987,
                0.999
            ],