{
    "Mangrove": {
        "f1-score": 0.9565217391304348,
        "precision": 0.9166666666666666,
        "recall": 1.0,
        "support": 275
    },
    "Other": {
        "f1-score": 0.9600000000000001,
        "precision": 1.0,
        "recall": 0.9230769230769231,
        "support": 325
    },
    "accuracy": 0.9583333333333334,
    "accuracy_conf_interval": [
        0.013378915141758327,
        0.01598943516941849,
        0.01900784895140055,
        0.02104731772301005
    ],
    "cls_confidence_intervals": {
        "Mangrove": [
            0.026169674278673262,
            0.03127595218670707,
            0.03718008601787116,
            0.041169365633522574
        ],
        "Other": [
            0.0,
            0.0,
            0.0,
            0.0
        ]
    },
    "cohen_kappa": 0.9166666666666666,
    "confusion_matrix": [
        [
            275,
            0
        ],
        [
            25,
            300
        ]
    ],
    "macro avg": {
        "f1-score": 0.9582608695652175,
        "precision": 0.9583333333333333,
        "recall": 0.9615384615384616,
        "support": 600
    },
    "producer_accuracy": [
        91.66666666666666,
        100.0
    ],
    "user_accuracy": [
        100.0,
        92.3076923076923
    ],
    "weighted avg": {
        "f1-score": 0.9584057971014491,
        "precision": 0.9618055555555555,
        "recall": 0.9583333333333334,
        "support": 600
    }
}