{
    "Mangrove": {
        "f1-score": {
            "90th": [
                0.9551329684416138,
                0.9744114636642783
            ],
            "95th": [
                0.9529911180773251,
                0.9755620723362659
            ],
            "99th": [
                0.9481318124949372,
                0.9794599126734095
            ],
            "mean": 0.9650114996573704,
            "median": 0.9650924024640657
        },
        "precision": {
            "90th": [
                0.9203187250996016,
                0.9547288569528023
            ],
            "95th": [
                0.9175045360572077,
                0.9574037450229134
            ],
            "99th": [
                0.9094461292585952,
                0.9638589792239824
            ],
            "mean": 0.9380548078427644,
            "median": 0.9381044487427466
        },
        "producer_accuracy": {
            "90th": [
                92.03187250996015,
                95.47288569528023
            ],
            "95th": [
                91.75045360572078,
                95.74037450229135
            ],
            "99th": [
                90.94461292585952,
                96.38589792239826
            ],
            "mean": 93.80548078427644,
            "median": 93.81044487427465
        },
        "recall": {
            "90th": [
                0.9872867861384002,
                0.9981299212598425
            ],
            "95th": [
                0.9855072463768116,
                1.0
            ],
            "99th": [
                0.9823387706120272,
                1.0
            ],
            "mean": 0.9936345170166041,
            "median": 0.9937238493723849
        },
        "support": {
            "90th": [
                447.0,
                498.0
            ],
            "95th": [
                442.0,
                502.0
            ],
            "99th": [
                432.0,
                512.0
            ],
            "mean": 471.8775,
            "median": 472.0
        },
        "user_accuracy": {
            "90th": [
                98.72867861384,
                99.81299212598425
            ],
            "95th": [
                98.55072463768117,
                100.0
            ],
            "99th": [
                98.23387706120272,
                100.0
            ],
            "mean": 99.36345170166041,
            "median": 99.3723849372385
        }
    },
    "Other": {
        "f1-score": {
            "90th": [
                0.9575506828221536,
                0.9756613144774506
            ],
            "95th": [
                0.9557683601609658,
                0.977059803135465
            ],
            "99th": [
                0.9517363402363401,
                0.9805023606973469
            ],
            "mean": 0.9669426541344213,
            "median": 0.967033258078893
        },
        "precision": {
            "90th": [
                0.9878542510121457,
                0.9982632541133455
            ],
            "95th": [
                0.9862461879463541,
                1.0
            ],
            "99th": [
                0.9840616267038187,
                1.0
            ],
            "mean": 0.993989137553239,
            "median": 0.9940828402366864
        },
        "producer_accuracy": {
            "90th": [
                98.78542510121457,
                99.82632541133455
            ],
            "95th": [
                98.62461879463541,
                100.0
            ],
            "99th": [
                98.40616267038187,
                100.0
            ],
            "mean": 99.3989137553239,
            "median": 99.40828402366864
        },
        "recall": {
            "90th": [
                0.9248554913294798,
                0.9570104410046729
            ],
            "95th": [
                0.9218728177374301,
                0.9599236641221374
            ],
            "99th": [
                0.9145444218723549,
                0.9652656799324989
            ],
            "mean": 0.9413850053854584,
            "median": 0.9415204678362573
        },
        "support": {
            "90th": [
                502.0,
                553.0
            ],
            "95th": [
                498.0,
                558.0
            ],
            "99th": [
                488.0,
                568.0
            ],
            "mean": 528.1225,
            "median": 528.0
        },
        "user_accuracy": {
            "90th": [
                92.48554913294798,
                95.7010441004673
            ],
            "95th": [
                92.18728177374302,
                95.99236641221374
            ],
            "99th": [
                91.45444218723549,
                96.5265679932499
            ],
            "mean": 94.13850053854584,
            "median": 94.15204678362574
        }
    },
    "accuracy": {
        "90th": [
            0.957,
            0.975
        ],
        "95th": [
            0.955,
            0.976
        ],
        "99th": [
            0.95,
            0.98
        ],
        "mean": 0.9660359999999999,
        "median": 0.966
    },
    "cohen_kappa": {
        "90th": [
            0.9138270656838929,
            0.9499666577508965
        ],
        "95th": [
            0.9098572138267015,
            0.9520030957624267
        ],
        "99th": [
            0.9000464662051364,
            0.9599612447558908
        ],
        "mean": 0.9320125023229178,
        "median": 0.932003399660034
    },
    "macro avg": {
        "f1-score": {
            "90th": [
                0.9568582783779552,
                0.9749729056481587
            ],
            "95th": [
                0.9548732389281491,
                0.9759952950778352
            ],
            "99th": [
                0.9499350396896429,
                0.9799741277088305
            ],
            "mean": 0.9659770768958958,
            "median": 0.9659733230852989
        },
        "precision": {
            "90th": [
                0.956762082839104,
                0.9748108927376942
            ],
            "95th": [
                0.9549193872894,
                0.9760001807825358
            ],
            "99th": [
                0.9500736276667235,
                0.9799277731494527
            ],
            "mean": 0.9660219726980017,
            "median": 0.9660558642234569
        },
        "recall": {
            "90th": [
                0.9584206383183221,
                0.9758211867618425
            ],
            "95th": [
                0.9569167462856893,
                0.977316991966341
            ],
            "99th": [
                0.9528113388039272,
                0.9806902388116954
            ],
            "mean": 0.9675097612010313,
            "median": 0.9675798262367177
        }
    },
    "weighted avg": {
        "f1-score": {
            "90th": [
                0.9569981681962588,
                0.9750029150772871
            ],
            "95th": [
                0.9550372328492757,
                0.9760222682954609
            ],
            "99th": [
                0.9500761196764211,
                0.9800079491000502
            ],
            "mean": 0.9660638695804249,
            "median": 0.9660373252034206
        },
        "precision": {
            "90th": [
                0.9591230621201677,
                0.9758214993468942
            ],
            "95th": [
                0.9575068683275484,
                0.9770051222469427
            ],
            "99th": [
                0.9533140999801131,
                0.9806612269885918
            ],
            "mean": 0.967661286131598,
            "median": 0.9677307217303571
        },
        "recall": {
            "90th": [
                0.957,
                0.975
            ],