{
    "Mangrove": {
        "f1-score": {
            "90th": [
                0.9358807923593915,
                0.958823798503848
            ],
            "95th": [
                0.9332029140455097,
                0.9610654730559945
            ],
            "99th": [
                0.9297703001734071,
                0.9639753023505537
            ],
            "mean": 0.9476331112206067,
            "median": 0.9477682811016145
        },
        "precision": {
            "90th": [
                0.9878048780487805,
                0.9980954191562557
            ],
            "95th": [
                0.9859430680468353,
                1.0
            ],
            "99th": [
                0.9828229267027347,
                1.0
            ],
            "mean": 0.9940306982990578,
            "median": 0.9940944881889764
        },
        "producer_accuracy": {
            "90th": [
                98.78048780487805,
                99.80954191562557
            ],
            "95th": [
                98.59430680468353,
                100.0
            ],
            "99th": [
                98.28229267027346,
                100.0
            ],
            "mean": 99.40306982990577,
            "median": 99.40944881889764
        },
        "recall": {
            "90th": [
                0.8846746923848626,
                0.9253214800315362
            ],
            "95th": [
                0.8799212579693596,
                0.9292228063599779
            ],
            "99th": [
                0.87427240307875,
                0.9359542542866384
            ],
            "mean": 0.9054633520658407,
            "median": 0.9055258467023173
        },
        "support": {
            "90th": [
                524.0,
                574.0
            ],
            "95th": [
                520.0,
                577.0
            ],
            "99th": [
                511.995,
                585.0
            ],
            "mean": 549.067,
            "median": 550.0
        },
        "user_accuracy": {
            "90th": [
                88.46746923848627,
                92.53214800315364
            ],
            "95th": [
                87.99212579693595,
                92.9222806359978
            ],
            "99th": [
                87.427240307875,
                93.59542542866384
            ],
            "mean": 90.54633520658408,
            "median": 90.55258467023172
        }
    },
    "Other": {
        "f1-score": {
            "90th": [
                0.9291005291005291,
                0.9546830978068822
            ],
            "95th": [
                0.9266145903535171,
                0.9566892188885437
            ],
            "99th": [
                0.9220891665097202,
                0.9610122591642047
            ],
            "mean": 0.9422206327265824,
            "median": 0.942528735632184
        },
        "precision": {
            "90th": [
                0.8732394366197183,
                0.9178178082191781
            ],
            "95th": [
                0.8687821734888411,
                0.9214152682709112
            ],
            "99th": [
                0.8607813630306492,
                0.930141109431237
            ],
            "mean": 0.8961806066595056,
            "median": 0.8967923500574956
        },
        "producer_accuracy": {
            "90th": [
                87.32394366197182,
                91.7817808219178
            ],
            "95th": [
                86.8782173488841,
                92.14152682709111
            ],
            "99th": [
                86.07813630306491,
                93.0141109431237
            ],
            "mean": 89.61806066595055,
            "median": 89.67923500574955
        },
        "recall": {
            "90th": [
                0.9864253393665159,
                0.9979035639412998
            ],
            "95th": [
                0.9844789356984479,
                1.0
            ],
            "99th": [
                0.980305695061645,
                1.0
            ],
            "mean": 0.9933761805351415,
            "median": 0.9934782608695653
        },
        "support": {
            "90th": [
                426.0,
                476.0
            ],
            "95th": [
                423.0,
                480.0
            ],
            "99th": [
                415.0,
                488.0049999999999
            ],
            "mean": 450.933,
            "median": 450.0
        },
        "user_accuracy": {
            "90th": [
                98.64253393665159,
                99.79035639412997
            ],
            "95th": [
                98.4478935698448,
                100.0
            ],
            "99th": [
                98.03056950616451,
                100.0
            ],
            "mean": 99.33761805351416,
            "median": 99.34782608695653
        }
    },
    "accuracy": {
        "90th": [
            0.933,
            0.956
        ],
        "95th": [
            0.930975,
            0.959
        ],
        "99th": [
            0.926995,
            0.963
        ],
        "mean": 0.9451069999999999,
        "median": 0.945
    },
    "cohen_kappa": {
        "90th": [
            0.8661600725126332,
            0.9121319602167457
        ],
        "95th": [
            0.8610087016091138,
            0.917743903729731
        ],
        "99th": [
            0.8536674659994002,
            0.9255031401386186
        ],
        "mean": 0.8901326885587323,
        "median": 0.8901761573996717
    },
    "macro avg": {
        "f1-score": {
            "90th": [
                0.9328380724647735,
                0.9559971838197644
            ],
            "95th": [
                0.9302248496292285,
                0.9588153940520354
            ],
            "99th": [
                0.9266267785930167,
                0.9627055776471227
            ],
            "mean": 0.9449268719735946,
            "median": 0.9449537060668022
        },
        "precision": {
            "90th": [
                0.9332919972377087,
                0.9564932802207609
            ],
            "95th": [
                0.9312631708754168,
                0.9582485713720761
            ],
            "99th": [
                0.9268771394116705,
                0.9624027249534072
            ],
            "mean": 0.9451056524792816,
            "median": 0.94527065064512
        },
        "recall": {
            "90th": [
                0.9384693188242391,
                0.9597405626767468
            ],
            "95th": [
                0.9361605138879884,
                0.96183667657966
            ],
            "99th": [
                0.9326263917018051,
                0.9647154355775832
            ],
            "mean": 0.9494197663004911,
            "median": 0.9495896135904403
        }
    },
    "weighted avg": {
        "f1-score": {
            "90th": [
                0.9331862023209269,
                0.9561677387281423
            ],
            "95th": [
                0.9309648902809087,
                0.9590504240863549
            ],
            "99th": [
                0.9270593134388629,
                0.9630208241407571
            ],
            "mean": 0.9452411823755807,
            "median": 0.945180788856179
        },
        "precision": {
            "90th": [
                0.9401210143489239,
                0.9595372791591821
            ],
            "95th": [
                0.9379771935945743,
                0.9615857317073171
            ],
            "99th": [
                0.9340973612709865,
                0.9651395954566685
            ],
            "mean": 0.9499949135152206,
            "median": 0.9500536573513696
        },
        "recall": {
            "90th": [
                0.933,
                0.956
            ],