{
    "Mangrove": {
        "f1-score": {
            "90th": [
                0.9247706422018348,
                0.9575551782682513
            ],
            "95th": [
                0.9219780645661356,
                0.9601330343108183
            ],
            "99th": [
                0.9133558311097159,
                0.9655200267394572
            ],
            "mean": 0.9413547065248487,
            "median": 0.9417808219178083
        },
        "precision": {
            "90th": [
                0.8821454987028757,
                0.9353845832811652
            ],
            "95th": [
                0.8774121986127932,
                0.9403530770499918
            ],
            "99th": [
                0.8649513339706266,
                0.9492774131802023
            ],
            "mean": 0.9100508307458974,
            "median": 0.9104767988849527
        },
        "producer_accuracy": {
            "90th": [
                88.21454987028757,
                93.53845832811653
            ],
            "95th": [
                87.74121986127932,
                94.03530770499917
            ],
            "99th": [
                86.49513339706266,
                94.92774131802024
            ],
            "mean": 91.00508307458973,
            "median": 91.04767988849527
        },
        "recall": {
            "90th": [
                0.9587995675508707,
                0.9892876207422471
            ],
            "95th": [
                0.9548865653717628,
                0.9924249571183533
            ],
            "99th": [
                0.9475608114412145,
                0.9961687280567574
            ],
            "mean": 0.9750927695968876,
            "median": 0.9756944444444444
        },
        "support": {
            "90th": [
                260.0,
                300.0
            ],
            "95th": [
                256.0,
                304.0
            ],
            "99th": [
                249.0,
                311.0049999999999
            ],
            "mean": 279.883,
            "median": 280.0
        },
        "user_accuracy": {
            "90th": [
                95.87995675508708,
                98.92876207422471
            ],
            "95th": [
                95.48865653717627,
                99.24249571183535
            ],
            "99th": [
                94.75608114412145,
                99.61687280567574
            ],
            "mean": 97.50927695968876,
            "median": 97.56944444444444
        }
    },
    "Other": {
        "f1-score": {
            "90th": [
                0.929523313606859,
                0.960127591706539
            ],
            "95th": [
                0.9256946754343321,
                0.9626076677568068
            ],
            "99th": [
                0.9207414545357209,
                0.9672147616996477
            ],
            "mean": 0.9451788390243819,
            "median": 0.945226917057903
        },
        "precision": {
            "90th": [
                0.9613978494623656,
                0.9900332225913622
            ],
            "95th": [
                0.9575966377556484,
                0.9930795847750865
            ],
            "99th": [
                0.9519207430918596,
                0.9964167426037299
            ],
            "mean": 0.9767807929290605,
            "median": 0.9771986970684039
        },
        "producer_accuracy": {
            "90th": [
                96.13978494623656,
                99.00332225913621
            ],
            "95th": [
                95.75966377556483,
                99.30795847750865
            ],
            "99th": [
                95.19207430918595,
                99.641674260373
            ],
            "mean": 97.67807929290603,
            "median": 97.71986970684038
        },
        "recall": {
            "90th": [
                0.8885345097629738,
                0.9396825396825397
            ],
            "95th": [
                0.8827361563517915,
                0.9436234235905044
            ],
            "99th": [
                0.8719698235185648,
                0.9511439802054622
            ],
            "mean": 0.9157178069281108,
            "median": 0.9164036912785083
        },
        "support": {
            "90th": [
                300.0,
                340.0
            ],
            "95th": [
                296.0,
                344.0
            ],
            "99th": [
                288.995,
                351.0
            ],
            "mean": 320.117,
            "median": 320.0
        },
        "user_accuracy": {
            "90th": [
                88.85345097629738,
                93.96825396825396
            ],
            "95th": [
                88.27361563517914,
                94.36234235905044
            ],
            "99th": [
                87.19698235185648,
                95.11439802054622
            ],
            "mean": 91.57178069281109,
            "median": 91.64036912785085
        }
    },
    "accuracy": {
        "90th": [
            0.9283333333333333,
            0.9583333333333334
        ],
        "95th": [
            0.925,
            0.9616666666666667
        ],
        "99th": [
            0.9183333333333333,
            0.9666666666666667
        ],
        "mean": 0.9434241666666667,
        "median": 0.9433333333333334
    },
    "cohen_kappa": {
        "90th": [
            0.8564810487691368,
            0.9166502745363937
        ],
        "95th": [
            0.8499957451778682,
            0.9228418275320781
        ],
        "99th": [
            0.8373516293418131,
            0.9332334058496696
        ],
        "mean": 0.8866775722501398,
        "median": 0.8867421717597352
    },
    "macro avg": {
        "f1-score": {
            "90th": [
                0.9280886349383318,
                0.9582922973051515
            ],
            "95th": [
                0.9247985853118942,
                0.9613897195772786
            ],
            "99th": [
                0.9183330520288442,
                0.9666133295660896
            ],
            "mean": 0.9432667727746153,
            "median": 0.9433175882189497
        },
        "precision": {
            "90th": [
                0.9283642902683198,
                0.9584308578397907
            ],
            "95th": [
                0.9255847125038166,
                0.9609563247256273
            ],
            "99th": [
                0.9185197048405008,
                0.9663365853015051
            ],
            "mean": 0.9434158118374789,
            "median": 0.9436424153315911
        },
        "recall": {
            "90th": [
                0.9301951648514963,
                0.9598625993323091
            ],
            "95th": [
                0.9271634462416092,
                0.9625859786729142
            ],
            "99th": [
                0.9228508804758903,
                0.9670860484544695
            ],
            "mean": 0.9454052882624991,
            "median": 0.9455673315273456
        }
    },
    "weighted avg": {
        "f1-score": {
            "90th": [
                0.9283166901775481,
                0.9583892171433405
            ],
            "95th": [
                0.9250114273723741,
                0.9616520151611104
            ],
            "99th": [
                0.9186709763113248,
                0.9666800286886731
            ],
            "mean": 0.9434888630350522,
            "median": 0.9434393419743738
        },
        "precision": {
            "90th": [
                0.931661846496107,
                0.9599162160021797
            ],
            "95th": [
                0.928703227351378,
                0.9623713461644066
            ],
            "99th": [
                0.9235272315166293,
                0.9674359960761588
            ],