{
    "Mangrove": {
        "f1-score": 0.9858870967741936,
        "precision": 0.978,
        "recall": 0.9939024390243902,
        "support": 492
    },
    "Other": {
        "f1-score": 0.9861111111111112,
        "precision": 0.994,
        "recall": 0.9783464566929134,
        "support": 508
    },
    "accuracy": 0.986,
    "accuracy_conf_interval": [
        0.006093212486037232,
        0.007282131995507912,
        0.008656820178333385,
        0.009585663545107353
    ],
    "cls_confidence_intervals": {
        "Mangrove": [
            0.010758199998140957,
            0.012857360973387973,
            0.015284515851017337,
            0.01692448536292907
        ],
        "Other": [
            0.00566405762682544,
            0.006769239602791379,
            0.008047106262501998,
            0.008910529681225387
        ]
    },
    "cohen_kappa": 0.972,
    "confusion_matrix": [
        [
            489,
            3
        ],
        [
            11,
            497
        ]
    ],
    "macro avg": {
        "f1-score": 0.9859991039426523,
        "precision": 0.986,
        "recall": 0.9861244478586518,
        "support": 1000
    },
    "producer_accuracy": [
        97.8,
        99.4
    ],
    "user_accuracy": [
        99.39024390243902,
        97.83464566929135
    ],
    "weighted avg": {
        "f1-score": 0.9860008960573478,
        "precision": 0.9861279999999999,
        "recall": 0.986,
        "support": 1000
    }
}