{
    "Mangrove": {
        "f1-score": {
            "90th": [
                0.9467862247014891,
                0.9679843932650039
            ],
            "95th": [
                0.9446552366857321,
                0.9702048417132216
            ],
            "99th": [
                0.9407024952015354,
                0.9731353891942067
            ],
            "mean": 0.9574163218080171,
            "median": 0.9573459715639812
        },
        "precision": {
            "90th": [
                0.9742063492063492,
                0.9922178988326849
            ],
            "95th": [
                0.9723974723697792,
                0.9940119760479041
            ],
            "99th": [
                0.968944099378882,
                0.996139289751457
            ],
            "mean": 0.9839820653411241,
            "median": 0.9840637450199203
        },
        "producer_accuracy": {
            "90th": [
                97.42063492063492,
                99.22178988326849
            ],
            "95th": [
                97.23974723697792,
                99.40119760479041
            ],
            "99th": [
                96.8944099378882,
                99.61392897514571
            ],
            "mean": 98.39820653411239,
            "median": 98.40637450199203
        },
        "recall": {
            "90th": [
                0.9141221374045801,
                0.949734512660904
            ],
            "95th": [
                0.9114366416860045,
                0.9525618573325033
            ],
            "99th": [
                0.902772395505146,
                0.9598478011472276
            ],
            "mean": 0.932319496731968,
            "median": 0.9323017408123792
        },
        "support": {
            "90th": [
                502.0,
                554.0
            ],
            "95th": [
                497.975,
                559.0
            ],
            "99th": [
                489.0,
                566.0
            ],
            "mean": 528.0485,
            "median": 528.0
        },
        "user_accuracy": {
            "90th": [
                91.41221374045801,
                94.97345126609041
            ],
            "95th": [
                91.14366416860045,
                95.25618573325032
            ],
            "99th": [
                90.27723955051461,
                95.98478011472275
            ],
            "mean": 93.23194967319681,
            "median": 93.23017408123792
        }
    },
    "Other": {
        "f1-score": {
            "90th": [
                0.9435530397740427,
                0.9660887297410636
            ],
            "95th": [
                0.9414112286614861,
                0.9684231247409864
            ],
            "99th": [
                0.9372921346756524,
                0.97263164293713
            ],
            "mean": 0.954933758218527,
            "median": 0.9548719611089301
        },
        "precision": {
            "90th": [
                0.9098118505919403,
                0.9467552227991788
            ],
            "95th": [
                0.9056603773584906,
                0.9506910440688674
            ],
            "99th": [
                0.8992083882301274,
                0.9584256922069642
            ],
            "mean": 0.9284761057729308,
            "median": 0.9282786885245902
        },
        "producer_accuracy": {
            "90th": [
                90.98118505919402,
                94.67552227991789
            ],
            "95th": [
                90.56603773584906,
                95.06910440688674
            ],
            "99th": [
                89.92083882301274,
                95.84256922069642
            ],
            "mean": 92.8476105772931,
            "median": 92.82786885245902
        },
        "recall": {
            "90th": [
                0.9728454613582249,
                0.9916666666666667
            ],
            "95th": [
                0.9705835716950628,
                0.993576360292099
            ],
            "99th": [
                0.9668730403566035,
                0.9957985377103025
            ],
            "mean": 0.9830337547790178,
            "median": 0.9831932773109243
        },
        "support": {
            "90th": [
                446.0,
                498.0
            ],
            "95th": [
                441.0,
                502.02499999999986
            ],
            "99th": [
                434.0,
                511.0
            ],
            "mean": 471.9515,
            "median": 472.0
        },
        "user_accuracy": {
            "90th": [
                97.2845461358225,
                99.16666666666667
            ],
            "95th": [
                97.05835716950628,
                99.3576360292099
            ],
            "99th": [
                96.68730403566035,
                99.57985377103024
            ],
            "mean": 98.30337547790178,
            "median": 98.31932773109243
        }
    },
    "accuracy": {
        "90th": [
            0.946,
            0.967
        ],
        "95th": [
            0.943,
            0.969
        ],
        "99th": [
            0.94,
            0.973
        ],
        "mean": 0.9562514999999999,
        "median": 0.956
    },
    "cohen_kappa": {
        "90th": [
            0.8916613335580879,
            0.9339579972661731
        ],
        "95th": [
            0.8861852442147983,
            0.9379730182024268
        ],
        "99th": [
            0.8800493579623826,
            0.9460030367885921
        ],
        "mean": 0.9124240053321768,
        "median": 0.9120163649529519
    },
    "macro avg": {
        "f1-score": {
            "90th": [
                0.9457451594875359,
                0.9669558192869896
            ],
            "95th": [
                0.9429871721137256,
                0.9689776700244421
            ],
            "99th": [
                0.9399381117396423,
                0.9729954427106022
            ],
            "mean": 0.956175040013272,
            "median": 0.9559746413934427
        },
        "precision": {
            "90th": [
                0.9454852568515537,
                0.9669045943623548
            ],
            "95th": [
                0.9434784149873827,
                0.9689078606296998
            ],
            "99th": [
                0.9398435393161336,
                0.9730368714994829
            ],
            "mean": 0.9562290855570275,
            "median": 0.9561072977167634
        },
        "recall": {
            "90th": [
                0.947494201839213,
                0.9680818429883639
            ],
            "95th": [
                0.9454120864885243,
                0.9699812368377022
            ],
            "99th": [
                0.9415568147013722,
                0.9731246896521072
            ],
            "mean": 0.957676625755493,
            "median": 0.9575910788535936
        }
    },
    "weighted avg": {
        "f1-score": {
            "90th": [
                0.9459609992077288,
                0.9670144263291053
            ],
            "95th": [
                0.9431255481145777,
                0.9690237336795773
            ],
            "99th": [
                0.9399884174045975,
                0.9730012528376399
            ],
            "mean": 0.9562866899682432,
            "median": 0.9560398252200913
        },
        "precision": {
            "90th": [
                0.9478536192773492,
                0.9679519173503688
            ],
            "95th": [
                0.9458123958734126,
                0.9700727319253535
            ],
            "99th": [
                0.9425053372813955,
                0.9734327809277463
            ],
            "mean": 0.9578695352379978,
            "median": 0.9577402021893402
        },