{
    "Mangrove": {
        "f1-score": {
            "90th": [
                0.8079625292740048,
                0.8520979075335011
            ],
            "95th": [
                0.8028335301062574,
                0.8568487990891334
            ],
            "99th": [
                0.7927685815726674,
                0.8641991238550378
            ],
            "mean": 0.8304977275139565,
            "median": 0.8306079492084387
        },
        "precision": {
            "90th": [
                0.6803236953691029,
                0.7457424098671727
            ],
            "95th": [
                0.6734259594239189,
                0.7523172056329439
            ],
            "99th": [
                0.6593184150559183,
                0.7635317741270964
            ],
            "mean": 0.7132338998505078,
            "median": 0.7134083480010058
        },
        "producer_accuracy": {
            "90th": [
                68.03236953691028,
                74.57424098671727
            ],
            "95th": [
                67.3425959423919,
                75.23172056329439
            ],
            "99th": [
                65.93184150559183,
                76.35317741270964
            ],
            "mean": 71.32338998505077,
            "median": 71.34083480010058
        },
        "recall": {
            "90th": [
                0.9867356368869575,
                1.0
            ],
            "95th": [
                0.985632183908046,
                1.0
            ],
            "99th": [
                0.9820862662813256,
                1.0
            ],
            "mean": 0.9943748585385948,
            "median": 0.9944903581267218
        },
        "support": {
            "90th": [
                333.0,
                383.0
            ],
            "95th": [
                329.0,
                389.0
            ],
            "99th": [
                319.995,
                397.00999999999976
            ],
            "mean": 358.503,
            "median": 358.0
        },
        "user_accuracy": {
            "90th": [
                98.67356368869575,
                100.0
            ],
            "95th": [
                98.5632183908046,
                100.0
            ],
            "99th": [
                98.20862662813255,
                100.0
            ],
            "mean": 99.43748585385949,
            "median": 99.44903581267218
        }
    },
    "Other": {
        "f1-score": {
            "90th": [
                0.8548508903911451,
                0.888888888888889
            ],
            "95th": [
                0.8526586663197625,
                0.891987075601653
            ],
            "99th": [
                0.8462894230861978,
                0.8977561225310604
            ],
            "mean": 0.8726148799722445,
            "median": 0.873114463176575
        },
        "precision": {
            "90th": [
                0.990493391272859,
                1.0
            ],
            "95th": [
                0.9898373983739838,
                1.0
            ],
            "99th": [
                0.9867825220051296,
                1.0
            ],
            "mean": 0.995969768987113,
            "median": 0.996039603960396
        },
        "producer_accuracy": {
            "90th": [
                99.04933912728589,
                100.0
            ],
            "95th": [
                98.98373983739837,
                100.0
            ],
            "99th": [
                98.67825220051296,
                100.0
            ],
            "mean": 99.59697689871129,
            "median": 99.60396039603961
        },
        "recall": {
            "90th": [
                0.75,
                0.8024700958086132
            ],
            "95th": [
                0.7448139970222177,
                0.8078799734666552
            ],
            "99th": [
                0.736349025389587,
                0.8177577062456902
            ],
            "mean": 0.7765958699193412,
            "median": 0.7774269751957379
        },
        "support": {
            "90th": [
                617.0,
                667.0
            ],
            "95th": [
                611.0,
                671.0
            ],
            "99th": [
                602.99,
                680.0049999999999
            ],
            "mean": 641.497,
            "median": 642.0
        },
        "user_accuracy": {
            "90th": [
                75.0,
                80.24700958086132
            ],
            "95th": [
                74.48139970222178,
                80.78799734666552
            ],
            "99th": [
                73.6349025389587,
                81.77577062456903
            ],
            "mean": 77.6595869919341,
            "median": 77.7426975195738
        }
    },
    "accuracy": {
        "90th": [
            0.836,
            0.873
        ],
        "95th": [
            0.833,
            0.8750249999999998
        ],
        "99th": [
            0.826,
            0.882
        ],
        "mean": 0.854665,
        "median": 0.855
    },
    "cohen_kappa": {
        "90th": [
            0.6745591128456898,
            0.7437501224496108
        ],
        "95th": [
            0.668197867367468,
            0.7501249375312344
        ],
        "99th": [
            0.6557530210290032,
            0.7612971983146887
        ],
        "mean": 0.7091447829344456,
        "median": 0.709352783298229
    },
    "macro avg": {
        "f1-score": {
            "90th": [
                0.8331915260077825,
                0.869885164756759
            ],
            "95th": [
                0.8297073910783986,
                0.873148475888907
            ],
            "99th": [
                0.8226299265642973,
                0.8789869461190192
            ],
            "mean": 0.8515563037431004,
            "median": 0.8517077640701207
        },
        "precision": {
            "90th": [
                0.8382057525359006,
                0.8707412230027293
            ],
            "95th": [
                0.8343622338665772,
                0.8744101779733305
            ],
            "99th": [
                0.8276587691860972,
                0.8798733739746454
            ],
            "mean": 0.8546018344188103,
            "median": 0.8545615647342107
        },
        "recall": {
            "90th": [
                0.8712516449801967,
                0.8987632623489146
            ],
            "95th": [
                0.8693963462586924,
                0.9010532485218321
            ],
            "99th": [
                0.8651616948324498,
                0.9072358875514979
            ],
            "mean": 0.885485364228968,
            "median": 0.8858529243904314
        }
    },
    "weighted avg": {
        "f1-score": {
            "90th": [
                0.8399112716904589,
                0.8747193078795439
            ],
            "95th": [
                0.8371545646752907,
                0.8775953265029277
            ],
            "99th": [
                0.8303432173429125,
                0.8841989622872173
            ],
            "mean": 0.857655939940523,
            "median": 0.8580892857142858
        },
        "precision": {
            "90th": [
                0.8854855049970289,
                0.9041511861211553
            ],
            "95th": [
                0.8837022913622442,
                0.9056600560135852
            ],
            "99th": [
                0.8804684808289586,
                0.910326013387003
            ],
            "mean": 0.8948212234568882,
            "median": 0.8949621952005015
        },
        "recall": {
            "90th": [
                0.836,
                0.873
            ],