{
    "Mangrove": {
        "f1-score": {
            "90th": [
                0.9682702149437052,
                0.9841284634388082
            ],
            "95th": [
                0.9664857499008442,
                0.9855909263410063
            ],
            "99th": [
                0.9621513944223107,
                0.9874640188042432
            ],
            "mean": 0.9766105316201565,
            "median": 0.9768359209446822
        },
        "precision": {
            "90th": [
                0.9711340206185567,
                0.9904049059941353
            ],
            "95th": [
                0.9684402553967771,
                0.9921104536489151
            ],
            "99th": [
                0.9636750194250194,
                0.994024140591783
            ],
            "mean": 0.9814469440930019,
            "median": 0.9818181818181818
        },
        "producer_accuracy": {
            "90th": [
                97.11340206185567,
                99.04049059941354
            ],
            "95th": [
                96.84402553967772,
                99.21104536489152
            ],
            "99th": [
                96.36750194250193,
                99.4024140591783
            ],
            "mean": 98.1446944093002,
            "median": 98.18181818181819
        },
        "recall": {
            "90th": [
                0.9590984106482976,
                0.9829593605546995
            ],
            "95th": [
                0.9556451612903226,
                0.984709697978988
            ],
            "99th": [
                0.9489194499017681,
                0.9886831064405699
            ],
            "mean": 0.9718671451173375,
            "median": 0.9722222222222222
        },
        "support": {
            "90th": [
                477.0,
                529.0
            ],
            "95th": [
                473.0,
                534.0249999999999
            ],
            "99th": [
                463.0,
                543.0
            ],
            "mean": 503.0345,
            "median": 503.0
        },
        "user_accuracy": {
            "90th": [
                95.90984106482976,
                98.29593605546995
            ],
            "95th": [
                95.56451612903226,
                98.4709697978988
            ],
            "99th": [
                94.89194499017681,
                98.86831064405699
            ],
            "mean": 97.18671451173375,
            "median": 97.22222222222221
        }
    },
    "Other": {
        "f1-score": {
            "90th": [
                0.9684638860630722,
                0.9841584158415841
            ],
            "95th": [
                0.9664691178842123,
                0.9855638830467726
            ],
            "99th": [
                0.9628886556576948,
                0.9875120076849183
            ],
            "mean": 0.9765662690432115,
            "median": 0.9768378650553877
        },
        "precision": {
            "90th": [
                0.9591421607625881,
                0.983232012884985
            ],
            "95th": [
                0.9561063940820649,
                0.9850443262411348
            ],
            "99th": [
                0.948616092043987,
                0.9885548951770325
            ],
            "mean": 0.9718091316826767,
            "median": 0.9721115537848606
        },
        "producer_accuracy": {
            "90th": [
                95.91421607625881,
                98.3232012884985
            ],
            "95th": [
                95.61063940820648,
                98.50443262411348
            ],
            "99th": [
                94.86160920439869,
                98.85548951770326
            ],
            "mean": 97.18091316826768,
            "median": 97.21115537848605
        },
        "recall": {
            "90th": [
                0.9710130911333501,
                0.9902733179706094
            ],
            "95th": [
                0.9686814773965678,
                0.9919354838709677
            ],
            "99th": [
                0.9646558555658975,
                0.994117875944152
            ],
            "mean": 0.9814170482884922,
            "median": 0.9818913480885312
        },
        "support": {
            "90th": [
                471.0,
                523.0
            ],
            "95th": [
                465.975,
                527.0
            ],
            "99th": [
                457.0,
                537.0
            ],
            "mean": 496.9655,
            "median": 497.0
        },
        "user_accuracy": {
            "90th": [
                97.101309113335,
                99.02733179706092
            ],
            "95th": [
                96.86814773965679,
                99.19354838709677
            ],
            "99th": [
                96.46558555658974,
                99.41178759441519
            ],
            "mean": 98.14170482884923,
            "median": 98.18913480885311
        }
    },
    "accuracy": {
        "90th": [
            0.968,
            0.984
        ],
        "95th": [
            0.967,
            0.986
        ],
        "99th": [
            0.963,
            0.9870049999999999
        ],
        "mean": 0.9766115,
        "median": 0.977
    },
    "cohen_kappa": {
        "90th": [
            0.9359991551870974,
            0.9679923501710826
        ],
        "95th": [
            0.9339124471505118,
            0.9719000033197497
        ],
        "99th": [
            0.9259750269078147,
            0.9740097677112178
        ],
        "mean": 0.953179208313977,
        "median": 0.9539552444378616
    },
    "macro avg": {
        "f1-score": {
            "90th": [
                0.9679988031540462,
                0.9839959029511555
            ],
            "95th": [
                0.9669545028810262,
                0.9859495010827019
            ],
            "99th": [
                0.9629865700221114,
                0.9870045602315933
            ],
            "mean": 0.9765884003316839,
            "median": 0.976974925694081
        },
        "precision": {
            "90th": [
                0.9683073655539558,
                0.9840281962602595
            ],
            "95th": [
                0.9668204277637508,
                0.9856835582355402
            ],
            "99th": [
                0.9633641471930152,
                0.9872627905384713
            ],
            "mean": 0.9766280378878393,
            "median": 0.976968259857744
        },
        "recall": {
            "90th": [
                0.9684111730411941,
                0.9840308719136346
            ],
            "95th": [
                0.9669346926199974,
                0.9857835963773054
            ],
            "99th": [
                0.9629221915938965,
                0.9871127464942521
            ],
            "mean": 0.9766420967029148,
            "median": 0.9769556312901007
        }
    },
    "weighted avg": {
        "f1-score": {
            "90th": [
                0.9680142741859972,
                0.9840003904541771
            ],
            "95th": [
                0.9669959975808818,
                0.985996887915742
            ],
            "99th": [
                0.9629964463268895,
                0.9870064334276782
            ],
            "mean": 0.9766116529166471,
            "median": 0.9769987349076453
        },
        "precision": {
            "90th": [
                0.9684057707440202,
                0.9840395229315115
            ],
            "95th": [
                0.9670183564868761,
                0.986
            ],
            "99th": [
                0.9634356160426361,
                0.9871028725714902
            ],
            "mean": 0.9767049596503191,
            "median": 0.9770155210288133
        },