{
    "Mangrove": {
        "f1-score": {
            "90th": [
                0.972,
                0.9865868649618121
            ],
            "95th": [
                0.9703379342171505,
                0.9880011952191234
            ],
            "99th": [
                0.9652979283879151,
                0.9908447235701168
            ],
            "mean": 0.9796491262086101,
            "median": 0.9799196787148594
        },
        "precision": {
            "90th": [
                0.9568546593895291,
                0.9821091309287134
            ],
            "95th": [
                0.9531544328525708,
                0.984
            ],
            "99th": [
                0.9467437930824132,
                0.9879764299971713
            ],
            "mean": 0.9697603582272238,
            "median": 0.9701195219123506
        },
        "producer_accuracy": {
            "90th": [
                95.6854659389529,
                98.21091309287134
            ],
            "95th": [
                95.31544328525707,
                98.4
            ],
            "99th": [
                94.67437930824133,
                98.79764299971713
            ],
            "mean": 96.9760358227224,
            "median": 97.01195219123507
        },
        "recall": {
            "90th": [
                0.9817073170731707,
                0.9960788150876789
            ],
            "95th": [
                0.98007868724702,
                0.9979508196721312
            ],
            "99th": [
                0.9758534061511929,
                1.0
            ],
            "mean": 0.9897836533684684,
            "median": 0.9898785425101214
        },
        "support": {
            "90th": [
                465.0,
                516.0
            ],
            "95th": [
                460.0,
                521.0
            ],
            "99th": [
                450.0,
                532.0
            ],
            "mean": 490.083,
            "median": 490.0
        },
        "user_accuracy": {
            "90th": [
                98.17073170731707,
                99.60788150876789
            ],
            "95th": [
                98.00786872470199,
                99.79508196721312
            ],
            "99th": [
                97.58534061511929,
                100.0
            ],
            "mean": 98.97836533684682,
            "median": 98.98785425101214
        }
    },
    "Other": {
        "f1-score": {
            "90th": [
                0.9726528791243655,
                0.9869870800168197
            ],
            "95th": [
                0.97076918656988,
                0.9882150474341235
            ],
            "99th": [
                0.9672281987254269,
                0.9909371859221102
            ],
            "mean": 0.9800452598421894,
            "median": 0.9801980198019802
        },
        "precision": {
            "90th": [
                0.9822817173740857,
                0.9961393681046861
            ],
            "95th": [
                0.9803149606299213,
                0.9979960921843687
            ],
            "99th": [
                0.9764705882352941,
                1.0
            ],
            "mean": 0.9899826589249806,
            "median": 0.9900596421471173
        },
        "producer_accuracy": {
            "90th": [
                98.22817173740857,
                99.6139368104686
            ],
            "95th": [
                98.03149606299213,
                99.79960921843687
            ],
            "99th": [
                97.6470588235294,
                100.0
            ],
            "mean": 98.99826589249805,
            "median": 99.00596421471172
        },
        "recall": {
            "90th": [
                0.9574468085106383,
                0.9825581395348837
            ],
            "95th": [
                0.9555113978966163,
                0.9844961240310077
            ],
            "99th": [
                0.9494157110046487,
                0.9881428726127951
            ],
            "mean": 0.9703438898391842,
            "median": 0.9705882352941176
        },
        "support": {
            "90th": [
                484.0,
                535.0
            ],
            "95th": [
                479.0,
                540.0
            ],
            "99th": [
                468.0,
                550.0
            ],
            "mean": 509.917,
            "median": 510.0
        },
        "user_accuracy": {
            "90th": [
                95.74468085106383,
                98.25581395348837
            ],
            "95th": [
                95.55113978966163,
                98.44961240310077
            ],
            "99th": [
                94.94157110046487,
                98.81428726127952
            ],
            "mean": 97.03438898391845,
            "median": 97.05882352941177
        }
    },
    "accuracy": {
        "90th": [
            0.972,
            0.987
        ],
        "95th": [
            0.971,
            0.988
        ],
        "99th": [
            0.9669949999999999,
            0.991
        ],
        "mean": 0.9798684999999998,
        "median": 0.98
    },
    "cohen_kappa": {
        "90th": [
            0.9440053306918373,
            0.9739336768186221
        ],
        "95th": [
            0.9417513363980364,
            0.9759946420034958
        ],
        "99th": [
            0.9338556722867842,
            0.9819936682530399
        ],
        "mean": 0.9596997812908112,
        "median": 0.9599897573778887
    },
    "macro avg": {
        "f1-score": {
            "90th": [
                0.97199984319776,
                0.9869662294757475
            ],
            "95th": [
                0.9708692319823689,
                0.9879969272133666
            ],
            "99th": [
                0.9669159053949757,
                0.9909967530687945
            ],
            "mean": 0.9798471930253998,
            "median": 0.9799919967987195
        },
        "precision": {
            "90th": [
                0.9724086073493112,
                0.9868622447944249
            ],
            "95th": [
                0.9706854908672298,
                0.9880041424258245
            ],
            "99th": [
                0.9663495361961746,
                0.9909498430799856
            ],
            "mean": 0.9798715085761022,
            "median": 0.9800704055508059
        },
        "recall": {
            "90th": [
                0.9727986722628746,
                0.986986819702037
            ],
            "95th": [
                0.9709116366725062,
                0.9880753909398895
            ],
            "99th": [
                0.9673142381151392,
                0.9910001455145514
            ],
            "mean": 0.9800637716038263,
            "median": 0.9801907697054717
        }
    },
    "weighted avg": {
        "f1-score": {
            "90th": [
                0.9720261330638045,
                0.9869993837671517
            ],
            "95th": [
                0.970990991661477,
                0.9880007681966583
            ],
            "99th": [
                0.9669883498236039,
                0.9909995621285445
            ],
            "mean": 0.9798706545263955,
            "median": 0.9800012802048446
        },
        "precision": {
            "90th": [
                0.9726850702696381,
                0.9870529121222619
            ],
            "95th": [
                0.9711390030212438,
                0.9880390933013847
            ],
            "99th": [
                0.9676006769401632,
                0.9910183273805414
            ],
            "mean": 0.9801131129414942,
            "median": 0.9802113657107172
        },
        "recall": {
            "90th": [
                0.972,
                0.987
            ],