{
    "Mangrove": {
        "f1-score": {
            "90th": [
                0.9548380472941643,
                0.9751047666233149
            ],
            "95th": [
                0.9531397628271131,
                0.9767441860465115
            ],
            "99th": [
                0.948037568487098,
                0.9793955410291019
            ],
            "mean": 0.9651146562396506,
            "median": 0.9652351738241309
        },
        "precision": {
            "90th": [
                0.9197493678417373,
                0.9559386973180076
            ],
            "95th": [
                0.9160297709923664,
                0.9590175917936918
            ],
            "99th": [
                0.9079964891518738,
                0.9663175438596491
            ],
            "mean": 0.9382034370472111,
            "median": 0.938536038098727
        },
        "producer_accuracy": {
            "90th": [
                91.97493678417372,
                95.59386973180077
            ],
            "95th": [
                91.60297709923664,
                95.90175917936918
            ],
            "99th": [
                90.79964891518738,
                96.63175438596491
            ],
            "mean": 93.82034370472111,
            "median": 93.8536038098727
        },
        "recall": {
            "90th": [
                0.9872881355932204,
                1.0
            ],
            "95th": [
                0.985683601869465,
                1.0
            ],
            "99th": [
                0.9827206294084708,
                1.0
            ],
            "mean": 0.9936940036146613,
            "median": 0.9937369519832986
        },
        "support": {
            "90th": [
                446.0,
                498.0
            ],
            "95th": [
                440.0,
                504.0
            ],
            "99th": [
                433.0,
                512.0049999999999
            ],
            "mean": 471.8945,
            "median": 472.0
        },
        "user_accuracy": {
            "90th": [
                98.72881355932203,
                100.0
            ],
            "95th": [
                98.56836018694649,
                100.0
            ],
            "99th": [
                98.27206294084709,
                100.0
            ],
            "mean": 99.36940036146613,
            "median": 99.37369519832986
        }
    },
    "Other": {
        "f1-score": {
            "90th": [
                0.9576324824600686,
                0.976459148654344
            ],
            "95th": [
                0.9553861732231039,
                0.9781164582438765
            ],
            "99th": [
                0.950978941872607,
                0.9807896750183577
            ],
            "mean": 0.9670471767088396,
            "median": 0.967032967032967
        },
        "precision": {
            "90th": [
                0.9878542510121457,
                1.0
            ],
            "95th": [
                0.9867121489654971,
                1.0
            ],
            "99th": [
                0.9838055037734764,
                1.0
            ],
            "mean": 0.9940528222241742,
            "median": 0.9940944881889764
        },
        "producer_accuracy": {
            "90th": [
                98.78542510121457,
                100.0
            ],
            "95th": [
                98.67121489654971,
                100.0
            ],
            "99th": [
                98.38055037734763,
                100.0
            ],
            "mean": 99.40528222241741,
            "median": 99.40944881889764
        },
        "recall": {
            "90th": [
                0.9245612347763518,
                0.9584905660377359
            ],
            "95th": [
                0.921139515091128,
                0.9618902903811253
            ],
            "99th": [
                0.9137208701662483,
                0.9677425452771511
            ],
            "mean": 0.9415319321189304,
            "median": 0.9418495571360007
        },
        "support": {
            "90th": [
                502.0,
                554.0
            ],
            "95th": [
                496.0,
                560.0
            ],
            "99th": [
                487.995,
                567.0
            ],
            "mean": 528.1055,
            "median": 528.0
        },
        "user_accuracy": {
            "90th": [
                92.45612347763517,
                95.84905660377359
            ],
            "95th": [
                92.11395150911281,
                96.18902903811252
            ],
            "99th": [
                91.37208701662483,
                96.77425452771512
            ],
            "mean": 94.15319321189303,
            "median": 94.18495571360006
        }
    },
    "accuracy": {
        "90th": [
            0.957,
            0.976
        ],
        "95th": [
            0.955,
            0.977
        ],
        "99th": [
            0.95,
            0.9800049999999999
        ],
        "mean": 0.9661409999999999,
        "median": 0.966
    },
    "cohen_kappa": {
        "90th": [
            0.9134866296005146,
            0.9518279278898029
        ],
        "95th": [
            0.9099189084777984,
            0.9540147612598427
        ],
        "99th": [
            0.9001018657599702,
            0.9599682680443972
        ],
        "mean": 0.9322203427212562,
        "median": 0.9320284121234607
    },
    "macro avg": {
        "f1-score": {
            "90th": [
                0.9567002347670356,
                0.9759024520677064
            ],
            "95th": [
                0.9548914688299095,
                0.976997239667863
            ],
            "99th": [
                0.9499486031388448,
                0.979979016168368
            ],
            "mean": 0.9660809164742451,
            "median": 0.9659889804296593
        },
        "precision": {
            "90th": [
                0.9565656177678455,
                0.975638881543729
            ],
            "95th": [
                0.9547258680816184,
                0.977275831928028
            ],
            "99th": [
                0.9503867537232815,
                0.9796766134373237
            ],
            "mean": 0.9661281296356926,
            "median": 0.9662190272069304
        },
        "recall": {
            "90th": [
                0.9586450071207819,
                0.9766307766900812
            ],
            "95th": [
                0.9562069598188745,
                0.9784022815835735
            ],
            "99th": [
                0.9522269812236955,
                0.980949266423313
            ],
            "mean": 0.9676129678667957,
            "median": 0.967648302587649
        }
    },
    "weighted avg": {
        "f1-score": {
            "90th": [
                0.9569926983243604,
                0.9760026064938337
            ],
            "95th": [
                0.9549955314597832,
                0.9770365252599371
            ],
            "99th": [
                0.9500399559538159,
                0.9800186114261705
            ],
            "mean": 0.9661689390183901,
            "median": 0.9660419754171421
        },
        "precision": {
            "90th": [
                0.9592681654920033,
                0.9766297179421788
            ],
            "95th": [
                0.9570857649656398,
                0.9780864106224652
            ],
            "99th": [
                0.9530980559546537,
                0.980665625587158
            ],
            "mean": 0.9677679368349167,
            "median": 0.9678143707474544
        },
        "recall": {
            "90th": [
                0.957,
                0.976
            ],