overall accuracy,0.9975
cohen kappa,0.995
""
Confidence Interval,90%,95%,98%,99%
Overall Accuracy,0.004094871792864783,0.004893871167082302,0.005817714193521308,0.006441932454628745
""
class,f1-score,precision,recall,support
Mangrove,0.9975062344139651,1.0,0.9950248756218906,201
Other,0.9974937343358395,0.995,1.0,199
""
macro avg,0.9974999843749024,0.9975,0.9975124378109452,400
weighted (pixel) avg,0.9975000156250977,0.9975125,0.9975,400
""
Confidence Interval,90%,95%,98%,99%
Mangrove,0.0,0.0,0.0,0.0
Other,0.008179474310736604,0.009775469298197406,0.011620838502448957,0.012867709586402707
""
Point Count Confusion Matrix
,Mangrove,Other,User Acc
Mangrove,200,1,99.50248756218906
Other,0,199,100.0
Producer,100.0,99.5
""
