{
    "Mangrove": {
        "f1-score": {
            "90th": [
                0.9803921568627452,
                0.9949757132909959
            ],
            "95th": [
                0.9787910867377043,
                0.9964539007092199
            ],
            "99th": [
                0.9747044623826197,
                0.99821762489425
            ],
            "mean": 0.9882321115085765,
            "median": 0.9885807504078303
        },
        "precision": {
            "90th": [
                0.975531415920902,
                0.9966442953020134
            ],
            "95th": [
                0.9731429094990495,
                0.9967741935483871
            ],
            "99th": [
                0.9657460861056751,
                1.0
            ],
            "mean": 0.9867023125068844,
            "median": 0.9868852459016394
        },
        "producer_accuracy": {
            "90th": [
                97.55314159209021,
                99.66442953020133
            ],
            "95th": [
                97.31429094990494,
                99.67741935483872
            ],
            "99th": [
                96.57460861056751,
                100.0
            ],
            "mean": 98.67023125068845,
            "median": 98.68852459016394
        },
        "recall": {
            "90th": [
                0.9793103448275862,
                0.996894890679384
            ],
            "95th": [
                0.9767402971144123,
                1.0
            ],
            "99th": [
                0.9725081170754829,
                1.0
            ],
            "mean": 0.9898050179698116,
            "median": 0.9900990099009901
        },
        "support": {
            "90th": [
                279.0,
                320.0
            ],
            "95th": [
                276.0,
                323.0
            ],
            "99th": [
                268.995,
                331.0049999999999
            ],
            "mean": 298.8575,
            "median": 299.0
        },
        "user_accuracy": {
            "90th": [
                97.93103448275862,
                99.68948906793838
            ],
            "95th": [
                97.67402971144122,
                100.0
            ],
            "99th": [
                97.25081170754828,
                100.0
            ],
            "mean": 98.98050179698117,
            "median": 99.00990099009901
        }
    },
    "Other": {
        "f1-score": {
            "90th": [
                0.9804496181983233,
                0.9950413223140495
            ],
            "95th": [
                0.9791315462297386,
                0.9965041035353535
            ],
            "99th": [
                0.9752868616144974,
                0.9983361614939289
            ],
            "mean": 0.9882792465988557,
            "median": 0.9885620609649626
        },
        "precision": {
            "90th": [
                0.9794520547945206,
                0.9968847352024922
            ],
            "95th": [
                0.9765060992200254,
                1.0
            ],
            "99th": [
                0.9726957782037496,
                1.0
            ],
            "mean": 0.9898486266982741,
            "median": 0.9901315789473685
        },
        "producer_accuracy": {
            "90th": [
                97.94520547945206,
                99.68847352024922
            ],
            "95th": [
                97.65060992200254,
                100.0
            ],
            "99th": [
                97.26957782037496,
                100.0
            ],
            "mean": 98.98486266982741,
            "median": 99.01315789473685
        },
        "recall": {
            "90th": [
                0.9755244755244755,
                0.9966666666666667
            ],
            "95th": [
                0.9725085910652921,
                0.9967951277955271
            ],
            "99th": [
                0.9646636844347543,
                1.0
            ],
            "mean": 0.9867527876165259,
            "median": 0.9868852459016394
        },
        "support": {
            "90th": [
                280.0,
                321.0
            ],
            "95th": [
                277.0,
                324.0
            ],
            "99th": [
                268.995,
                331.0049999999999
            ],
            "mean": 301.1425,
            "median": 301.0
        },
        "user_accuracy": {
            "90th": [
                97.55244755244755,
                99.66666666666667
            ],
            "95th": [
                97.2508591065292,
                99.67951277955272
            ],
            "99th": [
                96.46636844347543,
                100.0
            ],
            "mean": 98.67527876165259,
            "median": 98.68852459016394
        }
    },
    "accuracy": {
        "90th": [
            0.98,
            0.995
        ],
        "95th": [
            0.9783333333333334,
            0.9966666666666667
        ],
        "99th": [
            0.975,
            0.9983333333333333
        ],
        "mean": 0.9882758333333334,
        "median": 0.9883333333333333
    },
    "cohen_kappa": {
        "90th": [
            0.9599999777775309,
            0.9899900011231091
        ],
        "95th": [
            0.956665679606625,
            0.9933092466211696
        ],
        "99th": [
            0.9499687415164089,
            0.9966525590222294
        ],
        "mean": 0.9765119483113375,
        "median": 0.9766588862954318
    },
    "macro avg": {
        "f1-score": {
            "90th": [
                0.9799997777753087,
                0.9949949810782479
            ],
            "95th": [
                0.9783303838578029,
                0.9966546233105849
            ],
            "99th": [
                0.9749842594512652,
                0.9983262748422012
            ],
            "mean": 0.9882556790537161,
            "median": 0.9883294107186027
        },
        "precision": {
            "90th": [
                0.9803426677116838,
                0.9949946693852153
            ],
            "95th": [
                0.9788622665830546,
                0.9965159819008904
            ],
            "99th": [
                0.9749604317793719,
                0.9982518688208343
            ],
            "mean": 0.9882754696025793,
            "median": 0.9883821715504884
        },
        "recall": {
            "90th": [
                0.9802223297601405,
                0.9950111533183926
            ],
            "95th": [
                0.9786522887421936,
                0.9966445189807198
            ],
            "99th": [
                0.9752098218590712,
                0.998245853541704
            ],
            "mean": 0.9882789027931688,
            "median": 0.9883817909034494
        }
    },
    "weighted avg": {
        "f1-score": {
            "90th": [
                0.9800039817079802,
                0.9950000416677083
            ],
            "95th": [
                0.9783395971532809,
                0.9966665564705647
            ],
            "99th": [
                0.9750033956188146,
                0.9983331898027487
            ],
            "mean": 0.9882758544247071,
            "median": 0.9883340147235921
        },
        "precision": {
            "90th": [
                0.9802010038558869,
                0.995005891245387
            ],
            "95th": [
                0.9786184027694623,
                0.9966666666666667
            ],
            "99th": [
                0.9750623892779559,
                0.9983386082799057
            ],
            "mean": 0.9883187421969524,
            "median": 0.9883817863916549
        },
        "recall": {
            "90th": [
                0.98,
                0.995
            ],