{
    "Mangrove": {
        "f1-score": {
            "90th": [
                0.9559993858751279,
                0.9751754249181349
            ],
            "95th": [
                0.9540332334676747,
                0.9765175816042977
            ],
            "99th": [
                0.9511462905767609,
                0.9803546299666392
            ],
            "mean": 0.9658742759514984,
            "median": 0.965931863727455
        },
        "precision": {
            "90th": [
                0.9449901768172888,
                0.9735261122977829
            ],
            "95th": [
                0.9418368596336566,
                0.9758136807608276
            ],
            "99th": [
                0.9369560568493758,
                0.9814837126282909
            ],
            "mean": 0.9601759445961048,
            "median": 0.9605968021645769
        },
        "producer_accuracy": {
            "90th": [
                94.49901768172889,
                97.35261122977829
            ],
            "95th": [
                94.18368596336566,
                97.58136807608275
            ],
            "99th": [
                93.69560568493758,
                98.14837126282909
            ],
            "mean": 96.01759445961048,
            "median": 96.05968021645769
        },
        "recall": {
            "90th": [
                0.9590643274853801,
                0.9835068516397267
            ],
            "95th": [
                0.9562621148111332,
                0.9853579319583504
            ],
            "99th": [
                0.9523809523809523,
                0.9900798523404123
            ],
            "mean": 0.9717069008213919,
            "median": 0.9717171717171718
        },
        "support": {
            "90th": [
                469.0,
                520.0
            ],
            "95th": [
                464.0,
                524.0
            ],
            "99th": [
                456.0,
                533.0049999999999
            ],
            "mean": 493.9315,
            "median": 494.0
        },
        "user_accuracy": {
            "90th": [
                95.90643274853801,
                98.35068516397267
            ],
            "95th": [
                95.62621148111332,
                98.53579319583504
            ],
            "99th": [
                95.23809523809523,
                99.00798523404123
            ],
            "mean": 97.17069008213919,
            "median": 97.17171717171718
        }
    },
    "Other": {
        "f1-score": {
            "90th": [
                0.956268221574344,
                0.9755200003068415
            ],
            "95th": [
                0.9543137116387967,
                0.9770114942528736
            ],
            "99th": [
                0.9518303270887016,
                0.9805933252141117
            ],
            "mean": 0.9662905010553604,
            "median": 0.9663487449662398
        },
        "precision": {
            "90th": [
                0.9595141700404858,
                0.9836751319672472
            ],
            "95th": [
                0.9565174258109042,
                0.9855079949694575
            ],
            "99th": [
                0.9519038076152304,
                0.9902920959015786
            ],
            "mean": 0.9720575338201692,
            "median": 0.9722222222222222
        },
        "producer_accuracy": {
            "90th": [
                95.95141700404858,
                98.36751319672472
            ],
            "95th": [
                95.65174258109042,
                98.55079949694576
            ],
            "99th": [
                95.19038076152304,
                99.02920959015786
            ],
            "mean": 97.20575338201694,
            "median": 97.22222222222221
        },
        "recall": {
            "90th": [
                0.9458409896840748,
                0.9738981980024306
            ],
            "95th": [
                0.9424166135623876,
                0.9767441860465116
            ],
            "99th": [
                0.9373796116575169,
                0.9816715304335759
            ],
            "mean": 0.9606548964624673,
            "median": 0.9610136452241715
        },
        "support": {
            "90th": [
                480.0,
                531.0
            ],
            "95th": [
                476.0,
                536.0
            ],
            "99th": [
                466.995,
                544.0
            ],
            "mean": 506.0685,
            "median": 506.0
        },
        "user_accuracy": {
            "90th": [
                94.58409896840747,
                97.38981980024306
            ],
            "95th": [
                94.24166135623877,
                97.67441860465115
            ],
            "99th": [
                93.7379611657517,
                98.16715304335759
            ],
            "mean": 96.06548964624672,
            "median": 96.10136452241716
        }
    },
    "accuracy": {
        "90th": [
            0.956,
            0.975
        ],
        "95th": [
            0.955,
            0.977
        ],
        "99th": [
            0.952,
            0.9800049999999999
        ],
        "mean": 0.9661144999999999,
        "median": 0.966
    },
    "cohen_kappa": {
        "90th": [
            0.9120029566910247,
            0.9499980399225569
        ],
        "95th": [
            0.9097235718663285,
            0.9539558528691428
        ],
        "99th": [
            0.9039811184352874,
            0.9600067336297855
        ],
        "mean": 0.9321696427184367,
        "median": 0.9319855809388051
    },
    "macro avg": {
        "f1-score": {
            "90th": [
                0.9559971046067741,
                0.9749979748359616
            ],
            "95th": [
                0.9548422547009502,
                0.9769778757385847
            ],
            "99th": [
                0.9519842429836295,
                0.9800020837056951
            ],
            "mean": 0.9660823885034294,
            "median": 0.9659912937712054
        },
        "precision": {
            "90th": [
                0.9564020540527092,
                0.9750995526372579
            ],
            "95th": [
                0.9545257089892536,
                0.9769109763421192
            ],
            "99th": [
                0.9520185894956165,
                0.980267530975502
            ],
            "mean": 0.966116739208137,
            "median": 0.9660234563753021
        },
        "recall": {
            "90th": [
                0.9562441827059457,
                0.9751629798599663
            ],
            "95th": [
                0.9546864011315612,
                0.9769779128737218
            ],
            "99th": [
                0.9521630288953877,
                0.9801559996427237
            ],
            "mean": 0.9661808986419296,
            "median": 0.9660592168087776
        }
    },
    "weighted avg": {
        "f1-score": {
            "90th": [
                0.9560097611638926,
                0.9750041420404685
            ],
            "95th": [
                0.9549851086857782,
                0.9769985578222932
            ],
            "99th": [
                0.9519986470975961,
                0.9800073829679415
            ],
            "mean": 0.9661156900133308,
            "median": 0.9660015643752635
        },
        "precision": {
            "90th": [
                0.9563614311987825,
                0.9751428721251288
            ],
            "95th": [
                0.9550026075911021,
                0.9770153702753427
            ],
            "99th": [
                0.9522365803967966,
                0.9801930133946613
            ],
            "mean": 0.966249474966827,