overall accuracy,0.902
cohen kappa,0.804
""
Confidence Interval,90%,95%,98%,99%
Overall Accuracy,0.015419140105725737,0.01842775280928198,0.021906461247768884,0.0242569399224222
""
class,f1-score,precision,recall,support
Mangrove,0.9061302681992338,0.946,0.8694852941176471,544
Other,0.897489539748954,0.858,0.9407894736842105,456
""
macro avg,0.9018099039740939,0.9019999999999999,0.9051373839009288,1000
weighted (pixel) avg,0.9021900960259062,0.9058720000000001,0.902,1000
""
Confidence Interval,90%,95%,98%,99%
Mangrove,0.01657682275950371,0.019811324761358096,0.023551217701002228,0.026078172389950964
Other,0.02560039474695654,0.03059559372197245,0.0363712925368346,0.04027379173606578
""
Point Count Confusion Matrix
,Mangrove,Other,User Acc
Mangrove,473,71,86.94852941176471
Other,27,429,94.07894736842105
Producer,94.6,85.8
""
