{
    "Mangrove": {
        "f1-score": {
            "90th": [
                0.9749451874110114,
                0.9886947584789311
            ],
            "95th": [
                0.9733990147783251,
                0.9900803453792585
            ],
            "99th": [
                0.9707361754814859,
                0.9922933837373715
            ],
            "mean": 0.9820425131964013,
            "median": 0.982213438735178
        },
        "precision": {
            "90th": [
                0.9716962034985869,
                0.9915468861497821
            ],
            "95th": [
                0.96975653714565,
                0.9922178988326849
            ],
            "99th": [
                0.9668036315222008,
                0.9941862701252236
            ],
            "mean": 0.9818779832848413,
            "median": 0.9821073558648111
        },
        "producer_accuracy": {
            "90th": [
                97.16962034985869,
                99.15468861497821
            ],
            "95th": [
                96.975653714565,
                99.22178988326849
            ],
            "99th": [
                96.68036315222008,
                99.41862701252236
            ],
            "mean": 98.18779832848412,
            "median": 98.2107355864811
        },
        "recall": {
            "90th": [
                0.9720558882235529,
                0.9918533604887984
            ],
            "95th": [
                0.9698921492421297,
                0.9923228245122481
            ],
            "99th": [
                0.9659993172690763,
                0.9959350416378658
            ],
            "mean": 0.9822419568360533,
            "median": 0.9823529411764705
        },
        "support": {
            "90th": [
                472.0,
                526.0
            ],
            "95th": [
                468.0,
                529.0249999999999
            ],
            "99th": [
                456.0,
                540.0049999999999
            ],
            "mean": 499.4925,
            "median": 500.0
        },
        "user_accuracy": {
            "90th": [
                97.2055888223553,
                99.18533604887983
            ],
            "95th": [
                96.98921492421297,
                99.2322824512248
            ],
            "99th": [
                96.59993172690763,
                99.59350416378658
            ],
            "mean": 98.22419568360533,
            "median": 98.23529411764706
        }
    },
    "Other": {
        "f1-score": {
            "90th": [
                0.9751309771309771,
                0.9886970727555987
            ],
            "95th": [
                0.9733451773824553,
                0.9899598393574297
            ],
            "99th": [
                0.9706773141877211,
                0.9923387816794966
            ],
            "mean": 0.9820711644492796,
            "median": 0.982213438735178
        },
        "precision": {
            "90th": [
                0.972,
                0.9918383938941431
            ],
            "95th": [
                0.969758064516129,
                0.9923375310432738
            ],
            "99th": [
                0.9656651926995274,
                0.9959433681194673
            ],
            "mean": 0.9822608096622776,
            "median": 0.9823874755381604
        },
        "producer_accuracy": {
            "90th": [
                97.2,
                99.1838393894143
            ],
            "95th": [
                96.9758064516129,
                99.23375310432738
            ],
            "99th": [
                96.56651926995274,
                99.59433681194673
            ],
            "mean": 98.22608096622774,
            "median": 98.23874755381604
        },
        "recall": {
            "90th": [
                0.9719061560373478,
                0.9915442324332522
            ],
            "95th": [
                0.9696954361428046,
                0.9921886377427185
            ],
            "99th": [
                0.9658441541087129,
                0.9942748091603053
            ],
            "mean": 0.9819164826887989,
            "median": 0.9821073558648111
        },
        "support": {
            "90th": [
                474.0,
                528.0
            ],
            "95th": [
                470.975,
                532.0
            ],
            "99th": [
                459.995,
                544.0
            ],
            "mean": 500.5075,
            "median": 500.0
        },
        "user_accuracy": {
            "90th": [
                97.19061560373477,
                99.15442324332521
            ],
            "95th": [
                96.96954361428045,
                99.21886377427184
            ],
            "99th": [
                96.58441541087129,
                99.42748091603053
            ],
            "mean": 98.19164826887989,
            "median": 98.2107355864811
        }
    },
    "accuracy": {
        "90th": [
            0.975,
            0.989
        ],
        "95th": [
            0.9739749999999999,
            0.99
        ],
        "99th": [
            0.971,
            0.992
        ],
        "mean": 0.982075,
        "median": 0.982
    },
    "cohen_kappa": {
        "90th": [
            0.9499779903157389,
            0.977947789155976
        ],
        "95th": [
            0.947656297750282,
            0.9799938661178221
        ],
        "99th": [
            0.9419985986858488,
            0.9839986629276578
        ],
        "mean": 0.9641143445773667,
        "median": 0.9639948152533965
    },
    "macro avg": {
        "f1-score": {
            "90th": [
                0.9749889701358299,
                0.9889736315230737
            ],
            "95th": [
                0.9738277270805152,
                0.989996775959764
            ],
            "99th": [
                0.9709985742897643,
                0.991999203920392
            ],
            "mean": 0.9820568388228404,
            "median": 0.9819974076266982
        },
        "precision": {
            "90th": [
                0.9750267076220415,
                0.9889062202728972
            ],
            "95th": [
                0.9735652630837941,
                0.9900118244560835
            ],
            "99th": [
                0.9710922353999167,
                0.992117465059909
            ],
            "mean": 0.9820693964735593,
            "median": 0.9820365034806212
        },
        "recall": {
            "90th": [
                0.9749875947490108,
                0.9889349693418079
            ],
            "95th": [
                0.9736446569852008,
                0.9899999429979
            ],
            "99th": [
                0.9709999776796429,
                0.9920844850734678
            ],
            "mean": 0.9820792197624261,
            "median": 0.9820455146245781
        }
    },
    "weighted avg": {
        "f1-score": {
            "90th": [
                0.9749999199999201,
                0.9889994829624273
            ],
            "95th": [
                0.9739685522500711,
                0.99
            ],
            "99th": [
                0.9709998491958644,
                0.9920005790732257
            ],
            "mean": 0.98207509025153,
            "median": 0.9820007202881151
        },
        "precision": {
            "90th": [
                0.9750252157291659,
                0.9890015211233877
            ],
            "95th": [
                0.9739794932232173,
                0.9900302625247825
            ],
            "99th": [
                0.9710921021720258,
                0.9920329083511399
            ],
            "mean": 0.9821100474956047,
            "median": 0.9820334433443344
        },