{
    "Mangrove": {
        "f1-score": {
            "90th": [
                0.9647278828962741,
                0.981243830207305
            ],
            "95th": [
                0.9626637664289811,
                0.982558982951734
            ],
            "99th": [
                0.9584167261902387,
                0.98578239253856
            ],
            "mean": 0.9732825073448377,
            "median": 0.9733990147783251
        },
        "precision": {
            "90th": [
                0.979334556428106,
                0.9959432048681541
            ],
            "95th": [
                0.9772244916368135,
                0.9961240310077519
            ],
            "99th": [
                0.9737365730475487,
                0.998019801980198
            ],
            "mean": 0.9880729894110816,
            "median": 0.9882583170254403
        },
        "producer_accuracy": {
            "90th": [
                97.9334556428106,
                99.59432048681542
            ],
            "95th": [
                97.72244916368136,
                99.6124031007752
            ],
            "99th": [
                97.37365730475487,
                99.8019801980198
            ],
            "mean": 98.80729894110817,
            "median": 98.82583170254404
        },
        "recall": {
            "90th": [
                0.9442231075697212,
                0.972605415239726
            ],
            "95th": [
                0.9409521934758156,
                0.9752392721347094
            ],
            "99th": [
                0.9344878880423257,
                0.9813115077130953
            ],
            "mean": 0.9589791508852531,
            "median": 0.9592233009708738
        },
        "support": {
            "90th": [
                490.0,
                541.0
            ],
            "95th": [
                484.0,
                545.0
            ],
            "99th": [
                472.995,
                551.0049999999999
            ],
            "mean": 515.1305,
            "median": 515.0
        },
        "user_accuracy": {
            "90th": [
                94.42231075697211,
                97.2605415239726
            ],
            "95th": [
                94.09521934758156,
                97.52392721347093
            ],
            "99th": [
                93.44878880423258,
                98.13115077130952
            ],
            "mean": 95.89791508852531,
            "median": 95.92233009708738
        }
    },
    "Other": {
        "f1-score": {
            "90th": [
                0.9638529298164737,
                0.9806048762698162
            ],
            "95th": [
                0.9616935483870969,
                0.9821989528795811
            ],
            "99th": [
                0.9573551636129538,
                0.984833317858706
            ],
            "mean": 0.9724773332343832,
            "median": 0.9725330620549338
        },
        "precision": {
            "90th": [
                0.9429731362238932,
                0.9719466933867735
            ],
            "95th": [
                0.9399939759036144,
                0.9740838983378347
            ],
            "99th": [
                0.9334573302082859,
                0.9810130571215828
            ],
            "mean": 0.9577661153073598,
            "median": 0.9580152671755725
        },
        "producer_accuracy": {
            "90th": [
                94.29731362238932,
                97.19466933867734
            ],
            "95th": [
                93.99939759036144,
                97.40838983378347
            ],
            "99th": [
                93.3457330208286,
                98.10130571215828
            ],
            "mean": 95.77661153073598,
            "median": 95.80152671755725
        },
        "recall": {
            "90th": [
                0.9786324786324786,
                0.9957899159663866
            ],
            "95th": [
                0.9763920931652784,
                0.9959679447653664
            ],
            "99th": [
                0.9722211111111111,
                0.9979758299595142
            ],
            "mean": 0.9877044902684454,
            "median": 0.9878542510121457
        },
        "support": {
            "90th": [
                459.0,
                510.0
            ],
            "95th": [
                455.0,
                516.0
            ],
            "99th": [
                448.995,
                527.0049999999999
            ],
            "mean": 484.8695,
            "median": 485.0
        },
        "user_accuracy": {
            "90th": [
                97.86324786324786,
                99.57899159663866
            ],
            "95th": [
                97.63920931652784,
                99.59679447653663
            ],
            "99th": [
                97.2221111111111,
                99.79758299595142
            ],
            "mean": 98.77044902684455,
            "median": 98.78542510121457
        }
    },
    "accuracy": {
        "90th": [
            0.964,
            0.981
        ],
        "95th": [
            0.9629749999999999,
            0.982
        ],
        "99th": [
            0.959,
            0.985
        ],
        "mean": 0.9729114999999999,
        "median": 0.973
    },
    "cohen_kappa": {
        "90th": [
            0.9280414337423964,
            0.9619808383425247
        ],
        "95th": [
            0.9255820273970973,
            0.9640029049648815
        ],
        "99th": [
            0.917908937569859,
            0.9699942592989278
        ],
        "mean": 0.945774730191267,
        "median": 0.9459870368888533
    },
    "macro avg": {
        "f1-score": {
            "90th": [
                0.9639998559994241,
                0.9809881175734834
            ],
            "95th": [
                0.9627708694286669,
                0.9819997173955
            ],
            "99th": [
                0.9589166879050809,
                0.9849946010531585
            ],
            "mean": 0.9728799202896105,
            "median": 0.9729880877466963
        },
        "precision": {
            "90th": [
                0.9645501396471348,
                0.9808529861193169
            ],
            "95th": [
                0.9626404393627785,
                0.982284164714807
            ],
            "99th": [
                0.9586660897275875,
                0.9849797705774128
            ],
            "mean": 0.9729195523592207,
            "median": 0.973
        },
        "recall": {
            "90th": [
                0.9649438044340896,
                0.9812391221369773
            ],
            "95th": [
                0.9631597881921508,
                0.9824981950604342
            ],
            "99th": [
                0.9595701229471267,
                0.9854026352320855
            ],
            "mean": 0.9733418205768491,
            "median": 0.9734280175829745
        }
    },
    "weighted avg": {
        "f1-score": {
            "90th": [
                0.9640534268047007,
                0.9810018983350345
            ],
            "95th": [
                0.9629554578343738,
                0.9820087380594454
            ],
            "99th": [
                0.9589944135155117,
                0.9850037383192567
            ],
            "mean": 0.9729176731580058,
            "median": 0.9730048066911402
        },
        "precision": {
            "90th": [
                0.9651587665752149,
                0.981167385105933
            ],
            "95th": [
                0.9633654478593383,
                0.9823850441668468
            ],
            "99th": [
                0.9597162971070428,
                0.9852591731411863
            ],
            "mean": 0.9734239867733849,
            "median": 0.9734483835741372
        },