{
    "Mangrove": {
        "f1-score": 0.9829488465396189,
        "precision": 0.98,
        "recall": 0.9859154929577465,
        "support": 497
    },
    "Other": {
        "f1-score": 0.9830508474576272,
        "precision": 0.986,
        "recall": 0.9801192842942346,
        "support": 503
    },
    "accuracy": 0.983,
    "accuracy_conf_interval": [
        0.006704170761548368,
        0.008012301641850489,
        0.009524827972199817,
        0.010546805222435849
    ],
    "cls_confidence_intervals": {
        "Mangrove": [
            0.010268024152679038,
            0.01227154106051885,
            0.014588107485208635,
            0.01615335506945849
        ],
        "Other": [
            0.008617103736174936,
            0.01029848983103834,
            0.01224259250322415,
            0.013556175389836183
        ]
    },
    "cohen_kappa": 0.966,
    "confusion_matrix": [
        [
            490,
            7
        ],
        [
            10,
            493
        ]
    ],
    "macro avg": {
        "f1-score": 0.982999846998623,
        "precision": 0.983,
        "recall": 0.9830173886259905,
        "support": 1000
    },
    "producer_accuracy": [
        98.0,
        98.6
    ],
    "user_accuracy": [
        98.59154929577466,
        98.01192842942345
    ],
    "weighted avg": {
        "f1-score": 0.983000153001377,
        "precision": 0.9830180000000001,
        "recall": 0.983,
        "support": 1000
    }
}