{
    "Mangrove": {
        "f1-score": {
            "90th": [
                0.9387002345622032,
                0.9676258992805754
            ],
            "95th": [
                0.9354262385582506,
                0.9703315881326352
            ],
            "99th": [
                0.9288382348151767,
                0.9737716566752848
            ],
            "mean": 0.9534018022440468,
            "median": 0.9535283993115318
        },
        "precision": {
            "90th": [
                0.8908420660481662,
                0.9418240469208211
            ],
            "95th": [
                0.8848620951417003,
                0.946036866359447
            ],
            "99th": [
                0.8754187710437711,
                0.9538464266230224
            ],
            "mean": 0.9171030880032981,
            "median": 0.9174603174603174
        },
        "producer_accuracy": {
            "90th": [
                89.08420660481661,
                94.1824046920821
            ],
            "95th": [
                88.48620951417003,
                94.60368663594468
            ],
            "99th": [
                87.54187710437711,
                95.38464266230224
            ],
            "mean": 91.71030880032981,
            "median": 91.74603174603175
        },
        "recall": {
            "90th": [
                0.9826929337014576,
                1.0
            ],
            "95th": [
                0.9809160305343512,
                1.0
            ],
            "99th": [
                0.9764297739297739,
                1.0
            ],
            "mean": 0.9928514795680046,
            "median": 0.9929577464788732
        },
        "support": {
            "90th": [
                257.0,
                297.0
            ],
            "95th": [
                253.0,
                300.0
            ],
            "99th": [
                247.995,
                310.0
            ],
            "mean": 277.2155,
            "median": 277.0
        },
        "user_accuracy": {
            "90th": [
                98.26929337014575,
                100.0
            ],
            "95th": [
                98.09160305343512,
                100.0
            ],
            "99th": [
                97.6429773929774,
                100.0
            ],
            "mean": 99.28514795680046,
            "median": 99.29577464788733
        }
    },
    "Other": {
        "f1-score": {
            "90th": [
                0.9434495732255166,
                0.969879995417486
            ],
            "95th": [
                0.9407891953869445,
                0.9720496894409937
            ],
            "99th": [
                0.9354784516129032,
                0.975451275508174
            ],
            "mean": 0.9568307128078798,
            "median": 0.9569162189964567
        },
        "precision": {
            "90th": [
                0.9840255591054313,
                1.0
            ],
            "95th": [
                0.9826989619377162,
                1.0
            ],
            "99th": [
                0.9776332247488986,
                1.0
            ],
            "mean": 0.9934027347936858,
            "median": 0.9934640522875817
        },
        "producer_accuracy": {
            "90th": [
                98.40255591054313,
                100.0
            ],
            "95th": [
                98.26989619377161,
                100.0
            ],
            "99th": [
                97.76332247488986,
                100.0
            ],
            "mean": 99.34027347936856,
            "median": 99.34640522875817
        },
        "recall": {
            "90th": [
                0.8983554136484941,
                0.94632991142241
            ],
            "95th": [
                0.8947328788839569,
                0.9501557632398754
            ],
            "99th": [
                0.8857880137521488,
                0.9555616394492474
            ],
            "mean": 0.9229704526072671,
            "median": 0.9230769230769231
        },
        "support": {
            "90th": [
                303.0,
                343.0
            ],
            "95th": [
                300.0,
                347.0
            ],
            "99th": [
                290.0,
                352.0049999999999
            ],
            "mean": 322.7845,
            "median": 323.0
        },
        "user_accuracy": {
            "90th": [
                89.83554136484942,
                94.632991142241
            ],
            "95th": [
                89.47328788839569,
                95.01557632398755
            ],
            "99th": [
                88.57880137521488,
                95.55616394492473
            ],
            "mean": 92.2970452607267,
            "median": 92.3076923076923
        }
    },
    "accuracy": {
        "90th": [
            0.9416666666666667,
            0.9683333333333334
        ],
        "95th": [
            0.9383333333333334,
            0.97
        ],
        "99th": [
            0.9333250000000001,
            0.975
        ],
        "mean": 0.9552491666666667,
        "median": 0.955
    },
    "cohen_kappa": {
        "90th": [
            0.8832523882786896,
            0.9366910757014183
        ],
        "95th": [
            0.8768964599414426,
            0.9400513393652492
        ],
        "99th": [
            0.8656127068368563,
            0.9497084710782869
        ],
        "mean": 0.9103781812443451,
        "median": 0.9100599600266489
    },
    "macro avg": {
        "f1-score": {
            "90th": [
                0.9414885639586309,
                0.9683226862362071
            ],
            "95th": [
                0.9382944930972477,
                0.9699996666629629
            ],
            "99th": [
                0.9325615871945425,
                0.9748457147611508
            ],
            "mean": 0.9551162575259632,
            "median": 0.9549638459763532
        },
        "precision": {
            "90th": [
                0.9416361708035924,
                0.9686434274130407
            ],
            "95th": [
                0.938968058166249,
                0.9709702379180636
            ],
            "99th": [
                0.9330678323302409,
                0.9742784555053445
            ],
            "mean": 0.955252911398492,
            "median": 0.9552648415868537
        },
        "recall": {
            "90th": [
                0.9452215301146408,
                0.9702380952380952
            ],
            "95th": [
                0.9427593220322299,
                0.9723943597266986
            ],
            "99th": [
                0.9372288317797329,
                0.9758289684547908
            ],
            "mean": 0.9579109660876358,
            "median": 0.9580633851133469
        }
    },
    "weighted avg": {
        "f1-score": {
            "90th": [
                0.9417215830053852,
                0.9683904392453733
            ],
            "95th": [
                0.9385170667216097,
                0.9700794815201192
            ],
            "99th": [
                0.9333136334741499,
                0.9750084132444516
            ],
            "mean": 0.9553171177394547,
            "median": 0.9551009685736186
        },
        "precision": {
            "90th": [
                0.9465514742481577,
                0.970313155353201
            ],
            "95th": [
                0.9440979783823445,
                0.9718821979537312
            ],
            "99th": [
                0.9393228903211062,
                0.9757308768735181
            ],
            "mean": 0.9582902640167242,
            "median": 0.9583746219533892
        },