{
    "Mangrove": {
        "f1-score": {
            "90th": [
                0.9000939663699307,
                0.9298934333881155
            ],
            "95th": [
                0.8967426430067231,
                0.9324621769839746
            ],
            "99th": [
                0.8910503976609058,
                0.9360082413968625
            ],
            "mean": 0.9152417680945417,
            "median": 0.915399074609601
        },
        "precision": {
            "90th": [
                0.9539078156312625,
                0.9808433194750142
            ],
            "95th": [
                0.9511665391051669,
                0.9835399396658807
            ],
            "99th": [
                0.9462126649976296,
                0.9861936999651932
            ],
            "mean": 0.9681719216835825,
            "median": 0.9685534591194969
        },
        "producer_accuracy": {
            "90th": [
                95.39078156312625,
                98.08433194750141
            ],
            "95th": [
                95.1166539105167,
                98.35399396658808
            ],
            "99th": [
                94.62126649976295,
                98.61936999651932
            ],
            "mean": 96.81719216835825,
            "median": 96.85534591194968
        },
        "recall": {
            "90th": [
                0.8430313669254479,
                0.8907203179334326
            ],
            "95th": [
                0.8383073897397271,
                0.8942659847008732
            ],
            "99th": [
                0.8289670728505459,
                0.9034638289005841
            ],
            "mean": 0.867930211310541,
            "median": 0.868231046931408
        },
        "support": {
            "90th": [
                533.0,
                584.0
            ],
            "95th": [
                527.0,
                589.0
            ],
            "99th": [
                517.0,
                596.0
            ],
            "mean": 558.239,
            "median": 559.0
        },
        "user_accuracy": {
            "90th": [
                84.30313669254478,
                89.07203179334327
            ],
            "95th": [
                83.83073897397271,
                89.42659847008731
            ],
            "99th": [
                82.89670728505459,
                90.34638289005841
            ],
            "mean": 86.79302113105409,
            "median": 86.82310469314079
        }
    },
    "Other": {
        "f1-score": {
            "90th": [
                0.8872172296250388,
                0.9207754995147351
            ],
            "95th": [
                0.8836678094263853,
                0.9235740928158381
            ],
            "99th": [
                0.8765870738201267,
                0.9290864463166622
            ],
            "mean": 0.904660800800128,
            "median": 0.904862579281184
        },
        "precision": {
            "90th": [
                0.8256648636466081,
                0.8782976885522794
            ],
            "95th": [
                0.8185481882674811,
                0.8824742268041237
            ],
            "99th": [
                0.8088485190894847,
                0.891014169555675
            ],
            "mean": 0.8524075170993799,
            "median": 0.8529119401239621
        },
        "producer_accuracy": {
            "90th": [
                82.5664863646608,
                87.82976885522794
            ],
            "95th": [
                81.85481882674812,
                88.24742268041237
            ],
            "99th": [
                80.88485190894846,
                89.1014169555675
            ],
            "mean": 85.24075170993798,
            "median": 85.2911940123962
        },
        "recall": {
            "90th": [
                0.9484188785197754,
                0.9780546384066461
            ],
            "95th": [
                0.9451730549199084,
                0.9812657313576572
            ],
            "99th": [
                0.9376498524044506,
                0.9841990006848099
            ],
            "mean": 0.9639489899336076,
            "median": 0.9643705463182898
        },
        "support": {
            "90th": [
                416.0,
                467.0
            ],
            "95th": [
                411.0,
                473.0
            ],
            "99th": [
                404.0,
                483.0
            ],
            "mean": 441.761,
            "median": 441.0
        },
        "user_accuracy": {
            "90th": [
                94.84188785197753,
                97.8054638406646
            ],
            "95th": [
                94.51730549199085,
                98.12657313576571
            ],
            "99th": [
                93.76498524044506,
                98.419900068481
            ],
            "mean": 96.39489899336075,
            "median": 96.43705463182897
        }
    },
    "accuracy": {
        "90th": [
            0.895,
            0.925
        ],
        "95th": [
            0.892,
            0.928
        ],
        "99th": [
            0.886,
            0.932
        ],
        "mean": 0.9103430000000001,
        "median": 0.911
    },
    "cohen_kappa": {
        "90th": [
            0.7899278169731683,
            0.8500819142785146
        ],
        "95th": [
            0.7830115106880033,
            0.8551948395497241
        ],
        "99th": [
            0.7724494523173433,
            0.8641908715255765
        ],
        "mean": 0.820532815129538,
        "median": 0.8209032043005603
    },
    "macro avg": {
        "f1-score": {
            "90th": [
                0.8944358860460416,
                0.9248748862877756
            ],
            "95th": [
                0.8909963589783235,
                0.9274690570865279
            ],
            "99th": [
                0.885587832313545,
                0.9319020910226198
            ],
            "mean": 0.9099512844473349,
            "median": 0.9101368610648659
        },
        "precision": {
            "90th": [
                0.8951234732948821,
                0.9248473236356057
            ],
            "95th": [
                0.8917009829276175,
                0.9273475409945073
            ],
            "99th": [
                0.8855569874031086,
                0.9323337116340691
            ],
            "mean": 0.9102897193914812,
            "median": 0.9103874264702811
        },
        "recall": {
            "90th": [
                0.9018238927734147,
                0.9297715302941544
            ],
            "95th": [
                0.8981556700953836,
                0.9321141115497584
            ],
            "99th": [
                0.892980345814104,
                0.9365663518974874
            ],
            "mean": 0.9159396006220742,
            "median": 0.9161238935455784
        }
    },
    "weighted avg": {
        "f1-score": {
            "90th": [
                0.8954708906261871,
                0.9253030853000164
            ],
            "95th": [
                0.892293124624566,
                0.928191124770121
            ],
            "99th": [
                0.8864527500948604,
                0.9322632695346369
            ],
            "mean": 0.9106521022110624,
            "median": 0.9110999875082766
        },
        "precision": {
            "90th": [
                0.9036523280569366,
                0.9302578230029023
            ],
            "95th": [
                0.9005125199291344,
                0.9323259193357826
            ],
            "99th": [
                0.894960049433893,
                0.9365898450669161
            ],
            "mean": 0.917192506418671,
            "median": 0.9172806453140455
        },