{
    "Mangrove": {
        "f1-score": {
            "90th": [
                0.9430025732865042,
                0.9687966778656947
            ],
            "95th": [
                0.9399231588984239,
                0.9714285714285714
            ],
            "99th": [
                0.9352011619636229,
                0.9769604641104797
            ],
            "mean": 0.9564229992097024,
            "median": 0.9565217391304348
        },
        "precision": {
            "90th": [
                0.9847977840365114,
                1.0
            ],
            "95th": [
                0.9829931972789115,
                1.0
            ],
            "99th": [
                0.9793099868750745,
                1.0
            ],
            "mean": 0.9931941433997499,
            "median": 0.9933774834437086
        },
        "producer_accuracy": {
            "90th": [
                98.47977840365114,
                100.0
            ],
            "95th": [
                98.29931972789116,
                100.0
            ],
            "99th": [
                97.93099868750745,
                100.0
            ],
            "mean": 99.31941433997498,
            "median": 99.33774834437085
        },
        "recall": {
            "90th": [
                0.8984100962789487,
                0.9452887537993921
            ],
            "95th": [
                0.8931671259008054,
                0.9492605584067046
            ],
            "99th": [
                0.8844878816006602,
                0.957832491255344
            ],
            "mean": 0.9223957891268745,
            "median": 0.9226006191950464
        },
        "support": {
            "90th": [
                303.95,
                343.0
            ],
            "95th": [
                299.0,
                347.0
            ],
            "99th": [
                293.0,
                355.0049999999999
            ],
            "mean": 322.9905,
            "median": 323.0
        },
        "user_accuracy": {
            "90th": [
                89.84100962789488,
                94.52887537993921
            ],
            "95th": [
                89.31671259008054,
                94.92605584067047
            ],
            "99th": [
                88.44878816006602,
                95.7832491255344
            ],
            "mean": 92.23957891268746,
            "median": 92.26006191950464
        }
    },
    "Other": {
        "f1-score": {
            "90th": [
                0.9382652411862035,
                0.9668895030505292
            ],
            "95th": [
                0.935250538623392,
                0.9693069321340727
            ],
            "99th": [
                0.9304808916573623,
                0.974706365935919
            ],
            "mean": 0.9529388343568328,
            "median": 0.9533506044905009
        },
        "precision": {
            "90th": [
                0.8899520142841201,
                0.9413686397843424
            ],
            "95th": [
                0.8859037179814682,
                0.9457697232044872
            ],
            "99th": [
                0.8762521043298691,
                0.9537369484279389
            ],
            "mean": 0.9164386030881687,
            "median": 0.9171974522292994
        },
        "producer_accuracy": {
            "90th": [
                88.995201428412,
                94.13686397843423
            ],
            "95th": [
                88.59037179814682,
                94.57697232044872
            ],
            "99th": [
                87.62521043298692,
                95.3736948427939
            ],
            "mean": 91.64386030881685,
            "median": 91.71974522292994
        },
        "recall": {
            "90th": [
                0.9834935568245622,
                1.0
            ],
            "95th": [
                0.9816176470588235,
                1.0
            ],
            "99th": [
                0.9781021897810219,
                1.0
            ],
            "mean": 0.9926305236819827,
            "median": 0.9928571428571429
        },
        "support": {
            "90th": [
                257.0,
                296.04999999999995
            ],
            "95th": [
                253.0,
                301.0
            ],
            "99th": [
                244.995,
                307.0
            ],
            "mean": 277.0095,
            "median": 277.0
        },
        "user_accuracy": {
            "90th": [
                98.34935568245622,
                100.0
            ],
            "95th": [
                98.16176470588235,
                100.0
            ],
            "99th": [
                97.8102189781022,
                100.0
            ],
            "mean": 99.26305236819827,
            "median": 99.28571428571429
        }
    },
    "accuracy": {
        "90th": [
            0.94,
            0.9683333333333334
        ],
        "95th": [
            0.9383333333333334,
            0.97
        ],
        "99th": [
            0.9333333333333333,
            0.9766666666666667
        ],
        "mean": 0.9548208333333333,
        "median": 0.955
    },
    "cohen_kappa": {
        "90th": [
            0.8803717116417227,
            0.9360749978522952
        ],
        "95th": [
            0.8767896716311528,
            0.9400213424054803
        ],
        "99th": [
            0.8668319427279138,
            0.9530265375710069
        ],
        "mean": 0.9095107895252886,
        "median": 0.9100249930463822
    },
    "macro avg": {
        "f1-score": {
            "90th": [
                0.9400000000000001,
                0.9680057239925144
            ],
            "95th": [
                0.9382077232201327,
                0.9699917393853872
            ],
            "99th": [
                0.9332590134574978,
                0.976503791520979
            ],
            "mean": 0.9546809167832675,
            "median": 0.9549548297042312
        },
        "precision": {
            "90th": [
                0.9412410692318619,
                0.9676938559276702
            ],
            "95th": [
                0.9388286945254455,
                0.9701029349889585
            ],
            "99th": [
                0.9343776025486897,
                0.9753024734170858
            ],
            "mean": 0.9548163732439593,
            "median": 0.9551022226181463
        },
        "recall": {
            "90th": [
                0.9447788202891845,
                0.9692946813140635
            ],
            "95th": [
                0.9421889739521303,
                0.9717504168307487
            ],
            "99th": [
                0.9383209181443557,
                0.9769981362118505
            ],
            "mean": 0.9575131564044285,
            "median": 0.9575905792299164
        }
    },
    "weighted avg": {
        "f1-score": {
            "90th": [
                0.9403400252525254,
                0.9683261550620492
            ],
            "95th": [
                0.9384018666026589,
                0.9700242738172085
            ],
            "99th": [
                0.9335875525673181,
                0.9766654585777533
            ],
            "mean": 0.9548900909084973,
            "median": 0.9550623520833488
        },
        "precision": {
            "90th": [
                0.9458635214671174,
                0.9695276368456536
            ],
            "95th": [
                0.9436085067166035,
                0.9714292411728895
            ],
            "99th": [
                0.9402425143912945,
                0.9772071473906029
            ],
            "mean": 0.9578997052571899,
            "median": 0.9579736862575146
        },