{
    "Mangrove": {
        "f1-score": {
            "90th": [
                0.8995305164319249,
                0.930139911564431
            ],
            "95th": [
                0.8969674034574696,
                0.9324825914647799
            ],
            "99th": [
                0.8916818493791727,
                0.9377990902950636
            ],
            "mean": 0.9147916112120877,
            "median": 0.9148643931074687
        },
        "precision": {
            "90th": [
                0.9534860182657,
                0.98046875
            ],
            "95th": [
                0.9504950495049505,
                0.9824911223603188
            ],
            "99th": [
                0.9449885460913051,
                0.9859157752123966
            ],
            "mean": 0.9676697328729535,
            "median": 0.9680956811476649
        },
        "producer_accuracy": {
            "90th": [
                95.34860182657,
                98.046875
            ],
            "95th": [
                95.04950495049505,
                98.24911223603188
            ],
            "99th": [
                94.49885460913052,
                98.59157752123967
            ],
            "mean": 96.76697328729534,
            "median": 96.80956811476648
        },
        "recall": {
            "90th": [
                0.8439116379310344,
                0.8912338858195211
            ],
            "95th": [
                0.8397755213777313,
                0.8963652597402597
            ],
            "99th": [
                0.8308257868427976,
                0.9050315891076076
            ],
            "mean": 0.8675242260297195,
            "median": 0.8676723266626238
        },
        "support": {
            "90th": [
                532.0,
                584.0
            ],
            "95th": [
                526.0,
                588.0
            ],
            "99th": [
                517.0,
                597.0049999999999
            ],
            "mean": 557.814,
            "median": 558.0
        },
        "user_accuracy": {
            "90th": [
                84.39116379310344,
                89.12338858195213
            ],
            "95th": [
                83.97755213777313,
                89.63652597402597
            ],
            "99th": [
                83.08257868427977,
                90.50315891076077
            ],
            "mean": 86.75242260297195,
            "median": 86.76723266626237
        }
    },
    "Other": {
        "f1-score": {
            "90th": [
                0.8876883960515437,
                0.9207005358025923
            ],
            "95th": [
                0.884779445594663,
                0.9246485805033399
            ],
            "99th": [
                0.8782959696622279,
                0.9305586917562724
            ],
            "mean": 0.9043079868853328,
            "median": 0.9043207817498515
        },
        "precision": {
            "90th": [
                0.8267716535433071,
                0.87890625
            ],
            "95th": [
                0.8222179239200516,
                0.883537619867224
            ],
            "99th": [
                0.8131403616772503,
                0.8938374088374085
            ],
            "mean": 0.8521678167775554,
            "median": 0.852
        },
        "producer_accuracy": {
            "90th": [
                82.67716535433071,
                87.890625
            ],
            "95th": [
                82.22179239200516,
                88.3537619867224
            ],
            "99th": [
                81.31403616772504,
                89.38374088374084
            ],
            "mean": 85.21678167775552,
            "median": 85.2
        },
        "recall": {
            "90th": [
                0.9474937609659877,
                0.9777307597129423
            ],
            "95th": [
                0.944320443061525,
                0.98000110864745
            ],
            "99th": [
                0.9376428950343741,
                0.9846160549689962
            ],
            "mean": 0.9634553287062585,
            "median": 0.9638009049773756
        },
        "support": {
            "90th": [
                416.0,
                468.0
            ],
            "95th": [
                412.0,
                474.0
            ],
            "99th": [
                402.995,
                483.0
            ],
            "mean": 442.186,
            "median": 442.0
        },
        "user_accuracy": {
            "90th": [
                94.74937609659878,
                97.77307597129423
            ],
            "95th": [
                94.43204430615249,
                98.00011086474501
            ],
            "99th": [
                93.76428950343741,
                98.46160549689962
            ],
            "mean": 96.34553287062585,
            "median": 96.38009049773756
        }
    },
    "accuracy": {
        "90th": [
            0.895,
            0.925
        ],
        "95th": [
            0.892,
            0.928
        ],
        "99th": [
            0.887,
            0.933005
        ],
        "mean": 0.909938,
        "median": 0.91
    },
    "cohen_kappa": {
        "90th": [
            0.7904204999426048,
            0.8495079460269902
        ],
        "95th": [
            0.7844488395514385,
            0.8559145848675994
        ],
        "99th": [
            0.7752825782855657,
            0.8659885660917467
        ],
        "mean": 0.8197308592463343,
        "median": 0.8194945848375451
    },
    "macro avg": {
        "f1-score": {
            "90th": [
                0.8947665288361661,
                0.9245104418885108
            ],
            "95th": [
                0.8916354616931357,
                0.9278730637575451
            ],
            "99th": [
                0.8869734455835735,
                0.932892270229354
            ],
            "mean": 0.9095497990487103,
            "median": 0.9094346890540016
        },
        "precision": {
            "90th": [
                0.8953297734453056,
                0.9242253106394743
            ],
            "95th": [
                0.8924078868465185,
                0.9279751504866803
            ],
            "99th": [
                0.8876545464740372,
                0.9329267617070467
            ],
            "mean": 0.9099187748252544,
            "median": 0.9099062250345729
        },
        "recall": {
            "90th": [
                0.9011903350770469,
                0.9292578628445485
            ],
            "95th": [
                0.8990240139334498,
                0.9322463445037475
            ],
            "99th": [
                0.8936171647670713,
                0.9369017792142524
            ],
            "mean": 0.9154897773679889,
            "median": 0.9155083319386956
        }
    },
    "weighted avg": {
        "f1-score": {
            "90th": [
                0.8953644371677291,
                0.9252180605167493
            ],
            "95th": [
                0.8925753922621519,
                0.9282557102235057
            ],
            "99th": [
                0.8874735896074853,
                0.9333383137591871
            ],
            "mean": 0.910244233017686,
            "median": 0.9102402041934334
        },
        "precision": {
            "90th": [
                0.9033564269409805,
                0.9299548812380846
            ],
            "95th": [
                0.9012659887207743,
                0.9327067703281704
            ],
            "99th": [
                0.8961460860045509,
                0.9370584499972958
            ],
            "mean": 0.91676524810104,
            "median": 0.9166724670871864
        },