{
    "Mangrove": {
        "f1-score": {
            "90th": [
                0.9793497485082221,
                0.9919200065167807
            ],
            "95th": [
                0.977913351383798,
                0.9929929929929929
            ],
            "99th": [
                0.9745663431469618,
                0.9946638775326961
            ],
            "mean": 0.9857724219555433,
            "median": 0.9859719438877755
        },
        "precision": {
            "90th": [
                0.9669878841370456,
                0.9882352941176471
            ],
            "95th": [
                0.9646277715408363,
                0.9900199600798403
            ],
            "99th": [
                0.9597541510746723,
                0.9922035474606788
            ],
            "mean": 0.977979882352321,
            "median": 0.9782608695652174
        },
        "producer_accuracy": {
            "90th": [
                96.69878841370456,
                98.82352941176471
            ],
            "95th": [
                96.46277715408364,
                99.00199600798403
            ],
            "99th": [
                95.97541510746723,
                99.22035474606788
            ],
            "mean": 97.7979882352321,
            "median": 97.82608695652173
        },
        "recall": {
            "90th": [
                0.9874739039665971,
                0.9980888594356567
            ],
            "95th": [
                0.9857135553607946,
                1.0
            ],
            "99th": [
                0.9831221844586578,
                1.0
            ],
            "mean": 0.9937180147467789,
            "median": 0.9939516129032258
        },
        "support": {
            "90th": [
                466.0,
                517.0
            ],
            "95th": [
                462.0,
                522.0249999999999
            ],
            "99th": [
                451.995,
                531.0049999999999
            ],
            "mean": 492.4385,
            "median": 493.0
        },
        "user_accuracy": {
            "90th": [
                98.74739039665971,
                99.80888594356568
            ],
            "95th": [
                98.57135553607948,
                100.0
            ],
            "99th": [
                98.31221844586578,
                100.0
            ],
            "mean": 99.3718014746779,
            "median": 99.39516129032258
        }
    },
    "Other": {
        "f1-score": {
            "90th": [
                0.9795918367346939,
                0.9919200065167808
            ],
            "95th": [
                0.978237721110321,
                0.9930486593843098
            ],
            "99th": [
                0.9751429462997341,
                0.9948402525369358
            ],
            "mean": 0.9859692832666269,
            "median": 0.9861932938856015
        },
        "precision": {
            "90th": [
                0.9876543209876543,
                0.9981133852112426
            ],
            "95th": [
                0.9860279441117764,
                1.0
            ],
            "99th": [
                0.9835382390937946,
                1.0
            ],
            "mean": 0.9938070361837759,
            "median": 0.9940357852882704
        },
        "producer_accuracy": {
            "90th": [
                98.76543209876543,
                99.81133852112427
            ],
            "95th": [
                98.60279441117764,
                100.0
            ],
            "99th": [
                98.35382390937947,
                100.0
            ],
            "mean": 99.3807036183776,
            "median": 99.40357852882704
        },
        "recall": {
            "90th": [
                0.967431974779752,
                0.9883291104877387
            ],
            "95th": [
                0.9649466430944875,
                0.9902348509076511
            ],
            "99th": [
                0.9593003345014336,
                0.9923381654943673
            ],
            "mean": 0.978280697995171,
            "median": 0.9787234042553191
        },
        "support": {
            "90th": [
                483.0,
                534.0
            ],
            "95th": [
                477.975,
                538.0
            ],
            "99th": [
                468.995,
                548.0049999999999
            ],
            "mean": 507.5615,
            "median": 507.0
        },
        "user_accuracy": {
            "90th": [
                96.7431974779752,
                98.83291104877387
            ],
            "95th": [
                96.49466430944875,
                99.0234850907651
            ],
            "99th": [
                95.93003345014336,
                99.23381654943672
            ],
            "mean": 97.82806979951711,
            "median": 97.87234042553192
        }
    },
    "accuracy": {
        "90th": [
            0.98,
            0.992
        ],
        "95th": [
            0.978,
            0.993
        ],
        "99th": [
            0.975,
            0.995
        ],
        "mean": 0.985886,
        "median": 0.986
    },
    "cohen_kappa": {
        "90th": [
            0.9598712093472871,
            0.9839907818922013
        ],
        "95th": [
            0.9559910221685224,
            0.9859984514276575
        ],
        "99th": [
            0.9499747612638594,
            0.9899604151190491
        ],
        "mean": 0.9717441450891656,
        "median": 0.9719866656528507
    },
    "macro avg": {
        "f1-score": {
            "90th": [
                0.9799317554146112,
                0.9919953893442623
            ],
            "95th": [
                0.9779942873058576,
                0.9929991598989149
            ],
            "99th": [
                0.9749817617042824,
                0.9949800821692861
            ],
            "mean": 0.985870852611085,
            "median": 0.9859919313524591
        },
        "precision": {
            "90th": [
                0.9796633874599976,
                0.9919761191564178
            ],
            "95th": [
                0.9781353570041302,
                0.993006072024288
            ],
            "99th": [
                0.9749357966525478,
                0.9947799556534933
            ],
            "mean": 0.9858934592680485,
            "median": 0.986035497277902
        },
        "recall": {
            "90th": [
                0.9797333074930981,
                0.9919835366938595
            ],
            "95th": [
                0.9784451325854769,
                0.9930419994845726
            ],
            "99th": [
                0.9752114531938505,
                0.994866887001207
            ],
            "mean": 0.9859993563709749,
            "median": 0.9861653509651802
        }
    },
    "weighted avg": {
        "f1-score": {
            "90th": [
                0.9799863877738055,
                0.9919998447847475
            ],
            "95th": [
                0.9780073713461692,
                0.9930001512076613
            ],
            "99th": [
                0.9750020643242984,
                0.9949993252862868
            ],
            "mean": 0.98588678239117,
            "median": 0.9860014563150303
        },
        "precision": {
            "90th": [
                0.9800638431902279,
                0.992031002892108
            ],
            "95th": [
                0.9784044502139702,
                0.9930482399001814
            ],
            "99th": [
                0.9752498749383,
                0.9950166014093814
            ],
            "mean": 0.9860383357447654,
            "median": 0.9861457163681189
        },
        "recall": {
            "90th": [
                0.98,
                0.992
            ],