{
    "Mangrove": {
        "f1-score": {
            "90th": [
                0.9658935879945431,
                0.9842525317382537
            ],
            "95th": [
                0.9640843119434279,
                0.9857549857549858
            ],
            "99th": [
                0.9601047414937882,
                0.9891011128094932
            ],
            "mean": 0.9754143259609943,
            "median": 0.9756722151088347
        },
        "precision": {
            "90th": [
                0.9371509401488749,
                0.9714285714285714
            ],
            "95th": [
                0.9333290488431877,
                0.9744937482035068
            ],
            "99th": [
                0.9267012150011382,
                0.9802289683461032
            ],
            "mean": 0.9547102525028451,
            "median": 0.9551820728291317
        },
        "producer_accuracy": {
            "90th": [
                93.71509401488748,
                97.14285714285714
            ],
            "95th": [
                93.33290488431876,
                97.44937482035067
            ],
            "99th": [
                92.67012150011382,
                98.02289683461032
            ],
            "mean": 95.47102525028451,
            "median": 95.51820728291317
        },
        "recall": {
            "90th": [
                0.9916201117318436,
                1.0
            ],
            "95th": [
                0.9910972604917339,
                1.0
            ],
            "99th": [
                0.98823477046605,
                1.0
            ],
            "mean": 0.9971034461055649,
            "median": 0.9972451790633609
        },
        "support": {
            "90th": [
                336.0,
                382.0
            ],
            "95th": [
                332.0,
                386.02499999999986
            ],
            "99th": [
                323.995,
                394.0049999999999
            ],
            "mean": 359.5445,
            "median": 360.0
        },
        "user_accuracy": {
            "90th": [
                99.16201117318437,
                100.0
            ],
            "95th": [
                99.10972604917339,
                100.0
            ],
            "99th": [
                98.82347704660499,
                100.0
            ],
            "mean": 99.71034461055649,
            "median": 99.72451790633609
        }
    },
    "Other": {
        "f1-score": {
            "90th": [
                0.9670604757561281,
                0.9848484848484849
            ],
            "95th": [
                0.9658772903045122,
                0.9863030673388672
            ],
            "99th": [
                0.9628567210709701,
                0.9895015864531295
            ],
            "mean": 0.9763932458858232,
            "median": 0.9765721331689272
        },
        "precision": {
            "90th": [
                0.9920212765957447,
                1.0
            ],
            "95th": [
                0.9915718434583889,
                1.0
            ],
            "99th": [
                0.9887005649717514,
                1.0
            ],
            "mean": 0.9972198028404423,
            "median": 0.9973474801061007
        },
        "producer_accuracy": {
            "90th": [
                99.20212765957447,
                100.0
            ],
            "95th": [
                99.1571843458389,
                100.0
            ],
            "99th": [
                98.87005649717514,
                100.0
            ],
            "mean": 99.72198028404422,
            "median": 99.73474801061008
        },
        "recall": {
            "90th": [
                0.9389920424403183,
                0.9722956723162411
            ],
            "95th": [
                0.9363813545557902,
                0.9754931850789096
            ],
            "99th": [
                0.9309342888408466,
                0.9815794295949297
            ],
            "mean": 0.9564744776031766,
            "median": 0.9568527918781726
        },
        "support": {
            "90th": [
                368.0,
                414.0
            ],
            "95th": [
                363.975,
                418.0
            ],
            "99th": [
                355.995,
                426.0049999999999
            ],
            "mean": 390.4555,
            "median": 390.0
        },
        "user_accuracy": {
            "90th": [
                93.89920424403184,
                97.22956723162412
            ],
            "95th": [
                93.63813545557902,
                97.54931850789096
            ],
            "99th": [
                93.09342888408466,
                98.15794295949297
            ],
            "mean": 95.64744776031768,
            "median": 95.68527918781726
        }
    },
    "accuracy": {
        "90th": [
            0.9666666666666667,
            0.984
        ],
        "95th": [
            0.9653333333333334,
            0.9866666666666667
        ],
        "99th": [
            0.9613333333333334,
            0.9893333333333333
        ],
        "mean": 0.9759453333333333,
        "median": 0.976
    },
    "cohen_kappa": {
        "90th": [
            0.93335134328146,
            0.9680025029153275
        ],
        "95th": [
            0.9305778062586778,
            0.9731673654920396
        ],
        "99th": [
            0.9226364136454758,
            0.9786539432714381
        ],
        "mean": 0.951833187140568,
        "median": 0.952
    },
    "macro avg": {
        "f1-score": {
            "90th": [
                0.9666495319372976,
                0.9839972062647176
            ],
            "95th": [
                0.9652532768832724,
                0.9865813206464941
            ],
            "99th": [
                0.9612750876907432,
                0.9893257564196706
            ],
            "mean": 0.9759037859234088,
            "median": 0.9759916344183929
        },
        "precision": {
            "90th": [
                0.9669600564265024,
                0.984463920042752
            ],
            "95th": [
                0.9650750546725686,
                0.985956307001744
            ],
            "99th": [
                0.9614302380650432,
                0.989218580429399
            ],
            "mean": 0.9759650276716438,
            "median": 0.9761691414917222
        },
        "recall": {
            "90th": [
                0.9678992174150853,
                0.9849719538378959
            ],
            "95th": [
                0.9666010051194179,
                0.9864864864864865
            ],
            "99th": [
                0.9635428690309229,
                0.9895200203792837
            ],
            "mean": 0.9767889618543709,
            "median": 0.976923076923077
        }
    },
    "weighted avg": {
        "f1-score": {
            "90th": [
                0.9666802873307796,
                0.9840142904835276
            ],
            "95th": [
                0.9653491194639754,
                0.986659297762525
            ],
            "99th": [
                0.9613831587996485,
                0.9893347043296888
            ],
            "mean": 0.975956477643,
            "median": 0.9760122950819672
        },
        "precision": {
            "90th": [
                0.9684837375296838,
                0.984518918918919
            ],
            "95th": [
                0.9671786391787933,
                0.9867856439175254
            ],
            "99th": [
                0.9635691958411394,
                0.9895538591526188
            ],
            "mean": 0.9769098492732325,
            "median": 0.976941069293401
        },