{
    "Mangrove": {
        "f1-score": {
            "90th": [
                0.9926650366748166,
                1.0
            ],
            "95th": [
                0.9921259842519685,
                1.0
            ],
            "99th": [
                0.9894177079815377,
                1.0
            ],
            "mean": 0.9975143777040066,
            "median": 0.9975429975429976
        },
        "precision": {
            "90th": [
                1.0,
                1.0
            ],
            "95th": [
                1.0,
                1.0
            ],
            "99th": [
                1.0,
                1.0
            ],
            "mean": 1.0,
            "median": 1.0
        },
        "producer_accuracy": {
            "90th": [
                100.0,
                100.0
            ],
            "95th": [
                100.0,
                100.0
            ],
            "99th": [
                100.0,
                100.0
            ],
            "mean": 100.0,
            "median": 100.0
        },
        "recall": {
            "90th": [
                0.9854368932038835,
                1.0
            ],
            "95th": [
                0.984375,
                1.0
            ],
            "99th": [
                0.9790570405070267,
                1.0
            ],
            "mean": 0.9950527988659778,
            "median": 0.9950980392156863
        },
        "support": {
            "90th": [
                184.0,
                218.0
            ],
            "95th": [
                181.0,
                221.0
            ],
            "99th": [
                174.0,
                226.00499999999988
            ],
            "mean": 200.8285,
            "median": 201.0
        },
        "user_accuracy": {
            "90th": [
                98.54368932038835,
                100.0
            ],
            "95th": [
                98.4375,
                100.0
            ],
            "99th": [
                97.90570405070268,
                100.0
            ],
            "mean": 99.50527988659776,
            "median": 99.50980392156863
        }
    },
    "Other": {
        "f1-score": {
            "90th": [
                0.9926971430621067,
                1.0
            ],
            "95th": [
                0.9921671018276762,
                1.0
            ],
            "99th": [
                0.9896373056994818,
                1.0
            ],
            "mean": 0.9975053813985216,
            "median": 0.9975308641975309
        },
        "precision": {
            "90th": [
                0.9855001767408978,
                1.0
            ],
            "95th": [
                0.9844559585492227,
                1.0
            ],
            "99th": [
                0.9794871794871794,
                1.0
            ],
            "mean": 0.9950349399132694,
            "median": 0.9950738916256158
        },
        "producer_accuracy": {
            "90th": [
                98.5500176740898,
                100.0
            ],
            "95th": [
                98.44559585492227,
                100.0
            ],
            "99th": [
                97.94871794871794,
                100.0
            ],
            "mean": 99.50349399132695,
            "median": 99.50738916256158
        },
        "recall": {
            "90th": [
                1.0,
                1.0
            ],
            "95th": [
                1.0,
                1.0
            ],
            "99th": [
                1.0,
                1.0
            ],
            "mean": 1.0,
            "median": 1.0
        },
        "support": {
            "90th": [
                182.0,
                216.0
            ],
            "95th": [
                179.0,
                219.0
            ],
            "99th": [
                173.995,
                226.0
            ],
            "mean": 199.1715,
            "median": 199.0
        },
        "user_accuracy": {
            "90th": [
                100.0,
                100.0
            ],
            "95th": [
                100.0,
                100.0
            ],
            "99th": [
                100.0,
                100.0
            ],
            "mean": 100.0,
            "median": 100.0
        }
    },
    "accuracy": {
        "90th": [
            0.9925,
            1.0
        ],
        "95th": [
            0.9925,
            1.0
        ],
        "99th": [
            0.99,
            1.0
        ],
        "mean": 0.99751625,
        "median": 0.9975
    },
    "cohen_kappa": {
        "90th": [
            0.984984984984985,
            1.0
        ],
        "95th": [
            0.9849420268031923,
            1.0
        ],
        "99th": [
            0.9799297541394882,
            1.0
        ],
        "mean": 0.9950199032787208,
        "median": 0.9949974987493747
    },
    "macro avg": {
        "f1-score": {
            "90th": [
                0.9924920697486721,
                1.0
            ],
            "95th": [
                0.992470588235294,
                1.0
            ],
            "99th": [
                0.9899638699317543,
                1.0
            ],
            "mean": 0.997509879551264,
            "median": 0.9974987337339529
        },
        "precision": {
            "90th": [
                0.9927500883704489,
                1.0
            ],
            "95th": [
                0.9922279792746114,
                1.0
            ],
            "99th": [
                0.9897435897435898,
                1.0
            ],
            "mean": 0.9975174699566348,
            "median": 0.9975369458128078
        },
        "recall": {
            "90th": [
                0.9927184466019418,
                1.0
            ],
            "95th": [
                0.9921875,
                1.0
            ],
            "99th": [
                0.9895285202535133,
                1.0
            ],
            "mean": 0.9975263994329888,
            "median": 0.9975490196078431
        }
    },
    "weighted avg": {
        "f1-score": {
            "90th": [
                0.9925012662660471,
                1.0
            ],
            "95th": [
                0.9924973220829497,
                1.0
            ],
            "99th": [
                0.9899944807870685,
                1.0
            ],
            "mean": 0.9975162666984267,
            "median": 0.9975001094085064
        },
        "precision": {
            "90th": [
                0.9926142131979695,
                1.0
            ],
            "95th": [
                0.99260663507109,
                1.0
            ],
            "99th": [
                0.9901877890395332,
                1.0
            ],
            "mean": 0.9975402701451441,
            "median": 0.99751269035533
        },
        "recall": {
            "90th": [
                0.9925,
                1.0
            ],
            "95th": [
                0.9925,
                1.0
            ],
            "99th": [
                0.99,
                1.0
            ],
            "mean": 0.99751625,
            "median": 0.9975
        }
    }
}