{
    "Mangrove": {
        "f1-score": {
            "90th": [
                0.9425656259707984,
                0.9701517248196105
            ],
            "95th": [
                0.9399991423670669,
                0.9725615255340865
            ],
            "99th": [
                0.9346350674251332,
                0.9754516682574979
            ],
            "mean": 0.9569681660507099,
            "median": 0.9572238093252148
        },
        "precision": {
            "90th": [
                0.9843210743352155,
                1.0
            ],
            "95th": [
                0.9831649831649831,
                1.0
            ],
            "99th": [
                0.9793807298541005,
                1.0
            ],
            "mean": 0.9933969403700589,
            "median": 0.9934640522875817
        },
        "producer_accuracy": {
            "90th": [
                98.43210743352155,
                100.0
            ],
            "95th": [
                98.31649831649831,
                100.0
            ],
            "99th": [
                97.93807298541005,
                100.0
            ],
            "mean": 99.3396940370059,
            "median": 99.34640522875817
        },
        "recall": {
            "90th": [
                0.8981978717723788,
                0.9471952319455548
            ],
            "95th": [
                0.893067420564194,
                0.9516141214306598
            ],
            "99th": [
                0.8852404038384646,
                0.9593758128612716
            ],
            "mean": 0.9232402250798928,
            "median": 0.923795005807201
        },
        "support": {
            "90th": [
                304.0,
                344.0
            ],
            "95th": [
                298.0,
                348.0
            ],
            "99th": [
                292.0,
                355.0
            ],
            "mean": 323.0715,
            "median": 323.0
        },
        "user_accuracy": {
            "90th": [
                89.81978717723787,
                94.71952319455548
            ],
            "95th": [
                89.3067420564194,
                95.16141214306599
            ],
            "99th": [
                88.52404038384645,
                95.93758128612717
            ],
            "mean": 92.32402250798926,
            "median": 92.37950058072009
        }
    },
    "Other": {
        "f1-score": {
            "90th": [
                0.9384344329499144,
                0.9679498585637375
            ],
            "95th": [
                0.935483870967742,
                0.9702276707530647
            ],
            "99th": [
                0.9288389513108615,
                0.9742778102293386
            ],
            "mean": 0.9534883517517586,
            "median": 0.9536878216123499
        },
        "precision": {
            "90th": [
                0.890728476821192,
                0.9433398115429917
            ],
            "95th": [
                0.8849811354464435,
                0.9478869664537416
            ],
            "99th": [
                0.8737860764107491,
                0.9542300874210781
            ],
            "mean": 0.9172692968948994,
            "median": 0.9175257731958762
        },
        "producer_accuracy": {
            "90th": [
                89.0728476821192,
                94.33398115429918
            ],
            "95th": [
                88.49811354464435,
                94.78869664537416
            ],
            "99th": [
                87.37860764107492,
                95.4230087421078
            ],
            "mean": 91.72692968948994,
            "median": 91.75257731958763
        },
        "recall": {
            "90th": [
                0.9831621394121394,
                1.0
            ],
            "95th": [
                0.9818840579710145,
                1.0
            ],
            "99th": [
                0.9778581201542352,
                1.0
            ],
            "mean": 0.9928535696064583,
            "median": 0.9929078014184397
        },
        "support": {
            "90th": [
                256.0,
                296.0
            ],
            "95th": [
                252.0,
                302.0
            ],
            "99th": [
                245.0,
                308.0
            ],
            "mean": 276.9285,
            "median": 277.0
        },
        "user_accuracy": {
            "90th": [
                98.31621394121393,
                100.0
            ],
            "95th": [
                98.18840579710145,
                100.0
            ],
            "99th": [
                97.78581201542353,
                100.0
            ],
            "mean": 99.28535696064584,
            "median": 99.29078014184397
        }
    },
    "accuracy": {
        "90th": [
            0.9416666666666667,
            0.9683333333333334
        ],
        "95th": [
            0.9383333333333334,
            0.9716666666666667
        ],
        "99th": [
            0.9333333333333333,
            0.975
        ],
        "mean": 0.9553666666666667,
        "median": 0.955
    },
    "cohen_kappa": {
        "90th": [
            0.8824719828430705,
            0.9367159579024171
        ],
        "95th": [
            0.876871538708321,
            0.9431135303180178
        ],
        "99th": [
            0.8664917383899604,
            0.9499811706718843
        ],
        "mean": 0.9106020832064067,
        "median": 0.9101118607954546
    },
    "macro avg": {
        "f1-score": {
            "90th": [
                0.9410574297109849,
                0.968332576833037
            ],
            "95th": [
                0.9382837889305581,
                0.971534062704457
            ],
            "99th": [
                0.9330043684918571,
                0.9749749888362683
            ],
            "mean": 0.9552282589012342,
            "median": 0.9549938741662058
        },
        "precision": {
            "90th": [
                0.9417031416756844,
                0.9688875550220089
            ],
            "95th": [
                0.9389306599832916,
                0.9709391237107667
            ],
            "99th": [
                0.9332889399093769,
                0.9749499045973201
            ],
            "mean": 0.9553331186324793,
            "median": 0.9554140127388535
        },
        "recall": {
            "90th": [
                0.9443663856550248,
                0.9707307100122002
            ],
            "95th": [
                0.9422021932783381,
                0.9730182718027558
            ],
            "99th": [
                0.936904135971464,
                0.9759046767426849
            ],
            "mean": 0.9580468973431755,
            "median": 0.9581818181818182
        }
    },
    "weighted avg": {
        "f1-score": {
            "90th": [
                0.9416309972588409,
                0.9684164611086009
            ],
            "95th": [
                0.9384176867431652,
                0.9716774163810821
            ],
            "99th": [
                0.9334041172024367,
                0.9750068925944554
            ],
            "mean": 0.9554351525367586,
            "median": 0.9551321834751826
        },
        "precision": {
            "90th": [
                0.9460492130269914,
                0.9703874309348843
            ],
            "95th": [
                0.9437354016122967,
                0.9726834534010081
            ],
            "99th": [
                0.9396761878041716,
                0.9758773374649806
            ],
            "mean": 0.9584001847156037,
            "median": 0.9584412205838517
        },