{
    "Mangrove": {
        "f1-score": {
            "90th": [
                0.9656416422761196,
                0.9863481228668941
            ],
            "95th": [
                0.9636363636363637,
                0.9879548859834568
            ],
            "99th": [
                0.9594072916098619,
                0.991364570049257
            ],
            "mean": 0.9764222170866481,
            "median": 0.9766666666666668
        },
        "precision": {
            "90th": [
                0.9528539903539903,
                0.9847775519421861
            ],
            "95th": [
                0.948879880927717,
                0.9879040404040403
            ],
            "99th": [
                0.9428562329390354,
                0.9930072358197358
            ],
            "mean": 0.9698583298558132,
            "median": 0.9703337000366703
        },
        "producer_accuracy": {
            "90th": [
                95.28539903539902,
                98.4777551942186
            ],
            "95th": [
                94.88798809277169,
                98.79040404040404
            ],
            "99th": [
                94.28562329390354,
                99.30072358197359
            ],
            "mean": 96.98583298558131,
            "median": 97.03337000366703
        },
        "recall": {
            "90th": [
                0.9700996677740864,
                0.9935285520409228
            ],
            "95th": [
                0.9673868496079828,
                0.9965753424657534
            ],
            "99th": [
                0.9587998781799567,
                1.0
            ],
            "mean": 0.9831547023645225,
            "median": 0.9833887043189369
        },
        "support": {
            "90th": [
                276.0,
                316.0
            ],
            "95th": [
                272.0,
                320.02499999999986
            ],
            "99th": [
                263.995,
                328.0
            ],
            "mean": 296.325,
            "median": 297.0
        },
        "user_accuracy": {
            "90th": [
                97.00996677740864,
                99.3528552040923
            ],
            "95th": [
                96.7386849607983,
                99.65753424657534
            ],
            "99th": [
                95.87998781799568,
                100.0
            ],
            "mean": 98.31547023645227,
            "median": 98.33887043189368
        }
    },
    "Other": {
        "f1-score": {
            "90th": [
                0.9664408053691275,
                0.9866243032329989
            ],
            "95th": [
                0.963978292045103,
                0.9881956155143339
            ],
            "99th": [
                0.9595776136417613,
                0.9910266252834146
            ],
            "mean": 0.9766785409031352,
            "median": 0.9767441860465116
        },
        "precision": {
            "90th": [
                0.9705882352941176,
                0.9936517982720514
            ],
            "95th": [
                0.9676235634868728,
                0.9966445758793293
            ],
            "99th": [
                0.9611631448695983,
                1.0
            ],
            "mean": 0.9833324815089843,
            "median": 0.9835526315789473
        },
        "producer_accuracy": {
            "90th": [
                97.05882352941177,
                99.36517982720514
            ],
            "95th": [
                96.76235634868728,
                99.66445758793292
            ],
            "99th": [
                96.11631448695984,
                100.0
            ],
            "mean": 98.33324815089844,
            "median": 98.35526315789474
        },
        "recall": {
            "90th": [
                0.9535531603945926,
                0.9847829985652797
            ],
            "95th": [
                0.9503311258278145,
                0.9877935437491441
            ],
            "99th": [
                0.9442622379619581,
                0.9933114783050211
            ],
            "mean": 0.970188795051876,
            "median": 0.9704918032786886
        },
        "support": {
            "90th": [
                284.0,
                324.0
            ],
            "95th": [
                279.975,
                328.0
            ],
            "99th": [
                272.0,
                336.0049999999999
            ],
            "mean": 303.675,
            "median": 303.0
        },
        "user_accuracy": {
            "90th": [
                95.35531603945927,
                98.47829985652797
            ],
            "95th": [
                95.03311258278146,
                98.77935437491442
            ],
            "99th": [
                94.42622379619581,
                99.33114783050212
            ],
            "mean": 97.0188795051876,
            "median": 97.04918032786885
        }
    },
    "accuracy": {
        "90th": [
            0.9666666666666667,
            0.9866666666666667
        ],
        "95th": [
            0.9633333333333334,
            0.9883333333333333
        ],
        "99th": [
            0.96,
            0.9916666666666667
        ],
        "mean": 0.9765891666666666,
        "median": 0.9766666666666667
    },
    "cohen_kappa": {
        "90th": [
            0.9331943404373728,
            0.9732908955340152
        ],
        "95th": [
            0.9266983492655118,
            0.9765881974845815
        ],
        "99th": [
            0.9198895897592603,
            0.9832480366580125
        ],
        "mean": 0.9531051364119819,
        "median": 0.9533099883274971
    },
    "macro avg": {
        "f1-score": {
            "90th": [
                0.9665939156385016,
                0.9866452991452992
            ],
            "95th": [
                0.9633329259213992,
                0.9882938116152381
            ],
            "99th": [
                0.9599447858453775,
                0.9916238087807139
            ],
            "mean": 0.9765503789948916,
            "median": 0.9766539560427343
        },
        "precision": {
            "90th": [
                0.9664827688265188,
                0.9866286325548226
            ],
            "95th": [
                0.9642177380700249,
                0.9882303432498218
            ],
            "99th": [
                0.9600599157695772,
                0.9914684537015909
            ],
            "mean": 0.9765954056823988,
            "median": 0.9767023199474998
        },
        "recall": {
            "90th": [
                0.9666595346848199,
                0.9866491396993897
            ],
            "95th": [
                0.964421659228096,
                0.9883101440256046
            ],
            "99th": [
                0.9599135179479718,
                0.9912961785416335
            ],
            "mean": 0.9766717487081993,
            "median": 0.9767129151897967
        }
    },
    "weighted avg": {
        "f1-score": {
            "90th": [
                0.9666651480880479,
                0.9866666666666667
            ],
            "95th": [
                0.9633659874847373,
                0.9883330416010269
            ],
            "99th": [
                0.9599910330029928,
                0.9916636777134775
            ],
            "mean": 0.9765901827707362,
            "median": 0.9766666666666667
        },
        "precision": {
            "90th": [
                0.9667719934578713,
                0.9866892151680802
            ],
            "95th": [
                0.964721811736996,
                0.9883400780654745
            ],
            "99th": [
                0.9600150462551148,
                0.991671211646388
            ],
            "mean": 0.9767569960184953,