{
    "Mangrove": {
        "f1-score": {
            "90th": [
                0.9790628115653041,
                0.991578947368421
            ],
            "95th": [
                0.9774578592587605,
                0.992263429497472
            ],
            "99th": [
                0.9750221487746046,
                0.9941088790249363
            ],
            "mean": 0.9856631536933044,
            "median": 0.9858012170385395
        },
        "precision": {
            "90th": [
                0.9659561676544578,
                0.9879771543086172
            ],
            "95th": [
                0.9634084579796074,
                0.9899799599198397
            ],
            "99th": [
                0.9581736095765676,
                0.9938019697814734
            ],
            "mean": 0.9776893729690844,
            "median": 0.9779559118236473
        },
        "producer_accuracy": {
            "90th": [
                96.59561676544578,
                98.79771543086173
            ],
            "95th": [
                96.34084579796074,
                98.99799599198397
            ],
            "99th": [
                95.81736095765676,
                99.38019697814734
            ],
            "mean": 97.76893729690843,
            "median": 97.79559118236473
        },
        "recall": {
            "90th": [
                0.9876250160414083,
                0.998080798052669
            ],
            "95th": [
                0.9857716333018727,
                1.0
            ],
            "99th": [
                0.9834365086539,
                1.0
            ],
            "mean": 0.9937972502611924,
            "median": 0.9939516129032258
        },
        "support": {
            "90th": [
                466.0,
                517.0
            ],
            "95th": [
                460.0,
                522.0249999999999
            ],
            "99th": [
                452.99,
                531.0049999999999
            ],
            "mean": 491.58,
            "median": 492.0
        },
        "user_accuracy": {
            "90th": [
                98.76250160414082,
                99.8080798052669
            ],
            "95th": [
                98.57716333018728,
                100.0
            ],
            "99th": [
                98.34365086539,
                100.0
            ],
            "mean": 99.37972502611923,
            "median": 99.39516129032258
        }
    },
    "Other": {
        "f1-score": {
            "90th": [
                0.979296066252588,
                0.9917209825422385
            ],
            "95th": [
                0.9777754162238752,
                0.9923813145029875
            ],
            "99th": [
                0.9757025879134722,
                0.9943421778753666
            ],
            "mean": 0.9859052251702731,
            "median": 0.9860557768924303
        },
        "precision": {
            "90th": [
                0.9877049180327869,
                0.9981240030637125
            ],
            "95th": [
                0.9861646354852877,
                1.0
            ],
            "99th": [
                0.9838046724629985,
                1.0
            ],
            "mean": 0.9939023264339868,
            "median": 0.9940476190476191
        },
        "producer_accuracy": {
            "90th": [
                98.77049180327869,
                99.81240030637125
            ],
            "95th": [
                98.61646354852876,
                100.0
            ],
            "99th": [
                98.38046724629984,
                100.0
            ],
            "mean": 99.39023264339868,
            "median": 99.40476190476191
        },
        "recall": {
            "90th": [
                0.9668551134304558,
                0.9882823921783626
            ],
            "95th": [
                0.9640704386681184,
                0.9902152641878669
            ],
            "99th": [
                0.9580833291400392,
                0.993802156823221
            ],
            "mean": 0.9780631365212995,
            "median": 0.9783889980353635
        },
        "support": {
            "90th": [
                483.0,
                534.0
            ],
            "95th": [
                477.975,
                540.0
            ],
            "99th": [
                468.995,
                547.0099999999998
            ],
            "mean": 508.42,
            "median": 508.0
        },
        "user_accuracy": {
            "90th": [
                96.68551134304558,
                98.82823921783626
            ],
            "95th": [
                96.40704386681185,
                99.02152641878669
            ],
            "99th": [
                95.80833291400393,
                99.38021568232212
            ],
            "mean": 97.80631365212994,
            "median": 97.83889980353635
        }
    },
    "accuracy": {
        "90th": [
            0.979,
            0.992
        ],
        "95th": [
            0.978,
            0.992
        ],
        "99th": [
            0.975,
            0.9940049999999999
        ],
        "mean": 0.985799,
        "median": 0.986
    },
    "cohen_kappa": {
        "90th": [
            0.9579983199327973,
            0.9839599897977694
        ],
        "95th": [
            0.9559404799123722,
            0.984
        ],
        "99th": [
            0.9499927809565689,
            0.9880099444910831
        ],
        "mean": 0.9715709481212157,
        "median": 0.9719824610151006
    },
    "macro avg": {
        "f1-score": {
            "90th": [
                0.9789964504001176,
                0.9919799498746866
            ],
            "95th": [
                0.9779680094946978,
                0.991999874398
            ],
            "99th": [
                0.974994346716099,
                0.9940048764995111
            ],
            "mean": 0.9857841894317887,
            "median": 0.9859905295980083
        },
        "precision": {
            "90th": [
                0.9792021049891543,
                0.9917213111121592
            ],
            "95th": [
                0.9778858647673524,
                0.9921408207201199
            ],
            "99th": [
                0.975201593281174,
                0.9941439282981231
            ],
            "mean": 0.9857958497015356,
            "median": 0.9859516347410984
        },
        "recall": {
            "90th": [
                0.9793303571788343,
                0.9919020330689888
            ],
            "95th": [
                0.9779185753628554,
                0.9922545199743182
            ],
            "99th": [
                0.9756882908769365,
                0.9942361535313
            ],
            "mean": 0.9859301933912459,
            "median": 0.9860631080389144
        }
    },
    "weighted avg": {
        "f1-score": {
            "90th": [
                0.9790046144913176,
                0.9919990427999031
            ],
            "95th": [
                0.977991599475999,
                0.9920022510300472
            ],
            "99th": [
                0.975013123576381,
                0.9940064374516904
            ],
            "mean": 0.9858000292985772,
            "median": 0.9860003360053761
        },
        "precision": {
            "90th": [
                0.9794182539447993,
                0.992
            ],
            "95th": [
                0.9782070262014679,
                0.9920780148959265
            ],
            "99th": [
                0.9755509491229777,
                0.9940782629426868
            ],
            "mean": 0.985958366704491,
            "median": 0.9861275525102101
        },
        "recall": {
            "90th": [
                0.979,
                0.992
            ],