{
    "Mangrove": {
        "f1-score": {
            "90th": [
                0.9452054794520548,
                0.9716193656093489
            ],
            "95th": [
                0.9417932003073906,
                0.9734219269102988
            ],
            "99th": [
                0.9354829765666925,
                0.9769761641430265
            ],
            "mean": 0.958694977428354,
            "median": 0.9591474245115453
        },
        "precision": {
            "90th": [
                0.9027777777777778,
                0.9506602112676057
            ],
            "95th": [
                0.8973487253923614,
                0.9539511432269198
            ],
            "99th": [
                0.8867281143746671,
                0.9600006644518272
            ],
            "mean": 0.9270009394470764,
            "median": 0.9275155009246165
        },
        "producer_accuracy": {
            "90th": [
                90.27777777777779,
                95.06602112676057
            ],
            "95th": [
                89.73487253923615,
                95.39511432269197
            ],
            "99th": [
                88.67281143746672,
                96.00006644518272
            ],
            "mean": 92.70009394470765,
            "median": 92.75155009246166
        },
        "recall": {
            "90th": [
                0.9834437086092715,
                1.0
            ],
            "95th": [
                0.9817484703735508,
                1.0
            ],
            "99th": [
                0.978020757020757,
                1.0
            ],
            "mean": 0.9927741458633494,
            "median": 0.9929577464788732
        },
        "support": {
            "90th": [
                261.0,
                300.04999999999995
            ],
            "95th": [
                256.0,
                305.0
            ],
            "99th": [
                247.995,
                313.0
            ],
            "mean": 280.139,
            "median": 280.0
        },
        "user_accuracy": {
            "90th": [
                98.34437086092716,
                100.0
            ],
            "95th": [
                98.17484703735508,
                100.0
            ],
            "99th": [
                97.8020757020757,
                100.0
            ],
            "mean": 99.27741458633496,
            "median": 99.29577464788733
        }
    },
    "Other": {
        "f1-score": {
            "90th": [
                0.9482744228887225,
                0.9734789391575662
            ],
            "95th": [
                0.9453332123223732,
                0.9753694581280787
            ],
            "99th": [
                0.937702301761808,
                0.9789311787900047
            ],
            "mean": 0.9613156480071167,
            "median": 0.9616669078603155
        },
        "precision": {
            "90th": [
                0.984323554346326,
                1.0
            ],
            "95th": [
                0.9829917461865292,
                1.0
            ],
            "99th": [
                0.979591137824993,
                1.0
            ],
            "mean": 0.9932571660411533,
            "median": 0.9933993399339934
        },
        "producer_accuracy": {
            "90th": [
                98.4323554346326,
                100.0
            ],
            "95th": [
                98.29917461865293,
                100.0
            ],
            "99th": [
                97.9591137824993,
                100.0
            ],
            "mean": 99.32571660411534,
            "median": 99.33993399339934
        },
        "recall": {
            "90th": [
                0.9082554291023109,
                0.9536500338775599
            ],
            "95th": [
                0.9022801302931596,
                0.9571012436609515
            ],
            "99th": [
                0.889582949624782,
                0.964172063613719
            ],
            "mean": 0.9314775086790805,
            "median": 0.9320388349514563
        },
        "support": {
            "90th": [
                299.95,
                339.0
            ],
            "95th": [
                295.0,
                344.0
            ],
            "99th": [
                287.0,
                352.0049999999999
            ],
            "mean": 319.861,
            "median": 320.0
        },
        "user_accuracy": {
            "90th": [
                90.82554291023109,
                95.36500338775599
            ],
            "95th": [
                90.22801302931596,
                95.71012436609514
            ],
            "99th": [
                88.9582949624782,
                96.41720636137191
            ],
            "mean": 93.14775086790806,
            "median": 93.20388349514563
        }
    },
    "accuracy": {
        "90th": [
            0.9466666666666667,
            0.9717499999999999
        ],
        "95th": [
            0.945,
            0.9733749999999998
        ],
        "99th": [
            0.9366666666666666,
            0.9783333333333334
        ],
        "mean": 0.960115,
        "median": 0.96
    },
    "cohen_kappa": {
        "90th": [
            0.8935037273695421,
            0.9434912303115163
        ],
        "95th": [
            0.8895413437903424,
            0.9467683220941401
        ],
        "99th": [
            0.8736905077342332,
            0.9562933323636086
        ],
        "mean": 0.9201106827072135,
        "median": 0.9200710479573713
    },
    "macro avg": {
        "f1-score": {
            "90th": [
                0.9466518477354822,
                0.9717232694445201
            ],
            "95th": [
                0.9446589128216867,
                0.9733663347049724
            ],
            "99th": [
                0.9366488049300556,
                0.9781363285940899
            ],
            "mean": 0.9600053127177353,
            "median": 0.9599928876244666
        },
        "precision": {
            "90th": [
                0.9476778943559405,
                0.9721857848450205
            ],
            "95th": [
                0.9445234282566657,
                0.9739583333333333
            ],
            "99th": [
                0.9389748896353414,
                0.9773088563185285
            ],
            "mean": 0.9601290527441149,
            "median": 0.9604448985404543
        },
        "recall": {
            "90th": [
                0.9497857218663013,
                0.97371693781373
            ],
            "95th": [
                0.9469844764555154,
                0.9755207647247534
            ],
            "99th": [
                0.9404188309971051,
                0.9788278298724967
            ],
            "mean": 0.962125827271215,
            "median": 0.9624780001367563
        }
    },
    "weighted avg": {
        "f1-score": {
            "90th": [
                0.9467663817663818,
                0.9718126853470479
            ],
            "95th": [
                0.9450039263997957,
                0.9734612926062814
            ],
            "99th": [
                0.9367721104289568,
                0.9783341416292375
            ],
            "mean": 0.96015928893391,
            "median": 0.9600813092171125
        },
        "precision": {
            "90th": [
                0.9510647679590021,
                0.9733778032390393
            ],
            "95th": [
                0.9485946505915295,
                0.9748531022915932
            ],
            "99th": [
                0.9420300273679875,
                0.9790029681130834
            ],
            "mean": 0.9624309514592082,
            "median": 0.9626841638434641
        },