overall accuracy,0.786
cohen kappa,0.5715527010198647
""
Confidence Interval,90%,95%,98%,99%
Overall Accuracy,0.02126973150747324,0.02541992302112656,0.030218581958788206,0.03346091907882986
""
class,f1-score,precision,recall,support
Mangrove,0.7648351648351648,0.8426150121065376,0.7002012072434608,497
Other,0.8036697247706422,0.7461669505962522,0.8707753479125249,503
""
macro avg,0.7842524448029036,0.7943909813513949,0.7854882775779928,1000
weighted (pixel) avg,0.7843689484827099,0.7941016371668641,0.786,1000
""
Confidence Interval,90%,95%,98%,99%
Mangrove,0.029387664345514753,0.035121842754395685,0.041751986539664256,0.04623181342160248
Other,0.029458924382084136,0.03520700718834446,0.04185322793308295,0.04634391762547383
""
Point Count Confusion Matrix
,Mangrove,Other,User Acc
Mangrove,348,149,70.02012072434609
Other,65,438,87.07753479125249
Producer,84.26150121065376,74.61669505962521
""
