{
    "Mangrove": {
        "f1-score": {
            "90th": [
                0.8150034753251911,
                0.88
            ],
            "95th": [
                0.8071065989847716,
                0.8856465067778936
            ],
            "99th": [
                0.7945170173704279,
                0.9009944943092439
            ],
            "mean": 0.848202434627265,
            "median": 0.8485667485667485
        },
        "precision": {
            "90th": [
                0.9065934065934066,
                0.9653278851903528
            ],
            "95th": [
                0.8981947395531518,
                0.9697007766103244
            ],
            "99th": [
                0.8864858722358723,
                0.9777783916513197
            ],
            "mean": 0.9373222067151864,
            "median": 0.9382716049382716
        },
        "producer_accuracy": {
            "90th": [
                90.65934065934066,
                96.53278851903528
            ],
            "95th": [
                89.81947395531517,
                96.97007766103243
            ],
            "99th": [
                88.64858722358723,
                97.77783916513198
            ],
            "mean": 93.73222067151863,
            "median": 93.82716049382715
        },
        "recall": {
            "90th": [
                0.7268507226738934,
                0.8226600985221675
            ],
            "95th": [
                0.7194508838017966,
                0.8333333333333334
            ],
            "99th": [
                0.7014193648403243,
                0.847535595461966
            ],
            "mean": 0.7750892523193201,
            "median": 0.7750598086124403
        },
        "support": {
            "90th": [
                195.0,
                231.0
            ],
            "95th": [
                192.0,
                234.0
            ],
            "99th": [
                186.0,
                240.0
            ],
            "mean": 212.8095,
            "median": 213.0
        },
        "user_accuracy": {
            "90th": [
                72.68507226738934,
                82.26600985221675
            ],
            "95th": [
                71.94508838017966,
                83.33333333333334
            ],
            "99th": [
                70.14193648403243,
                84.75355954619661
            ],
            "mean": 77.50892523193203,
            "median": 77.50598086124401
        }
    },
    "Other": {
        "f1-score": {
            "90th": [
                0.859504132231405,
                0.9090909090909091
            ],
            "95th": [
                0.8538011695906433,
                0.9132120041598574
            ],
            "99th": [
                0.8453581585495911,
                0.9230812045097758
            ],
            "mean": 0.8846481528446183,
            "median": 0.8852459016393444
        },
        "precision": {
            "90th": [
                0.7883211678832117,
                0.8633093525179856
            ],
            "95th": [
                0.7782250485083677,
                0.8709677419354839
            ],
            "99th": [
                0.7624071199616366,
                0.8836381818181818
            ],
            "mean": 0.8253696549975186,
            "median": 0.8260869565217391
        },
        "producer_accuracy": {
            "90th": [
                78.83211678832117,
                86.33093525179856
            ],
            "95th": [
                77.82250485083676,
                87.09677419354838
            ],
            "99th": [
                76.24071199616367,
                88.36381818181817
            ],
            "mean": 82.53696549975186,
            "median": 82.6086956521739
        },
        "recall": {
            "90th": [
                0.9307359307359307,
                0.9743589743589743
            ],
            "95th": [
                0.9254334727004427,
                0.9773806383539962
            ],
            "99th": [
                0.9166627725856697,
                0.982457652752571
            ],
            "mean": 0.953550021288565,
            "median": 0.9543568464730291
        },
        "support": {
            "90th": [
                219.0,
                255.0
            ],
            "95th": [
                216.0,
                258.0
            ],
            "99th": [
                210.0,
                264.0
            ],
            "mean": 237.1905,
            "median": 237.0
        },
        "user_accuracy": {
            "90th": [
                93.07359307359307,
                97.43589743589743
            ],
            "95th": [
                92.54334727004426,
                97.73806383539963
            ],
            "99th": [
                91.66627725856696,
                98.2457652752571
            ],
            "mean": 95.35500212885651,
            "median": 95.4356846473029
        }
    },
    "accuracy": {
        "90th": [
            0.8422222222222222,
            0.8955555555555555
        ],
        "95th": [
            0.8377777777777777,
            0.9
        ],
        "99th": [
            0.8288888888888889,
            0.9133333333333333
        ],
        "mean": 0.8691711111111111,
        "median": 0.8688888888888889
    },
    "cohen_kappa": {
        "90th": [
            0.6811042529055058,
            0.7863841297870855
        ],
        "95th": [
            0.6711050744792633,
            0.7980969380166866
        ],
        "99th": [
            0.6521077519431064,
            0.8218244112681963
        ],
        "mean": 0.7347887920935029,
        "median": 0.7353543640634883
    },
    "macro avg": {
        "f1-score": {
            "90th": [
                0.8388497497259414,
                0.8927215048807531
            ],
            "95th": [
                0.8339326661978768,
                0.8986032409972398
            ],
            "99th": [
                0.8246519803481253,
                0.9105813053740796
            ],
            "mean": 0.8664252937359417,
            "median": 0.8669006141120441
        },
        "precision": {
            "90th": [
                0.8568908754605122,
                0.9044537602894973
            ],
            "95th": [
                0.8522028237749799,
                0.9098951532719094
            ],
            "99th": [
                0.8437748398784546,
                0.920581653096661
            ],
            "mean": 0.8813459308563524,
            "median": 0.8816095982188872
        },
        "recall": {
            "90th": [
                0.8377422692304293,
                0.890544873722049
            ],
            "95th": [
                0.8318514296721533,
                0.8958081719920684
            ],
            "99th": [
                0.8234610419878967,
                0.9083650943196161
            ],
            "mean": 0.8643196368039426,
            "median": 0.8645356281117103
        }
    },
    "weighted avg": {
        "f1-score": {
            "90th": [
                0.8401001299098021,
                0.8943244651522845
            ],
            "95th": [
                0.8354979725172392,
                0.8997145773981823
            ],
            "99th": [
                0.8251917392441495,
                0.9123921654681243
            ],
            "mean": 0.8676610521441167,
            "median": 0.8678483477504231
        },
        "precision": {
            "90th": [
                0.8548281830462683,
                0.9014550455114327
            ],
            "95th": [
                0.8505874017017583,
                0.906183978467664
            ],
            "99th": [
                0.8415270123955105,
                0.9172330136190917
            ],
            "mean": 0.8787647051894708,