{
    "Mangrove": {
        "f1-score": 0.9704142011834319,
        "precision": 0.9820359281437125,
        "recall": 0.9590643274853801,
        "support": 513
    },
    "Other": {
        "f1-score": 0.9695740365111563,
        "precision": 0.9579158316633266,
        "recall": 0.9815195071868583,
        "support": 487
    },
    "accuracy": 0.97,
    "accuracy_conf_interval": [
        0.008846884197275336,
        0.010573105504060768,
        0.012569048890031423,
        0.013917659285957541
    ],
    "cls_confidence_intervals": {
        "Mangrove": [
            0.00973175272454359,
            0.01163063130494234,
            0.013826209663528394,
            0.015309708554464917
        ],
        "Other": [
            0.014740649687736118,
            0.017616874017050484,
            0.02094250839782022,
            0.023189558655097066
        ]
    },
    "cohen_kappa": 0.9399968798377516,
    "confusion_matrix": [
        [
            492,
            21
        ],
        [
            9,
            478
        ]
    ],
    "macro avg": {
        "f1-score": 0.969994118847294,
        "precision": 0.9699758799035196,
        "recall": 0.9702919173361192,
        "support": 1000
    },
    "producer_accuracy": [
        98.20359281437125,
        95.79158316633266
    ],
    "user_accuracy": [
        95.90643274853801,
        98.15195071868584
    ],
    "weighted avg": {
        "f1-score": 0.9700050409880336,
        "precision": 0.9702894411577646,
        "recall": 0.97,
        "support": 1000
    }
}