{
    "Mangrove": {
        "f1-score": 0.963855421686747,
        "precision": 0.9523809523809523,
        "recall": 0.975609756097561,
        "support": 205
    },
    "Other": {
        "f1-score": 0.9610389610389611,
        "precision": 0.9736842105263158,
        "recall": 0.9487179487179487,
        "support": 195
    },
    "accuracy": 0.9625,
    "accuracy_conf_interval": [
        0.015578651257409926,
        0.01861838808812406,
        0.022133083798637276,
        0.024507878197632692
    ],
    "cls_confidence_intervals": {
        "Mangrove": [
            0.02410071370836487,
            0.02880329199292387,
            0.03424064813444521,
            0.03791453741925693
        ],
        "Other": [
            0.019045146292885076,
            0.022761272398813873,
            0.027058043208794045,
            0.029961266729050917
        ]
    },
    "cohen_kappa": 0.9249061326658323,
    "confusion_matrix": [
        [
            200,
            5
        ],
        [
            10,
            185
        ]
    ],
    "macro avg": {
        "f1-score": 0.9624471913628541,
        "precision": 0.963032581453634,
        "recall": 0.9621638524077548,
        "support": 400
    },
    "producer_accuracy": [
        95.23809523809523,
        97.36842105263158
    ],
    "user_accuracy": [
        97.5609756097561,
        94.87179487179486
    ],
    "weighted avg": {
        "f1-score": 0.9624823971209514,
        "precision": 0.9627662907268172,
        "recall": 0.9625,
        "support": 400
    }
}