{
    "Mangrove": {
        "f1-score": {
            "90th": [
                0.9674796747967481,
                0.9833650439159949
            ],
            "95th": [
                0.9655891025992832,
                0.985076013982134
            ],
            "99th": [
                0.9613013582499024,
                0.9872700723824084
            ],
            "mean": 0.9758324385691047,
            "median": 0.9760572507430508
        },
        "precision": {
            "90th": [
                0.9477903878570374,
                0.9755686757461605
            ],
            "95th": [
                0.9456046594923726,
                0.9780896066389464
            ],
            "99th": [
                0.9399542805077955,
                0.9824220463267543
            ],
            "mean": 0.9622889141356947,
            "median": 0.9627390086469371
        },
        "producer_accuracy": {
            "90th": [
                94.77903878570375,
                97.55686757461605
            ],
            "95th": [
                94.56046594923725,
                97.80896066389464
            ],
            "99th": [
                93.99542805077955,
                98.24220463267544
            ],
            "mean": 96.22889141356949,
            "median": 96.2739008646937
        },
        "recall": {
            "90th": [
                0.9815195071868583,
                0.9960556150895339
            ],
            "95th": [
                0.9797969574285363,
                0.99793399079833
            ],
            "99th": [
                0.9761431411530815,
                1.0
            ],
            "mean": 0.9898095451884859,
            "median": 0.9899799599198397
        },
        "support": {
            "90th": [
                463.0,
                515.0
            ],
            "95th": [
                459.0,
                521.0
            ],
            "99th": [
                447.0,
                532.0
            ],
            "mean": 489.533,
            "median": 490.0
        },
        "user_accuracy": {
            "90th": [
                98.15195071868584,
                99.60556150895339
            ],
            "95th": [
                97.97969574285364,
                99.793399079833
            ],
            "99th": [
                97.61431411530815,
                100.0
            ],
            "mean": 98.98095451884858,
            "median": 98.99799599198397
        }
    },
    "Other": {
        "f1-score": {
            "90th": [
                0.967557251908397,
                0.9836382119821835
            ],
            "95th": [
                0.9661181026137464,
                0.9849849849849849
            ],
            "99th": [
                0.9613369479453223,
                0.9874406870638754
            ],
            "mean": 0.9761731507955996,
            "median": 0.9763313609467457
        },
        "precision": {
            "90th": [
                0.9817813765182186,
                0.9961013645224172
            ],
            "95th": [
                0.9801960514142866,
                0.9979675827437787
            ],
            "99th": [
                0.9757085020242915,
                1.0
            ],
            "mean": 0.9899567769936027,
            "median": 0.9900398406374502
        },
        "producer_accuracy": {
            "90th": [
                98.17813765182186,
                99.61013645224172
            ],
            "95th": [
                98.01960514142866,
                99.79675827437788
            ],
            "99th": [
                97.57085020242914,
                100.0
            ],
            "mean": 98.99567769936027,
            "median": 99.00398406374502
        },
        "recall": {
            "90th": [
                0.9487128813215769,
                0.9761433235449688
            ],
            "95th": [
                0.9461075061772366,
                0.9780439121756487
            ],
            "99th": [
                0.9400378900935333,
                0.9822836385996937
            ],
            "mean": 0.9628110446024787,
            "median": 0.9629629629629629
        },
        "support": {
            "90th": [
                485.0,
                537.0
            ],
            "95th": [
                479.0,
                541.0
            ],
            "99th": [
                468.0,
                553.0
            ],
            "mean": 510.467,
            "median": 510.0
        },
        "user_accuracy": {
            "90th": [
                94.87128813215769,
                97.61433235449687
            ],
            "95th": [
                94.61075061772367,
                97.80439121756487
            ],
            "99th": [
                94.00378900935333,
                98.22836385996938
            ],
            "mean": 96.28110446024787,
            "median": 96.29629629629629
        }
    },
    "accuracy": {
        "90th": [
            0.968,
            0.983
        ],
        "95th": [
            0.966,
            0.985
        ],
        "99th": [
            0.962,
            0.9870049999999999
        ],
        "mean": 0.9760270000000001,
        "median": 0.976
    },
    "cohen_kappa": {
        "90th": [
            0.9358650729227805,
            0.9660040795104587
        ],
        "95th": [
            0.9320075811540385,
            0.9699918858029244
        ],
        "99th": [
            0.9239923597079072,
            0.9740119796072543
        ],
        "mean": 0.9520168794739151,
        "median": 0.952
    },
    "macro avg": {
        "f1-score": {
            "90th": [
                0.9679197994987468,
                0.982999982999983
            ],
            "95th": [
                0.9659951032948745,
                0.9849946100620377
            ],
            "99th": [
                0.9619847414210949,
                0.9870049399880785
            ],
            "mean": 0.9760027946823522,
            "median": 0.9759959192900498
        },
        "precision": {
            "90th": [
                0.967971173844121,
                0.9834902201079053
            ],
            "95th": [
                0.9662792510259917,
                0.9850818517866573
            ],
            "99th": [
                0.9622227703764347,
                0.9873570130042191
            ],
            "mean": 0.9761228455646488,
            "median": 0.9763113048341291
        },
        "recall": {
            "90th": [
                0.9678938010317356,
                0.9836191875798157
            ],
            "95th": [
                0.9666430481497493,
                0.9850139400557603
            ],
            "99th": [
                0.9625170195530289,
                0.9872744999002222
            ],
            "mean": 0.9763102948954823,
            "median": 0.976408406851735
        }
    },
    "weighted avg": {
        "f1-score": {
            "90th": [
                0.9679753497596165,
                0.983013380432752
            ],
            "95th": [
                0.9660097135177994,
                0.9849996578219578
            ],
            "99th": [
                0.962004181566468,
                0.9870081628739693
            ],
            "mean": 0.9760295018127769,
            "median": 0.9760061948971801
        },
        "precision": {
            "90th": [
                0.9684478742842992,
                0.9834756544062733
            ],
            "95th": [
                0.9669618550028025,
                0.9851469362565176
            ],
            "99th": [
                0.9629605971519727,
                0.9873324857137574
            ],
            "mean": 0.9764586036536845,
            "median": 0.9765097051333846
        },