{
    "Mangrove": {
        "f1-score": {
            "90th": [
                0.9463716354230877,
                0.9737704918032786
            ],
            "95th": [
                0.9435865724381627,
                0.9763045183809401
            ],
            "99th": [
                0.9368421052631579,
                0.9795928674500103
            ],
            "mean": 0.9607043788585116,
            "median": 0.9609507640067912
        },
        "precision": {
            "90th": [
                0.9057145834018798,
                0.9544047971572401
            ],
            "95th": [
                0.9006622516556292,
                0.9584805390871223
            ],
            "99th": [
                0.8899660752148197,
                0.9662173499002358
            ],
            "mean": 0.9306111201929111,
            "median": 0.930921052631579
        },
        "producer_accuracy": {
            "90th": [
                90.57145834018799,
                95.44047971572401
            ],
            "95th": [
                90.06622516556291,
                95.84805390871223
            ],
            "99th": [
                88.99660752148198,
                96.62173499002358
            ],
            "mean": 93.06111201929112,
            "median": 93.0921052631579
        },
        "recall": {
            "90th": [
                0.9845541915201358,
                1.0
            ],
            "95th": [
                0.982078853046595,
                1.0
            ],
            "99th": [
                0.976187996031746,
                1.0
            ],
            "mean": 0.9929538665726844,
            "median": 0.9930555555555556
        },
        "support": {
            "90th": [
                264.0,
                304.04999999999995
            ],
            "95th": [
                260.975,
                308.0
            ],
            "99th": [
                250.0,
                317.0
            ],
            "mean": 283.9635,
            "median": 284.0
        },
        "user_accuracy": {
            "90th": [
                98.45541915201359,
                100.0
            ],
            "95th": [
                98.2078853046595,
                100.0
            ],
            "99th": [
                97.61879960317461,
                100.0
            ],
            "mean": 99.29538665726845,
            "median": 99.30555555555556
        }
    },
    "Other": {
        "f1-score": {
            "90th": [
                0.9487582114854842,
                0.9748443475237825
            ],
            "95th": [
                0.9464875722760381,
                0.9768992106583929
            ],
            "99th": [
                0.9406098723837071,
                0.9805197957382424
            ],
            "mean": 0.9623970784219198,
            "median": 0.9625850340136053
        },
        "precision": {
            "90th": [
                0.9849624060150376,
                1.0
            ],
            "95th": [
                0.9829917461865292,
                1.0
            ],
            "99th": [
                0.9765076537648248,
                1.0
            ],
            "mean": 0.9932585987408774,
            "median": 0.9933774834437086
        },
        "producer_accuracy": {
            "90th": [
                98.49624060150376,
                100.0
            ],
            "95th": [
                98.29917461865293,
                100.0
            ],
            "99th": [
                97.65076537648248,
                100.0
            ],
            "mean": 99.32585987408775,
            "median": 99.33774834437085
        },
        "recall": {
            "90th": [
                0.9099378881987578,
                0.9562635869565218
            ],
            "95th": [
                0.9046151315789474,
                0.9604873220284754
            ],
            "99th": [
                0.8950601039636127,
                0.9678461744579108
            ],
            "mean": 0.9335102019449186,
            "median": 0.9337539432176656
        },
        "support": {
            "90th": [
                295.95,
                336.0
            ],
            "95th": [
                292.0,
                339.02499999999986
            ],
            "99th": [
                283.0,
                350.0
            ],
            "mean": 316.0365,
            "median": 316.0
        },
        "user_accuracy": {
            "90th": [
                90.99378881987577,
                95.62635869565217
            ],
            "95th": [
                90.46151315789473,
                96.04873220284755
            ],
            "99th": [
                89.50601039636128,
                96.78461744579108
            ],
            "mean": 93.35102019449187,
            "median": 93.37539432176656
        }
    },
    "accuracy": {
        "90th": [
            0.9483333333333334,
            0.975
        ],
        "95th": [
            0.945,
            0.9766666666666667
        ],
        "99th": [
            0.94,
            0.98
        ],
        "mean": 0.9616325,
        "median": 0.9616666666666667
    },
    "cohen_kappa": {
        "90th": [
            0.8966651736427561,
            0.9496403198016976
        ],
        "95th": [
            0.8901534190105754,
            0.953300448978285
        ],
        "99th": [
            0.8801768256205249,
            0.9599951505152854
        ],
        "mean": 0.9231906817768594,
        "median": 0.9233333333333333
    },
    "macro avg": {
        "f1-score": {
            "90th": [
                0.9482268233798369,
                0.9748180604870187
            ],
            "95th": [
                0.9449872858703502,
                0.9766409456612231
            ],
            "99th": [
                0.939983292010886,
                0.9799920268137257
            ],
            "mean": 0.9615507286402157,
            "median": 0.9616281882665673
        },
        "precision": {
            "90th": [
                0.948827865938671,
                0.9742254273504274
            ],
            "95th": [
                0.9458443942687572,
                0.9766027955866177
            ],
            "99th": [
                0.9399999443826473,
                0.9799447216080179
            ],
            "mean": 0.9619348594668943,
            "median": 0.9620867263626726
        },
        "recall": {
            "90th": [
                0.9503380950248533,
                0.9751233388150584
            ],
            "95th": [
                0.948263130277583,
                0.9770493880612355
            ],
            "99th": [
                0.9433324153921099,
                0.9805301831729352
            ],
            "mean": 0.9632320342588013,
            "median": 0.9633383680187863
        }
    },
    "weighted avg": {
        "f1-score": {
            "90th": [
                0.948336002785193,
                0.9749760454252011
            ],
            "95th": [
                0.9451184190595494,
                0.976665149983148
            ],
            "99th": [
                0.9402356460353544,
                0.9800071307159555
            ],
            "mean": 0.9616609421955066,
            "median": 0.9616947930947766
        },
        "precision": {
            "90th": [
                0.9517597350640116,
                0.975395993907098
            ],
            "95th": [
                0.9494814274765526,
                0.9774364846084873
            ],
            "99th": [
                0.9454196276897731,
                0.9805403816092301
            ],
            "mean": 0.9637429634991227,
            "median": 0.963734214979322
        },
        "recall": {
            "90th": [
                0.9483333333333334,
                0.975
            ],