{
    "Mangrove": {
        "f1-score": {
            "90th": [
                0.8664047151277015,
                0.9018919215477919
            ],
            "95th": [
                0.8626662595266902,
                0.9040353064031004
            ],
            "99th": [
                0.854650815343278,
                0.9106479825102183
            ],
            "mean": 0.8848794297011868,
            "median": 0.8851186478305123
        },
        "precision": {
            "90th": [
                0.8997811783428591,
                0.9393939393939394
            ],
            "95th": [
                0.8944223107569721,
                0.9427967146391202
            ],
            "99th": [
                0.8868683056984944,
                0.949710350029499
            ],
            "mean": 0.9199941424834074,
            "median": 0.9205855615674414
        },
        "producer_accuracy": {
            "90th": [
                89.97811783428592,
                93.93939393939394
            ],
            "95th": [
                89.44223107569721,
                94.27967146391202
            ],
            "99th": [
                88.68683056984945,
                94.97103500294989
            ],
            "mean": 91.99941424834073,
            "median": 92.05855615674415
        },
        "recall": {
            "90th": [
                0.8271375464684015,
                0.8768726554393806
            ],
            "95th": [
                0.8225798998270825,
                0.8815138552806182
            ],
            "99th": [
                0.8109088525706504,
                0.8897225819679133
            ],
            "mean": 0.8525187246488755,
            "median": 0.8524590163934426
        },
        "support": {
            "90th": [
                518.0,
                570.0
            ],
            "95th": [
                512.0,
                575.0
            ],
            "99th": [
                503.0,
                583.0099999999998
            ],
            "mean": 543.823,
            "median": 544.0
        },
        "user_accuracy": {
            "90th": [
                82.71375464684016,
                87.68726554393807
            ],
            "95th": [
                82.25798998270825,
                88.15138552806182
            ],
            "99th": [
                81.09088525706504,
                88.97225819679132
            ],
            "mean": 85.25187246488754,
            "median": 85.24590163934425
        }
    },
    "Other": {
        "f1-score": {
            "90th": [
                0.8542909290279762,
                0.8921775898520083
            ],
            "95th": [
                0.850261780104712,
                0.8955831677440451
            ],
            "99th": [
                0.8412870296713713,
                0.900586090754312
            ],
            "mean": 0.8733507203975032,
            "median": 0.8735510034568263
        },
        "precision": {
            "90th": [
                0.8111998135667324,
                0.8639059354602574
            ],
            "95th": [
                0.8063769551190427,
                0.8691424916687626
            ],
            "99th": [
                0.7970659720783795,
                0.8792760036702835
            ],
            "mean": 0.8383503258757722,
            "median": 0.8386119330625073
        },
        "producer_accuracy": {
            "90th": [
                81.11998135667324,
                86.39059354602574
            ],
            "95th": [
                80.63769551190428,
                86.91424916687626
            ],
            "99th": [
                79.70659720783794,
                87.92760036702835
            ],
            "mean": 83.83503258757723,
            "median": 83.86119330625073
        },
        "recall": {
            "90th": [
                0.8893805309734514,
                0.9327762448262887
            ],
            "95th": [
                0.8834062032884903,
                0.937081917951398
            ],
            "99th": [
                0.8757624797373125,
                0.944089042725283
            ],
            "mean": 0.9116402261957687,
            "median": 0.9117345089986713
        },
        "support": {
            "90th": [
                430.0,
                482.0
            ],
            "95th": [
                425.0,
                488.0
            ],
            "99th": [
                416.99,
                497.0
            ],
            "mean": 456.177,
            "median": 456.0
        },
        "user_accuracy": {
            "90th": [
                88.93805309734513,
                93.27762448262887
            ],
            "95th": [
                88.34062032884903,
                93.7081917951398
            ],
            "99th": [
                87.57624797373126,
                94.4089042725283
            ],
            "mean": 91.16402261957687,
            "median": 91.17345089986713
        }
    },
    "accuracy": {
        "90th": [
            0.862,
            0.896
        ],
        "95th": [
            0.858,
            0.8990249999999999
        ],
        "99th": [
            0.85,
            0.905
        ],
        "mean": 0.8794985,
        "median": 0.88
    },
    "cohen_kappa": {
        "90th": [
            0.7245247530148607,
            0.792176192039762
        ],
        "95th": [
            0.7159790644494815,
            0.7981344082573038
        ],
        "99th": [
            0.6998722842289115,
            0.8099362411195535
        ],
        "mean": 0.7586479481941045,
        "median": 0.7591990920971995
    },
    "macro avg": {
        "f1-score": {
            "90th": [
                0.8619447779111644,
                0.8959587788396222
            ],
            "95th": [
                0.8576546109575087,
                0.8989918991477904
            ],
            "99th": [
                0.8495600300969017,
                0.9048836079403523
            ],
            "mean": 0.8791150750493449,
            "median": 0.8794425423156675
        },
        "precision": {
            "90th": [
                0.8621002405199368,
                0.8961982117908499
            ],
            "95th": [
                0.857825433785022,
                0.8992202264092175
            ],
            "99th": [
                0.849795087707383,
                0.9041110168453079
            ],
            "mean": 0.8791722341795899,
            "median": 0.8792740234228766
        },
        "recall": {
            "90th": [
                0.8649746474505523,
                0.8985462919550263
            ],
            "95th": [
                0.86058905688164,
                0.901921111836533
            ],
            "99th": [
                0.8535972316966489,
                0.9066582216242763
            ],
            "mean": 0.8820794754223221,
            "median": 0.8821341037663089
        }
    },
    "weighted avg": {
        "f1-score": {
            "90th": [
                0.8622945750566703,
                0.8962079682977918
            ],
            "95th": [
                0.8581614132416829,
                0.899414310613159
            ],
            "99th": [
                0.8504056910861161,
                0.9051236149717322
            ],
            "mean": 0.8797293286690692,
            "median": 0.8801505987544127
        },
        "precision": {
            "90th": [
                0.8659210683984723,
                0.8990801467092826
            ],
            "95th": [
                0.8617569536512194,
                0.9022175567529139
            ],
            "99th": [
                0.8548958978305994,
                0.9071798427338211
            ],
            "mean": 0.8829519572805504,
            "median": 0.8829859875362247
        },