{
    "Mangrove": {
        "f1-score": {
            "90th": [
                0.9613478691774033,
                0.9793530588436231
            ],
            "95th": [
                0.9597442523707149,
                0.9810191231917987
            ],
            "99th": [
                0.9560767292632462,
                0.9833499820835622
            ],
            "mean": 0.9704360499484067,
            "median": 0.9706170740959488
        },
        "precision": {
            "90th": [
                0.9717741935483871,
                0.991578947368421
            ],
            "95th": [
                0.9695235191637631,
                0.9922027290448343
            ],
            "99th": [
                0.965116159686739,
                0.9942640259107663
            ],
            "mean": 0.9820571290661634,
            "median": 0.9823529411764705
        },
        "producer_accuracy": {
            "90th": [
                97.17741935483872,
                99.1578947368421
            ],
            "95th": [
                96.95235191637632,
                99.22027290448344
            ],
            "99th": [
                96.51161596867391,
                99.42640259107664
            ],
            "mean": 98.20571290661633,
            "median": 98.23529411764706
        },
        "recall": {
            "90th": [
                0.9436893203883495,
                0.974
            ],
            "95th": [
                0.9410644455779158,
                0.9765636421783626
            ],
            "99th": [
                0.9357275119114737,
                0.9801464060458779
            ],
            "mean": 0.9591463114303866,
            "median": 0.9594457540705005
        },
        "support": {
            "90th": [
                486.0,
                538.05
            ],
            "95th": [
                481.0,
                543.0249999999999
            ],
            "99th": [
                471.0,
                551.0049999999999
            ],
            "mean": 513.0815,
            "median": 513.0
        },
        "user_accuracy": {
            "90th": [
                94.36893203883496,
                97.39999999999999
            ],
            "95th": [
                94.10644455779158,
                97.65636421783626
            ],
            "99th": [
                93.57275119114738,
                98.01464060458778
            ],
            "mean": 95.91463114303868,
            "median": 95.94457540705005
        }
    },
    "Other": {
        "f1-score": {
            "90th": [
                0.9605655305001963,
                0.9785513995183653
            ],
            "95th": [
                0.9584662918256828,
                0.9803109828240383
            ],
            "99th": [
                0.9551911778263894,
                0.9828803331865773
            ],
            "mean": 0.9696019860203892,
            "median": 0.9695760270877665
        },
        "precision": {
            "90th": [
                0.9426877470355731,
                0.9733606557377049
            ],
            "95th": [
                0.9402019980458234,
                0.9752602722326891
            ],
            "99th": [
                0.9329488069496604,
                0.97929649313782
            ],
            "mean": 0.9580149196185458,
            "median": 0.9581589958158996
        },
        "producer_accuracy": {
            "90th": [
                94.26877470355731,
                97.3360655737705
            ],
            "95th": [
                94.02019980458233,
                97.5260272232689
            ],
            "99th": [
                93.29488069496604,
                97.929649313782
            ],
            "mean": 95.8014919618546,
            "median": 95.81589958158996
        },
        "recall": {
            "90th": [
                0.9712496091802503,
                0.9914163090128756
            ],
            "95th": [
                0.9685621962568505,
                0.9920481081763388
            ],
            "99th": [
                0.9629626012731481,
                0.9939148688932504
            ],
            "mean": 0.9815378805129698,
            "median": 0.9818181818181818
        },
        "support": {
            "90th": [
                461.95,
                514.0
            ],
            "95th": [
                456.975,
                519.0
            ],
            "99th": [
                448.995,
                529.0
            ],
            "mean": 486.9185,
            "median": 487.0
        },
        "user_accuracy": {
            "90th": [
                97.12496091802504,
                99.14163090128756
            ],
            "95th": [
                96.85621962568504,
                99.20481081763388
            ],
            "99th": [
                96.29626012731481,
                99.39148688932504
            ],
            "mean": 98.15378805129697,
            "median": 98.18181818181819
        }
    },
    "accuracy": {
        "90th": [
            0.961,
            0.979
        ],
        "95th": [
            0.959,
            0.981
        ],
        "99th": [
            0.956,
            0.983
        ],
        "mean": 0.970054,
        "median": 0.97
    },
    "cohen_kappa": {
        "90th": [
            0.9219999375990017,
            0.9579415386587278
        ],
        "95th": [
            0.9180358019289945,
            0.9618952329718943
        ],
        "99th": [
            0.9119885584425036,
            0.966000004079902
        ],
        "mean": 0.9400491992171169,
        "median": 0.9399837956053629
    },
    "macro avg": {
        "f1-score": {
            "90th": [
                0.9609912230251807,
                0.9789683219989574
            ],
            "95th": [
                0.9589988765600062,
                0.9809470931165297
            ],
            "99th": [
                0.9559654513708861,
                0.9829991669591809
            ],
            "mean": 0.970019017984398,
            "median": 0.969985472968917
        },
        "precision": {
            "90th": [
                0.9611638483107998,
                0.9788326308870472
            ],
            "95th": [
                0.9592938777341601,
                0.9806778186013929
            ],
            "99th": [
                0.9559425867944354,
                0.9830000896603587
            ],
            "mean": 0.9700360243423546,
            "median": 0.9700218800875203
        },
        "recall": {
            "90th": [
                0.9613397871026267,
                0.979108540340773
            ],
            "95th": [
                0.9600172352185655,
                0.9808940487430189
            ],
            "99th": [
                0.9563567875102699,
                0.9831587166902306
            ],
            "mean": 0.9703420959716782,
            "median": 0.9703920372046686
        }
    },
    "weighted avg": {
        "f1-score": {
            "90th": [
                0.9610046022316874,
                0.9790024626917715
            ],
            "95th": [
                0.9590387400592465,
                0.9809967404224198
            ],
            "99th": [
                0.956005419232199,
                0.9830020295389797
            ],
            "mean": 0.9700589305136256,
            "median": 0.9700085420814721
        },
        "precision": {
            "90th": [
                0.9615323984433327,
                0.9791076693434987
            ],
            "95th": [
                0.9601846047156163,
                0.9810558378339548
            ],
            "99th": [
                0.9565002488806641,
                0.9831040598569061
            ],
            "mean": 0.9704030463925449,
            "median": 0.9704063978844246
        },