overall accuracy,0.83
cohen kappa,0.6602114240028427
""
Confidence Interval,90%,95%,98%,99%
Overall Accuracy,0.025149637505671264,0.03005688384824127,0.03573088743183783,0.03956467363697065
""
class,f1-score,precision,recall,support
Mangrove,0.8222996515679443,0.7814569536423841,0.8676470588235294,272
Other,0.8370607028753994,0.8791946308724832,0.7987804878048781,328
""
macro avg,0.8296801772216718,0.8303257922574336,0.8332137733142038,600
weighted (pixel) avg,0.8303690262826864,0.8348868838615049,0.83,600
""
Confidence Interval,90%,95%,98%,99%
Mangrove,0.03899971226500156,0.04660941221914821,0.055408127791130274,0.06135320588030734
Other,0.030961454022468447,0.03700271334392571,0.043987919434360666,0.04870765327924915
""
Point Count Confusion Matrix
,Mangrove,Other,User Acc
Mangrove,236,36,86.76470588235294
Other,66,262,79.8780487804878
Producer,78.1456953642384,87.91946308724832
""
