{
    "Mangrove": {
        "f1-score": {
            "90th": [
                0.9152512427382165,
                0.9507042253521126
            ],
            "95th": [
                0.9113464384828862,
                0.9539018756998882
            ],
            "99th": [
                0.9034608378870674,
                0.9584789355402562
            ],
            "mean": 0.9334071218058169,
            "median": 0.9335548172757475
        },
        "precision": {
            "90th": [
                0.856655290102389,
                0.9169435215946844
            ],
            "95th": [
                0.8510605259680191,
                0.9223300970873787
            ],
            "99th": [
                0.8384856734911186,
                0.9300711483638313
            ],
            "mean": 0.8870432688856451,
            "median": 0.8873239436619719
        },
        "producer_accuracy": {
            "90th": [
                85.6655290102389,
                91.69435215946844
            ],
            "95th": [
                85.1060525968019,
                92.23300970873787
            ],
            "99th": [
                83.84856734911186,
                93.00711483638314
            ],
            "mean": 88.70432688856451,
            "median": 88.73239436619718
        },
        "recall": {
            "90th": [
                0.9716261578455869,
                0.9962546816479401
            ],
            "95th": [
                0.9687472778745645,
                0.99644128113879
            ],
            "99th": [
                0.9621989222118088,
                1.0
            ],
            "mean": 0.9851346807743864,
            "median": 0.9855595667870036
        },
        "support": {
            "90th": [
                251.0,
                289.0
            ],
            "95th": [
                247.0,
                292.0
            ],
            "99th": [
                241.0,
                299.0049999999999
            ],
            "mean": 269.5775,
            "median": 269.0
        },
        "user_accuracy": {
            "90th": [
                97.1626157845587,
                99.625468164794
            ],
            "95th": [
                96.87472778745645,
                99.644128113879
            ],
            "99th": [
                96.21989222118088,
                100.0
            ],
            "mean": 98.51346807743862,
            "median": 98.55595667870037
        }
    },
    "Other": {
        "f1-score": {
            "90th": [
                0.9235569422776911,
                0.955594917324132
            ],
            "95th": [
                0.920414398430785,
                0.9583350665557403
            ],
            "99th": [
                0.9147522180142482,
                0.9636987833111669
            ],
            "mean": 0.9399583899352385,
            "median": 0.9399528173113079
        },
        "precision": {
            "90th": [
                0.9741935483870968,
                0.9966448564566451
            ],
            "95th": [
                0.971828497486687,
                0.9967744528575875
            ],
            "99th": [
                0.9657533179703837,
                1.0
            ],
            "mean": 0.9866646523956079,
            "median": 0.9869281045751634
        },
        "producer_accuracy": {
            "90th": [
                97.41935483870968,
                99.66448564566451
            ],
            "95th": [
                97.18284974866869,
                99.67744528575875
            ],
            "99th": [
                96.57533179703836,
                100.0
            ],
            "mean": 98.66646523956078,
            "median": 98.69281045751634
        },
        "recall": {
            "90th": [
                0.8703114772215279,
                0.9246987951807228
            ],
            "95th": [
                0.8651008401849486,
                0.930164255575648
            ],
            "99th": [
                0.8518518518518519,
                0.939209726443769
            ],
            "mean": 0.897641361724968,
            "median": 0.8978978978978979
        },
        "support": {
            "90th": [
                311.0,
                349.0
            ],
            "95th": [
                308.0,
                353.0
            ],
            "99th": [
                300.995,
                359.0
            ],
            "mean": 330.4225,
            "median": 331.0
        },
        "user_accuracy": {
            "90th": [
                87.0311477221528,
                92.46987951807229
            ],
            "95th": [
                86.51008401849487,
                93.01642555756479
            ],
            "99th": [
                85.18518518518519,
                93.9209726443769
            ],
            "mean": 89.7641361724968,
            "median": 89.7897897897898
        }
    },
    "accuracy": {
        "90th": [
            0.92,
            0.9533333333333334
        ],
        "95th": [
            0.9166666666666666,
            0.9566666666666667
        ],
        "99th": [
            0.91,
            0.9600083333333331
        ],
        "mean": 0.9369391666666667,
        "median": 0.9366666666666666
    },
    "cohen_kappa": {
        "90th": [
            0.8403105073468256,
            0.9063369705467303
        ],
        "95th": [
            0.8337161551846678,
            0.9130642671551693
        ],
        "99th": [
            0.8207663928274321,
            0.9200647461790908
        ],
        "mean": 0.8737076397796093,
        "median": 0.8735019973368842
    },
    "macro avg": {
        "f1-score": {
            "90th": [
                0.9197981135759706,
                0.9531046136485445
            ],
            "95th": [
                0.9165544787992747,
                0.9564736877249099
            ],
            "99th": [
                0.9099903229505643,
                0.9599685556416834
            ],
            "mean": 0.9366827558705275,
            "median": 0.9366215975805017
        },
        "precision": {
            "90th": [
                0.921052105210521,
                0.9524851708976274
            ],
            "95th": [
                0.9171492216844106,
                0.955728739570971
            ],
            "99th": [
                0.9109074841608206,
                0.9600422408060532
            ],
            "mean": 0.9368539606406266,
            "median": 0.936849298325537
        },
        "recall": {
            "90th": [
                0.9259673096903525,
                0.9563927351195828
            ],
            "95th": [
                0.9232973182300509,
                0.9590996636759048
            ],
            "99th": [
                0.9174469100812902,
                0.96369681203547
            ],
            "mean": 0.9413880212496772,
            "median": 0.9413938009000232
        }
    },
    "weighted avg": {
        "f1-score": {
            "90th": [
                0.9203167006200785,
                0.9534135181387486
            ],
            "95th": [
                0.9170352994030966,
                0.9567130674868797
            ],
            "99th": [
                0.910600312261928,
                0.9601343106428153
            ],
            "mean": 0.9371058128736004,
            "median": 0.936885207214751
        },
        "precision": {
            "90th": [
                0.9280086823851964,
                0.9559030434326177
            ],
            "95th": [
                0.9254449670077941,
                0.9586041493561948
            ],
            "99th": [
                0.9200926465404208,
                0.9631606505581563
            ],
            "mean": 0.9420847721868504,
            "median": 0.9420127646326276
        },