{
    "Mangrove": {
        "f1-score": {
            "90th": [
                0.808026297285895,
                0.8641114982578397
            ],
            "95th": [
                0.8023709613792998,
                0.8695760869565217
            ],
            "99th": [
                0.790507693393563,
                0.8783215401287686
            ],
            "mean": 0.8371349932274366,
            "median": 0.8374760994263862
        },
        "precision": {
            "90th": [
                0.9575289575289575,
                0.9912280701754386
            ],
            "95th": [
                0.9533044954052489,
                0.9918715578284815
            ],
            "99th": [
                0.9467168715846994,
                0.9958334197786999
            ],
            "mean": 0.9748760041871976,
            "median": 0.9752066115702479
        },
        "producer_accuracy": {
            "90th": [
                95.75289575289575,
                99.12280701754386
            ],
            "95th": [
                95.33044954052488,
                99.18715578284815
            ],
            "99th": [
                94.67168715846994,
                99.58334197786998
            ],
            "mean": 97.48760041871975,
            "median": 97.52066115702479
        },
        "recall": {
            "90th": [
                0.6911717871862121,
                0.7737109426937907
            ],
            "95th": [
                0.6848705364697919,
                0.7812525120578778
            ],
            "99th": [
                0.6646103505057633,
                0.7968382303275917
            ],
            "mean": 0.7338842330067284,
            "median": 0.734375
        },
        "support": {
            "90th": [
                299.0,
                338.04999999999995
            ],
            "95th": [
                296.0,
                342.0
            ],
            "99th": [
                286.995,
                349.0
            ],
            "mean": 318.722,
            "median": 319.0
        },
        "user_accuracy": {
            "90th": [
                69.1171787186212,
                77.37109426937907
            ],
            "95th": [
                68.48705364697918,
                78.12525120578778
            ],
            "99th": [
                66.46103505057634,
                79.68382303275918
            ],
            "mean": 73.38842330067284,
            "median": 73.4375
        }
    },
    "Other": {
        "f1-score": {
            "90th": [
                0.8330558112291859,
                0.8823574315222272
            ],
            "95th": [
                0.8276944860902881,
                0.8862637859532925
            ],
            "99th": [
                0.816854519861143,
                0.8929188089145448
            ],
            "mean": 0.8581699097828264,
            "median": 0.8584204072928883
        },
        "precision": {
            "90th": [
                0.7270190983895239,
                0.8016528925619835
            ],
            "95th": [
                0.7197451181159951,
                0.8074741846556397
            ],
            "99th": [
                0.7026188516881406,
                0.8189428418551217
            ],
            "mean": 0.7644606079600239,
            "median": 0.7645429362880887
        },
        "producer_accuracy": {
            "90th": [
                72.7019098389524,
                80.16528925619835
            ],
            "95th": [
                71.97451181159951,
                80.74741846556397
            ],
            "99th": [
                70.26188516881406,
                81.89428418551216
            ],
            "mean": 76.44606079600239,
            "median": 76.45429362880887
        },
        "recall": {
            "90th": [
                0.9635012246283677,
                0.9927272727272727
            ],
            "95th": [
                0.960431654676259,
                0.9930555555555556
            ],
            "99th": [
                0.9539001825714486,
                0.9964664933061265
            ],
            "mean": 0.9785520500925873,
            "median": 0.9789473684210527
        },
        "support": {
            "90th": [
                261.95,
                301.0
            ],
            "95th": [
                258.0,
                304.0
            ],
            "99th": [
                251.0,
                313.0049999999999
            ],
            "mean": 281.278,
            "median": 281.0
        },
        "user_accuracy": {
            "90th": [
                96.35012246283678,
                99.27272727272727
            ],
            "95th": [
                96.0431654676259,
                99.30555555555556
            ],
            "99th": [
                95.39001825714486,
                99.64664933061265
            ],
            "mean": 97.85520500925873,
            "median": 97.89473684210527
        }
    },
    "accuracy": {
        "90th": [
            0.8249166666666666,
            0.8716666666666667
        ],
        "95th": [
            0.82,
            0.8766666666666667
        ],
        "99th": [
            0.8083250000000001,
            0.8850083333333332
        ],
        "mean": 0.8485933333333333,
        "median": 0.8483333333333334
    },
    "cohen_kappa": {
        "90th": [
            0.6539164020104495,
            0.746030867605797
        ],
        "95th": [
            0.6455720617212264,
            0.7548681169428201
        ],
        "99th": [
            0.6242959730650072,
            0.7719893881956827
        ],
        "mean": 0.7006614222015665,
        "median": 0.7006578911378729
    },
    "macro avg": {
        "f1-score": {
            "90th": [
                0.8229477528840585,
                0.8714434782608695
            ],
            "95th": [
                0.8188365760711467,
                0.8760607753662589
            ],
            "99th": [
                0.8061148154443257,
                0.8848873592625103
            ],
            "mean": 0.8476524515051315,
            "median": 0.847722099948235
        },
        "precision": {
            "90th": [
                0.8487408195867311,
                0.8900738013245919
            ],
            "95th": [
                0.844803146317737,
                0.8932531921677849
            ],
            "99th": [
                0.8371945086100834,
                0.9000303492479572
            ],
            "mean": 0.8696683060736107,
            "median": 0.8696489250792492
        },
        "recall": {
            "90th": [
                0.8340701648951018,
                0.8775478026661148
            ],
            "95th": [
                0.8295416654815612,
                0.8823698567057943
            ],
            "99th": [
                0.8217975885195011,
                0.890814510337967
            ],
            "mean": 0.8562181415496578,
            "median": 0.8564809759575094
        }
    },
    "weighted avg": {
        "f1-score": {
            "90th": [
                0.8221790046494714,
                0.8710895262137008
            ],
            "95th": [
                0.8180544379289606,
                0.8758772852611926
            ],
            "99th": [
                0.804907675241856,
                0.8846463266300875
            ],
            "mean": 0.8471990223809287,
            "median": 0.8472409672523644
        },
        "precision": {
            "90th": [
                0.8591658786279733,
                0.8934387173801298
            ],
            "95th": [
                0.8555761871658166,
                0.8967560366314562
            ],
            "99th": [
                0.8494397083675093,
                0.9040753567132334
            ],