{
    "Mangrove": {
        "f1-score": {
            "90th": [
                0.6724511930585684,
                0.7480809521507196
            ],
            "95th": [
                0.6639157821320372,
                0.7545733149468047
            ],
            "99th": [
                0.6524515680335295,
                0.7683199077189272
            ],
            "mean": 0.7110179288985671,
            "median": 0.7110187110187111
        },
        "precision": {
            "90th": [
                0.9828522167487684,
                1.0
            ],
            "95th": [
                0.9815950920245399,
                1.0
            ],
            "99th": [
                0.9753078751629476,
                1.0
            ],
            "mean": 0.9943216052610466,
            "median": 0.9943820224719101
        },
        "producer_accuracy": {
            "90th": [
                98.28522167487685,
                100.0
            ],
            "95th": [
                98.15950920245399,
                100.0
            ],
            "99th": [
                97.53078751629477,
                100.0
            ],
            "mean": 99.43216052610468,
            "median": 99.43820224719101
        },
        "recall": {
            "90th": [
                0.5094168096054889,
                0.5993265993265994
            ],
            "95th": [
                0.5,
                0.6073909126221972
            ],
            "99th": [
                0.4861511919390514,
                0.6246113923572412
            ],
            "mean": 0.5538481093882074,
            "median": 0.5532842794536432
        },
        "support": {
            "90th": [
                291.0,
                332.0
            ],
            "95th": [
                288.0,
                335.0
            ],
            "99th": [
                282.0,
                344.0
            ],
            "mean": 311.6735,
            "median": 312.0
        },
        "user_accuracy": {
            "90th": [
                50.94168096054889,
                59.93265993265994
            ],
            "95th": [
                50.0,
                60.73909126221972
            ],
            "99th": [
                48.61511919390514,
                62.461139235724126
            ],
            "mean": 55.384810938820735,
            "median": 55.328427945364325
        }
    },
    "Other": {
        "f1-score": {
            "90th": [
                0.7771420192710515,
                0.830351896325162
            ],
            "95th": [
                0.7706127814279828,
                0.8344972503967042
            ],
            "99th": [
                0.7614728728728728,
                0.8421067312633046
            ],
            "mean": 0.8038375644587018,
            "median": 0.804861635426583
        },
        "precision": {
            "90th": [
                0.63677150735796,
                0.7110220958780203
            ],
            "95th": [
                0.6294536817102138,
                0.7175023148148149
            ],
            "99th": [
                0.6153818549871182,
                0.7294733297713661
            ],
            "mean": 0.6738726848054933,
            "median": 0.6746127356828695
        },
        "producer_accuracy": {
            "90th": [
                63.67715073579599,
                71.10220958780204
            ],
            "95th": [
                62.94536817102138,
                71.75023148148148
            ],
            "99th": [
                61.53818549871182,
                72.94733297713663
            ],
            "mean": 67.38726848054934,
            "median": 67.46127356828694
        },
        "recall": {
            "90th": [
                0.9897242621098714,
                1.0
            ],
            "95th": [
                0.9891304347826086,
                1.0
            ],
            "99th": [
                0.9856109894692942,
                1.0
            ],
            "mean": 0.9965941876324218,
            "median": 0.9965870307167235
        },
        "support": {
            "90th": [
                268.0,
                309.0
            ],
            "95th": [
                265.0,
                312.0
            ],
            "99th": [
                256.0,
                318.0
            ],
            "mean": 288.3265,
            "median": 288.0
        },
        "user_accuracy": {
            "90th": [
                98.97242621098715,
                100.0
            ],
            "95th": [
                98.91304347826086,
                100.0
            ],
            "99th": [
                98.56109894692942,
                100.0
            ],
            "mean": 99.65941876324219,
            "median": 99.65870307167235
        }
    },
    "accuracy": {
        "90th": [
            0.7383333333333333,
            0.795
        ],
        "95th": [
            0.7316666666666667,
            0.8
        ],
        "99th": [
            0.72,
            0.81
        ],
        "mean": 0.7665908333333333,
        "median": 0.7666666666666667
    },
    "cohen_kappa": {
        "90th": [
            0.49092654210741477,
            0.5910464382431395
        ],
        "95th": [
            0.4827547608073844,
            0.5983894586309539
        ],
        "99th": [
            0.46400594042677057,
            0.6177545034451088
        ],
        "mean": 0.5405206907360757,
        "median": 0.5400901954230187
    },
    "macro avg": {
        "f1-score": {
            "90th": [
                0.7279729375387628,
                0.7869338024263871
            ],
            "95th": [
                0.7224919361481047,
                0.7909212697621227
            ],
            "99th": [
                0.7102597181912622,
                0.8018079384818667
            ],
            "mean": 0.7574277466786344,
            "median": 0.7573144064641284
        },
        "precision": {
            "90th": [
                0.8153939622011266,
                0.8533885102081574
            ],
            "95th": [
                0.8110298998242224,
                0.8563644210664083
            ],
            "99th": [
                0.8027979573554089,
                0.8620486930450588
            ],
            "mean": 0.8340971450332698,
            "median": 0.8343472036121273
        },
        "recall": {
            "90th": [
                0.7522855611243864,
                0.7981141734462338
            ],
            "95th": [
                0.7474098405046967,
                0.8026183238166632
            ],
            "99th": [
                0.7410652499539853,
                0.8111820660327644
            ],
            "mean": 0.7752211485103147,
            "median": 0.7748447204968945
        }
    },
    "weighted avg": {
        "f1-score": {
            "90th": [
                0.7253033612011499,
                0.7864814493902953
            ],
            "95th": [
                0.7192468663754503,
                0.791063512758428
            ],
            "99th": [
                0.7070432872643846,
                0.8029555935479713
            ],
            "mean": 0.7558762365694703,
            "median": 0.7560173859936536
        },
        "precision": {
            "90th": [
                0.8283020865087833,
                0.8534196717741976
            ],
            "95th": [
                0.8258008922288267,
                0.8560163170898688
            ],
            "99th": [
                0.8206512876302269,
                0.8603192707713426
            ],
            "mean": 0.8407139493765945,
            "median": 0.8405907668231611
        },
        "recall": {
            "90th": [
                0.7383333333333333,
                0.795
            ],