{
    "Mangrove": {
        "f1-score": 0.9899999999999999,
        "precision": 0.9880239520958084,
        "recall": 0.9919839679358717,
        "support": 499
    },
    "Other": {
        "f1-score": 0.9899999999999999,
        "precision": 0.9919839679358717,
        "recall": 0.9880239520958084,
        "support": 501
    },
    "accuracy": 0.99,
    "accuracy_conf_interval": [
        0.0051601395329971475,
        0.006166996027240494,
        0.007331173848709363,
        0.008117780484836978
    ],
    "cls_confidence_intervals": {
        "Mangrove": [
            0.007970131444612854,
            0.009525279043561702,
            0.01132341845484631,
            0.012538377516525099
        ],
        "Other": [
            0.006546748008045724,
            0.00782416225351806,
            0.00930117247484545,
            0.010299152354120713
        ]
    },
    "cohen_kappa": 0.98000007999968,
    "confusion_matrix": [
        [
            495,
            4
        ],
        [
            6,
            495
        ]
    ],
    "macro avg": {
        "f1-score": 0.9899999999999999,
        "precision": 0.9900039600158401,
        "recall": 0.9900039600158401,
        "support": 1000
    },
    "producer_accuracy": [
        98.80239520958084,
        99.19839679358718
    ],
    "user_accuracy": [
        99.19839679358718,
        98.80239520958084
    ],
    "weighted avg": {
        "f1-score": 0.9899999999999999,
        "precision": 0.9900079200316803,
        "recall": 0.99,
        "support": 1000
    }
}