{
    "Mangrove": {
        "f1-score": {
            "90th": [
                0.9789768705515948,
                0.9919678714859438
            ],
            "95th": [
                0.9777765995051254,
                0.9929228563544407
            ],
            "99th": [
                0.9751882433928107,
                0.9949242135536551
            ],
            "mean": 0.9858548958156146,
            "median": 0.986
        },
        "precision": {
            "90th": [
                0.9666666666666667,
                0.98828125
            ],
            "95th": [
                0.9637023013375295,
                0.99
            ],
            "99th": [
                0.9587409986578225,
                0.992172287793542
            ],
            "mean": 0.9779430193512488,
            "median": 0.9781746031746031
        },
        "producer_accuracy": {
            "90th": [
                96.66666666666667,
                98.828125
            ],
            "95th": [
                96.37023013375295,
                99.0
            ],
            "99th": [
                95.87409986578226,
                99.2172287793542
            ],
            "mean": 97.79430193512488,
            "median": 97.81746031746032
        },
        "recall": {
            "90th": [
                0.9876263046679901,
                1.0
            ],
            "95th": [
                0.9857716333018727,
                1.0
            ],
            "99th": [
                0.982975939162234,
                1.0
            ],
            "mean": 0.9939255702590217,
            "median": 0.9940119760479041
        },
        "support": {
            "90th": [
                466.0,
                518.0
            ],
            "95th": [
                461.0,
                525.0
            ],
            "99th": [
                452.0,
                531.0049999999999
            ],
            "mean": 492.0595,
            "median": 492.0
        },
        "user_accuracy": {
            "90th": [
                98.76263046679901,
                100.0
            ],
            "95th": [
                98.57716333018728,
                100.0
            ],
            "99th": [
                98.2975939162234,
                100.0
            ],
            "mean": 99.39255702590218,
            "median": 99.40119760479041
        }
    },
    "Other": {
        "f1-score": {
            "90th": [
                0.9795520934761441,
                0.9920159680638722
            ],
            "95th": [
                0.9783021123953767,
                0.9930073416115289
            ],
            "99th": [
                0.9759026192232486,
                0.9946528008655324
            ],
            "mean": 0.9860884268151068,
            "median": 0.9861660079051382
        },
        "precision": {
            "90th": [
                0.9878296146044625,
                1.0
            ],
            "95th": [
                0.986027245508982,
                1.0
            ],
            "99th": [
                0.9836719419576563,
                1.0
            ],
            "mean": 0.9940271658351433,
            "median": 0.9941060903732809
        },
        "producer_accuracy": {
            "90th": [
                98.78296146044624,
                100.0
            ],
            "95th": [
                98.6027245508982,
                100.0
            ],
            "99th": [
                98.36719419576562,
                100.0
            ],
            "mean": 99.40271658351432,
            "median": 99.41060903732809
        },
        "recall": {
            "90th": [
                0.9673692663245721,
                0.9883279815647312
            ],
            "95th": [
                0.964875225981405,
                0.9901579637393066
            ],
            "99th": [
                0.958498023715415,
                0.9922633530964482
            ],
            "mean": 0.9783029503735736,
            "median": 0.9784313725490196
        },
        "support": {
            "90th": [
                482.0,
                534.0
            ],
            "95th": [
                475.0,
                539.0
            ],
            "99th": [
                468.995,
                548.0
            ],
            "mean": 507.9405,
            "median": 508.0
        },
        "user_accuracy": {
            "90th": [
                96.7369266324572,
                98.83279815647313
            ],
            "95th": [
                96.48752259814049,
                99.01579637393066
            ],
            "99th": [
                95.8498023715415,
                99.22633530964482
            ],
            "mean": 97.83029503735737,
            "median": 97.84313725490196
        }
    },
    "accuracy": {
        "90th": [
            0.979,
            0.992
        ],
        "95th": [
            0.978,
            0.993
        ],
        "99th": [
            0.975995,
            0.995
        ],
        "mean": 0.9859865,
        "median": 0.986
    },
    "cohen_kappa": {
        "90th": [
            0.9580033429337749,
            0.9839942059013195
        ],
        "95th": [
            0.9560008579828403,
            0.9859942015972756
        ],
        "99th": [
            0.9519731825602612,
            0.9899577428545022
        ],
        "mean": 0.9719458330540529,
        "median": 0.9719963035120636
    },
    "macro avg": {
        "f1-score": {
            "90th": [
                0.9789989373452082,
                0.9919968291415093
            ],
            "95th": [
                0.977997799779978,
                0.9929969256492671
            ],
            "99th": [
                0.9759788180687016,
                0.9949788262467686
            ],
            "mean": 0.9859716613153607,
            "median": 0.9859972554620706
        },
        "precision": {
            "90th": [
                0.9792625978033277,
                0.992
            ],
            "95th": [
                0.9780951395003302,
                0.9929870125685689
            ],
            "99th": [
                0.9758529310891455,
                0.9949497474747475
            ],
            "mean": 0.985985092593196,
            "median": 0.9860876304335487
        },
        "recall": {
            "90th": [
                0.979770942687891,
                0.9920078769212499
            ],
            "95th": [
                0.9782817804791876,
                0.9930039345658271
            ],
            "99th": [
                0.9761864044596232,
                0.9947947048665596
            ],
            "mean": 0.9861142603162978,
            "median": 0.9861518233032645
        }
    },
    "weighted avg": {
        "f1-score": {
            "90th": [
                0.9790166987646756,
                0.992
            ],
            "95th": [
                0.9780030805964042,
                0.9930000213501852
            ],
            "99th": [
                0.9759935263094585,
                0.9949990241831362
            ],
            "mean": 0.9859875663835406,
            "median": 0.9860014285624679
        },
        "precision": {
            "90th": [
                0.9796150831548127,
                0.9920313758364088
            ],
            "95th": [
                0.9784107539817342,
                0.9930466396681679
            ],
            "99th": [
                0.976202425437703,
                0.9950014857950625
            ],
            "mean": 0.9861443028680951,
            "median": 0.9861939338639902
        },
        "recall": {
            "90th": [
                0.979,
                0.992
            ],
            "95th": [
                0.978,
                0.993
            ],