{
    "Mangrove": {
        "f1-score": {
            "90th": [
                0.9422051657790963,
                0.9711375212224109
            ],
            "95th": [
                0.9389162491995932,
                0.972975247975248
            ],
            "99th": [
                0.9321715373486636,
                0.9777784787942515
            ],
            "mean": 0.9574250216100293,
            "median": 0.9579831932773109
        },
        "precision": {
            "90th": [
                0.9148902610913484,
                0.9612744007907092
            ],
            "95th": [
                0.9094330125364063,
                0.9664457587932931
            ],
            "99th": [
                0.8986474688974689,
                0.9739438657106284
            ],
            "mean": 0.9396130387400279,
            "median": 0.9404181112333658
        },
        "producer_accuracy": {
            "90th": [
                91.48902610913484,
                96.12744007907092
            ],
            "95th": [
                90.94330125364063,
                96.64457587932931
            ],
            "99th": [
                89.8647468897469,
                97.39438657106284
            ],
            "mean": 93.9613038740028,
            "median": 94.04181112333659
        },
        "recall": {
            "90th": [
                0.9601443256776928,
                0.9896907216494846
            ],
            "95th": [
                0.956953642384106,
                0.9926206045148687
            ],
            "99th": [
                0.9503255639486755,
                0.9965035574181915
            ],
            "mean": 0.9760767602115142,
            "median": 0.9765886287625418
        },
        "support": {
            "90th": [
                269.0,
                309.0
            ],
            "95th": [
                265.0,
                313.0
            ],
            "99th": [
                254.0,
                321.0049999999999
            ],
            "mean": 288.716,
            "median": 288.0
        },
        "user_accuracy": {
            "90th": [
                96.01443256776928,
                98.96907216494846
            ],
            "95th": [
                95.69536423841059,
                99.26206045148687
            ],
            "99th": [
                95.03255639486756,
                99.65035574181914
            ],
            "mean": 97.60767602115143,
            "median": 97.65886287625418
        }
    },
    "Other": {
        "f1-score": {
            "90th": [
                0.9437803449744463,
                0.972176759410802
            ],
            "95th": [
                0.9411764705882353,
                0.9738583381235231
            ],
            "99th": [
                0.9360373889703063,
                0.9785278853053841
            ],
            "mean": 0.9589983534933328,
            "median": 0.9596041187317439
        },
        "precision": {
            "90th": [
                0.9612855079441502,
                0.9900990099009901
            ],
            "95th": [
                0.9581881533101045,
                0.9929824561403509
            ],
            "99th": [
                0.9513104046770805,
                0.9965756872299347
            ],
            "mean": 0.9769487211298243,
            "median": 0.9773462783171522
        },
        "producer_accuracy": {
            "90th": [
                96.12855079441502,
                99.00990099009901
            ],
            "95th": [
                95.81881533101046,
                99.29824561403508
            ],
            "99th": [
                95.13104046770805,
                99.65756872299346
            ],
            "mean": 97.69487211298244,
            "median": 97.73462783171522
        },
        "recall": {
            "90th": [
                0.9179764470799374,
                0.9623847101672496
            ],
            "95th": [
                0.9138461538461539,
                0.9671079594477998
            ],
            "99th": [
                0.9023533145664293,
                0.9746870496592015
            ],
            "mean": 0.9418255274450582,
            "median": 0.9427609427609428
        },
        "support": {
            "90th": [
                291.0,
                331.0
            ],
            "95th": [
                287.0,
                335.0
            ],
            "99th": [
                278.995,
                346.0
            ],
            "mean": 311.284,
            "median": 312.0
        },
        "user_accuracy": {
            "90th": [
                91.79764470799375,
                96.23847101672496
            ],
            "95th": [
                91.38461538461539,
                96.71079594477997
            ],
            "99th": [
                90.23533145664294,
                97.46870496592015
            ],
            "mean": 94.18255274450584,
            "median": 94.27609427609428
        }
    },
    "accuracy": {
        "90th": [
            0.9433333333333334,
            0.9716666666666667
        ],
        "95th": [
            0.9416666666666667,
            0.9733333333333334
        ],
        "99th": [
            0.935,
            0.9783333333333334
        ],
        "mean": 0.958295,
        "median": 0.9583333333333334
    },
    "cohen_kappa": {
        "90th": [
            0.8867066969564488,
            0.9432784393595687
        ],
        "95th": [
            0.8825981847373013,
            0.946651907025041
        ],
        "99th": [
            0.869632283318494,
            0.956519159837127
        ],
        "mean": 0.9164613355038063,
        "median": 0.916678701954988
    },
    "macro avg": {
        "f1-score": {
            "90th": [
                0.9433175882189497,
                0.9716382261100714
            ],
            "95th": [
                0.9412705561870351,
                0.9733226623982927
            ],
            "99th": [
                0.9347198551023702,
                0.9782595048215849
            ],
            "mean": 0.9582116875516811,
            "median": 0.9583258087442446
        },
        "precision": {
            "90th": [
                0.9438662220210787,
                0.9716164516025487
            ],
            "95th": [
                0.9411859803560643,
                0.9733888118697758
            ],
            "99th": [
                0.934519785895629,
                0.9781688119921726
            ],
            "mean": 0.958280879934926,
            "median": 0.9586264592457245
        },
        "recall": {
            "90th": [
                0.9443831588152919,
                0.9719355376599919
            ],
            "95th": [
                0.941876400113633,
                0.9737176847598256
            ],
            "99th": [
                0.9372387206314543,
                0.9783055464658277
            ],
            "mean": 0.9589511438282864,
            "median": 0.9594178139550464
        }
    },
    "weighted avg": {
        "f1-score": {
            "90th": [
                0.9433678502821968,
                0.9716683430974662
            ],
            "95th": [
                0.9415564577558706,
                0.9733377792602899
            ],
            "99th": [
                0.9351100490784886,
                0.9783312392057067
            ],
            "mean": 0.9583106791277459,
            "median": 0.9583689943234166
        },
        "precision": {
            "90th": [
                0.9451744606448554,
                0.9719463141540332
            ],
            "95th": [
                0.9426135707063412,
                0.9737269241347138
            ],
            "99th": [
                0.9374879496875299,
                0.9783431676039821
            ],