{
    "Mangrove": {
        "f1-score": {
            "90th": [
                0.9521949276066467,
                0.9728124003704323
            ],
            "95th": [
                0.9501071357204938,
                0.9747228248598662
            ],
            "99th": [
                0.9466924986560519,
                0.9781491102643379
            ],
            "mean": 0.9626464639268687,
            "median": 0.9627391742195368
        },
        "precision": {
            "90th": [
                0.9678800856531049,
                0.9897129904259724
            ],
            "95th": [
                0.9653043487333584,
                0.9916142557651991
            ],
            "99th": [
                0.9590134112675096,
                0.9939395764877692
            ],
            "mean": 0.9794070558103779,
            "median": 0.9798589926656714
        },
        "producer_accuracy": {
            "90th": [
                96.78800856531049,
                98.97129904259724
            ],
            "95th": [
                96.53043487333585,
                99.16142557651992
            ],
            "99th": [
                95.90134112675096,
                99.39395764877692
            ],
            "mean": 97.94070558103779,
            "median": 97.98589926656715
        },
        "recall": {
            "90th": [
                0.9295774647887324,
                0.9628175696357515
            ],
            "95th": [
                0.9262116615180935,
                0.9658465888133002
            ],
            "99th": [
                0.9192540458426746,
                0.9712140019766238
            ],
            "mean": 0.946523543549876,
            "median": 0.9466403162055336
        },
        "support": {
            "90th": [
                479.0,
                529.05
            ],
            "95th": [
                474.0,
                534.0
            ],
            "99th": [
                464.0,
                544.0049999999999
            ],
            "mean": 503.461,
            "median": 503.0
        },
        "user_accuracy": {
            "90th": [
                92.95774647887323,
                96.28175696357513
            ],
            "95th": [
                92.62116615180936,
                96.58465888133001
            ],
            "99th": [
                91.92540458426745,
                97.12140019766238
            ],
            "mean": 94.6523543549876,
            "median": 94.66403162055336
        }
    },
    "Other": {
        "f1-score": {
            "90th": [
                0.9531345560633535,
                0.9731986339145561
            ],
            "95th": [
                0.9513738987010636,
                0.9751912339915463
            ],
            "99th": [
                0.9481758253159405,
                0.9783312165598963
            ],
            "mean": 0.9633876855482202,
            "median": 0.9633401221995926
        },
        "precision": {
            "90th": [
                0.9310989682324192,
                0.9636381018598992
            ],
            "95th": [
                0.9280295454545454,
                0.9666028159790439
            ],
            "99th": [
                0.9221298668032787,
                0.9717743451370362
            ],
            "mean": 0.9475677986599649,
            "median": 0.9475691793025708
        },
        "producer_accuracy": {
            "90th": [
                93.10989682324193,
                96.36381018598992
            ],
            "95th": [
                92.80295454545454,
                96.66028159790439
            ],
            "99th": [
                92.21298668032786,
                97.17743451370362
            ],
            "mean": 94.75677986599648,
            "median": 94.75691793025709
        },
        "recall": {
            "90th": [
                0.9684851159398671,
                0.9899203689881222
            ],
            "95th": [
                0.9659284363495603,
                0.9918367346938776
            ],
            "99th": [
                0.9608218113996434,
                0.9939152931459596
            ],
            "mean": 0.9798198468916847,
            "median": 0.9802912399276648
        },
        "support": {
            "90th": [
                470.95,
                521.0
            ],
            "95th": [
                466.0,
                526.0
            ],
            "99th": [
                455.995,
                536.0
            ],
            "mean": 496.539,
            "median": 497.0
        },
        "user_accuracy": {
            "90th": [
                96.8485115939867,
                98.99203689881222
            ],
            "95th": [
                96.59284363495603,
                99.18367346938776
            ],
            "99th": [
                96.08218113996433,
                99.39152931459596
            ],
            "mean": 97.98198468916846,
            "median": 98.02912399276647
        }
    },
    "accuracy": {
        "90th": [
            0.953,
            0.973
        ],
        "95th": [
            0.951,
            0.975
        ],
        "99th": [
            0.948,
            0.979
        ],
        "mean": 0.9630555,
        "median": 0.963
    },
    "cohen_kappa": {
        "90th": [
            0.906,
            0.945992244486144
        ],
        "95th": [
            0.9020437668394771,
            0.9499200122281956
        ],
        "99th": [
            0.8960199392152645,
            0.957795118015724
        ],
        "mean": 0.9260592863478535,
        "median": 0.9260035518295122
    },
    "macro avg": {
        "f1-score": {
            "90th": [
                0.9529751238405115,
                0.9729903467432732
            ],
            "95th": [
                0.950996030678485,
                0.9749537947432825
            ],
            "99th": [
                0.9479866252673629,
                0.9788939746894274
            ],
            "mean": 0.9630170747375444,
            "median": 0.9629893039088298
        },
        "precision": {
            "90th": [
                0.9534616728649346,
                0.9731629825487161
            ],
            "95th": [
                0.9517064986234006,
                0.9751983838442253
            ],
            "99th": [
                0.9484327938092897,
                0.9787721922105665
            ],
            "mean": 0.9634874272351712,
            "median": 0.9634236570458925
        },
        "recall": {
            "90th": [
                0.9533076941839715,
                0.9731132944441914
            ],
            "95th": [
                0.9513120499743263,
                0.9747616185897436
            ],
            "99th": [
                0.9480786563085979,
                0.978215738720345
            ],
            "mean": 0.9631716952207803,
            "median": 0.9631231563045947
        }
    },
    "weighted avg": {
        "f1-score": {
            "90th": [
                0.9529937440010703,
                0.9729989658901529
            ],
            "95th": [
                0.951022696222894,
                0.9749938843085428
            ],
            "99th": [
                0.9479832901683585,
                0.978980562885177
            ],
            "mean": 0.9630489831653116,
            "median": 0.9629956706493225
        },
        "precision": {
            "90th": [
                0.9539605805885253,
                0.9733310827099416
            ],
            "95th": [
                0.9522297165797838,
                0.9751639158801526
            ],
            "99th": [
                0.9486329749622204,
                0.9790496097849107
            ],
            "mean": 0.9636664334817776,
            "median": 0.963614986059905
        },