overall accuracy,0.956
cohen kappa,0.912
""
Confidence Interval,90%,95%,98%,99%
Overall Accuracy,0.010636509502651707,0.012711925990973993,0.015111626305596634,0.01673304543709842
""
class,f1-score,precision,recall,support
Mangrove,0.9571984435797666,0.984,0.9318181818181818,528
Other,0.9547325102880659,0.928,0.9830508474576272,472
""
macro avg,0.9559654769339163,0.956,0.9574345146379044,1000
weighted (pixel) avg,0.9560345230660839,0.957568,0.956,1000
""
Confidence Interval,90%,95%,98%,99%
Mangrove,0.009202723770710469,0.010998377189385683,0.013074601454728899,0.01447745568806891
Other,0.01895828650485057,0.022657464359455558,0.02693463875384258,0.029824621452752727
""
Point Count Confusion Matrix
,Mangrove,Other,User Acc
Mangrove,492,36,93.18181818181817
Other,8,464,98.30508474576271
Producer,98.4,92.80000000000001
""
