{
    "Mangrove": {
        "f1-score": {
            "90th": [
                0.8252968895639866,
                0.8913649025069638
            ],
            "95th": [
                0.8187071524966262,
                0.8954443599695888
            ],
            "99th": [
                0.8074528463160295,
                0.9037458755262259
            ],
            "mean": 0.8597155740188919,
            "median": 0.860304584066733
        },
        "precision": {
            "90th": [
                0.9708007854185342,
                1.0
            ],
            "95th": [
                0.9668818984547461,
                1.0
            ],
            "99th": [
                0.9588159971305595,
                1.0
            ],
            "mean": 0.9870703324573362,
            "median": 0.9873417721518988
        },
        "producer_accuracy": {
            "90th": [
                97.08007854185341,
                100.0
            ],
            "95th": [
                96.68818984547462,
                100.0
            ],
            "99th": [
                95.88159971305596,
                100.0
            ],
            "mean": 98.70703324573364,
            "median": 98.73417721518987
        },
        "recall": {
            "90th": [
                0.7112076648841354,
                0.8113344271260596
            ],
            "95th": [
                0.7029667943209414,
                0.8187003968253967
            ],
            "99th": [
                0.6841985645933014,
                0.8309255886890758
            ],
            "mean": 0.7620024038108427,
            "median": 0.7628865979381443
        },
        "support": {
            "90th": [
                184.0,
                217.0
            ],
            "95th": [
                181.0,
                220.0
            ],
            "99th": [
                176.0,
                226.00499999999988
            ],
            "mean": 200.655,
            "median": 201.0
        },
        "user_accuracy": {
            "90th": [
                71.12076648841355,
                81.13344271260597
            ],
            "95th": [
                70.29667943209415,
                81.87003968253967
            ],
            "99th": [
                68.41985645933015,
                83.09255886890759
            ],
            "mean": 76.20024038108427,
            "median": 76.28865979381443
        }
    },
    "Other": {
        "f1-score": {
            "90th": [
                0.8597701149425288,
                0.9131444532386017
            ],
            "95th": [
                0.8551068883610452,
                0.9174352792137472
            ],
            "99th": [
                0.845977011494253,
                0.9250005506607929
            ],
            "mean": 0.8877903059627328,
            "median": 0.8884120171673819
        },
        "precision": {
            "90th": [
                0.7624702380952381,
                0.8464575097199988
            ],
            "95th": [
                0.7541666666666667,
                0.8532860138463586
            ],
            "99th": [
                0.7408906882591093,
                0.8671904054752065
            ],
            "mean": 0.8051206324049285,
            "median": 0.8060344827586207
        },
        "producer_accuracy": {
            "90th": [
                76.24702380952381,
                84.64575097199987
            ],
            "95th": [
                75.41666666666667,
                85.32860138463586
            ],
            "99th": [
                74.08906882591093,
                86.71904054752065
            ],
            "mean": 80.51206324049286,
            "median": 80.60344827586206
        },
        "recall": {
            "90th": [
                0.9774736601007787,
                1.0
            ],
            "95th": [
                0.9746160520045583,
                1.0
            ],
            "99th": [
                0.9655157421289355,
                1.0
            ],
            "mean": 0.9899475170761325,
            "median": 0.9900990099009901
        },
        "support": {
            "90th": [
                183.0,
                216.0
            ],
            "95th": [
                180.0,
                219.0
            ],
            "99th": [
                173.995,
                224.0
            ],
            "mean": 199.345,
            "median": 199.0
        },
        "user_accuracy": {
            "90th": [
                97.74736601007788,
                100.0
            ],
            "95th": [
                97.46160520045582,
                100.0
            ],
            "99th": [
                96.55157421289356,
                100.0
            ],
            "mean": 98.99475170761325,
            "median": 99.00990099009901
        }
    },
    "accuracy": {
        "90th": [
            0.8475,
            0.9025
        ],
        "95th": [
            0.8425,
            0.9075
        ],
        "99th": [
            0.8324875,
            0.915
        ],
        "mean": 0.8755824999999999,
        "median": 0.8775
    },
    "cohen_kappa": {
        "90th": [
            0.6953009966061718,
            0.8038562418402863
        ],
        "95th": [
            0.6865967890556847,
            0.8123610834475734
        ],
        "99th": [
            0.6689980995465802,
            0.8278316006193358
        ],
        "mean": 0.7509996875329839,
        "median": 0.7519687471085834
    },
    "macro avg": {
        "f1-score": {
            "90th": [
                0.8446781666313625,
                0.9011405351810383
            ],
            "95th": [
                0.8402798339713458,
                0.9054462884385338
            ],
            "99th": [
                0.8303416637009835,
                0.9134229996572162
            ],
            "mean": 0.8737529399908124,
            "median": 0.874383936525434
        },
        "precision": {
            "90th": [
                0.8726616828777937,
                0.9176532094552828
            ],
            "95th": [
                0.8682242004567796,
                0.9215015452821445
            ],
            "99th": [
                0.8606394307259003,
                0.9279856996459388
            ],
            "mean": 0.8960954824311324,
            "median": 0.8965634480594205
        },
        "recall": {
            "90th": [
                0.8494872500856937,
                0.9011330588351582
            ],
            "95th": [
                0.8442702188325385,
                0.9050956095313323
            ],
            "99th": [
                0.8365381874725935,
                0.9115648835291692
            ],
            "mean": 0.8759749604434875,
            "median": 0.8760634571114003
        }
    },
    "weighted avg": {
        "f1-score": {
            "90th": [
                0.8445558926580665,
                0.9014745288018232
            ],
            "95th": [
                0.8400590890983933,
                0.9063241848069976
            ],
            "99th": [
                0.8294826072217723,
                0.9140827439788559
            ],
            "mean": 0.8739535587002955,
            "median": 0.8747193021330952
        },
        "precision": {
            "90th": [
                0.8770828030303032,
                0.9153534398571737
            ],
            "95th": [
                0.8726973541557274,
                0.9194392538718386
            ],
            "99th": [
                0.8665351022833646,
                0.9252085412399109
            ],
            "mean": 0.896829295963417,
            "median": 0.8970632005320788
        },
        "recall": {
            "90th": [
                0.8475,
                0.9025
            ],