{
    "Mangrove": {
        "f1-score": 0.8854961832061068,
        "precision": 0.9206349206349206,
        "recall": 0.8529411764705882,
        "support": 544
    },
    "Other": {
        "f1-score": 0.8739495798319329,
        "precision": 0.8387096774193549,
        "recall": 0.9122807017543859,
        "support": 456
    },
    "accuracy": 0.88,
    "accuracy_conf_interval": [
        0.016852945143208647,
        0.020141324683346923,
        0.023943513526631804,
        0.026512560042364828
    ],
    "cls_confidence_intervals": {
        "Mangrove": [
            0.019746359038700947,
            0.023599307143813326,
            0.028054278390349515,
            0.031064394097468563
        ],
        "Other": [
            0.02708401166169652,
            0.032368696863978766,
            0.038479114129117614,
            0.04260777444340062
        ]
    },
    "cohen_kappa": 0.7598309209683618,
    "confusion_matrix": [
        [
            464,
            80
        ],
        [
            40,
            416
        ]
    ],
    "macro avg": {
        "f1-score": 0.8797228815190199,
        "precision": 0.8796722990271377,
        "recall": 0.882610939112487,
        "support": 1000
    },
    "producer_accuracy": [
        92.06349206349206,
        83.87096774193549
    ],
    "user_accuracy": [
        85.29411764705883,
        91.22807017543859
    ],
    "weighted avg": {
        "f1-score": 0.8802309320674835,
        "precision": 0.8832770097286226,
        "recall": 0.88,
        "support": 1000
    }
}