{
    "Mangrove": {
        "f1-score": {
            "90th": [
                0.9007386687386687,
                0.9366030312419095
            ],
            "95th": [
                0.8963364876601287,
                0.9397590361445783
            ],
            "99th": [
                0.8881772715057776,
                0.9458691434419589
            ],
            "mean": 0.9188931178832872,
            "median": 0.9190751445086706
        },
        "precision": {
            "90th": [
                0.9598765432098766,
                0.9876923076923076
            ],
            "95th": [
                0.9573105267095615,
                0.9904160985734926
            ],
            "99th": [
                0.9497018899584916,
                0.9937504807692308
            ],
            "mean": 0.9748902080814996,
            "median": 0.9753846153846154
        },
        "producer_accuracy": {
            "90th": [
                95.98765432098766,
                98.76923076923076
            ],
            "95th": [
                95.73105267095616,
                99.04160985734926
            ],
            "99th": [
                94.97018899584916,
                99.37504807692308
            ],
            "mean": 97.48902080814997,
            "median": 97.53846153846155
        },
        "recall": {
            "90th": [
                0.8398822087032094,
                0.8982062038713271
            ],
            "95th": [
                0.8333333333333334,
                0.9029649595687331
            ],
            "99th": [
                0.8186788211788212,
                0.9131684052931517
            ],
            "mean": 0.869173248064211,
            "median": 0.8691860465116279
        },
        "support": {
            "90th": [
                337.0,
                381.04999999999995
            ],
            "95th": [
                333.0,
                385.0
            ],
            "99th": [
                324.0,
                392.0049999999999
            ],
            "mean": 359.239,
            "median": 359.0
        },
        "user_accuracy": {
            "90th": [
                83.98822087032094,
                89.8206203871327
            ],
            "95th": [
                83.33333333333334,
                90.29649595687331
            ],
            "99th": [
                81.86788211788212,
                91.31684052931517
            ],
            "mean": 86.9173248064211,
            "median": 86.9186046511628
        }
    },
    "Other": {
        "f1-score": {
            "90th": [
                0.9176409945421468,
                0.9468485575918262
            ],
            "95th": [
                0.9145592044341256,
                0.9499404761904762
            ],
            "99th": [
                0.9086409341067975,
                0.9562150710683491
            ],
            "mean": 0.9328574405549741,
            "median": 0.9330171652826116
        },
        "precision": {
            "90th": [
                0.8656370104261788,
                0.9144149650873367
            ],
            "95th": [
                0.8608490566037735,
                0.9195408545727136
            ],
            "99th": [
                0.8495535268383307,
                0.9276018099547512
            ],
            "mean": 0.8906511970790686,
            "median": 0.8910182114455549
        },
        "producer_accuracy": {
            "90th": [
                86.56370104261788,
                91.44149650873368
            ],
            "95th": [
                86.08490566037736,
                91.95408545727136
            ],
            "99th": [
                84.95535268383308,
                92.76018099547511
            ],
            "mean": 89.06511970790685,
            "median": 89.10182114455549
        },
        "recall": {
            "90th": [
                0.9673000501032951,
                0.9898231745908733
            ],
            "95th": [
                0.96514594880092,
                0.9921671018276762
            ],
            "99th": [
                0.9598945950995741,
                0.9948321741960768
            ],
            "mean": 0.9794275545530893,
            "median": 0.9797979797979798
        },
        "support": {
            "90th": [
                368.95,
                413.0
            ],
            "95th": [
                365.0,
                417.0
            ],
            "99th": [
                357.995,
                426.0
            ],
            "mean": 390.761,
            "median": 391.0
        },
        "user_accuracy": {
            "90th": [
                96.7300050103295,
                98.98231745908733
            ],
            "95th": [
                96.51459488009199,
                99.21671018276761
            ],
            "99th": [
                95.98945950995741,
                99.48321741960767
            ],
            "mean": 97.94275545530893,
            "median": 97.97979797979798
        }
    },
    "accuracy": {
        "90th": [
            0.9106666666666666,
            0.9413333333333334
        ],
        "95th": [
            0.9066666666666666,
            0.944
        ],
        "99th": [
            0.9,
            0.9506733333333331
        ],
        "mean": 0.9266220000000001,
        "median": 0.9266666666666666
    },
    "cohen_kappa": {
        "90th": [
            0.8206903048429793,
            0.882739461998525
        ],
        "95th": [
            0.8132102260276376,
            0.8877742934216395
        ],
        "99th": [
            0.7970514927062332,
            0.900007933766407
        ],
        "mean": 0.8521811375109687,
        "median": 0.8524836323028695
    },
    "macro avg": {
        "f1-score": {
            "90th": [
                0.9100717815093265,
                0.9412632668487187
            ],
            "95th": [
                0.9061803053697033,
                0.943822416354334
            ],
            "99th": [
                0.8980766907099078,
                0.9499381323402225
            ],
            "mean": 0.9258752792191306,
            "median": 0.926003526716763
        },
        "precision": {
            "90th": [
                0.9178855991031061,
                0.9465483615882148
            ],
            "95th": [
                0.9154311449550191,
                0.9489223022095864
            ],
            "99th": [
                0.9097581730725862,
                0.9555724083790972
            ],
            "mean": 0.932770702580284,
            "median": 0.9328609100151904
        },
        "recall": {
            "90th": [
                0.9083285321042187,
                0.940037106605131
            ],
            "95th": [
                0.9048198464390353,
                0.9426666666666667
            ],
            "99th": [
                0.8976755354703357,
                0.9482739940329119
            ],
            "mean": 0.9243004013086502,
            "median": 0.9243385838522368
        }
    },
    "weighted avg": {
        "f1-score": {
            "90th": [
                0.9102422445383522,
                0.9412986773378456
            ],
            "95th": [
                0.9062340444935988,
                0.9438883361420758
            ],
            "99th": [
                0.8991223698715961,
                0.9504548938960343
            ],
            "mean": 0.9262532239459406,
            "median": 0.9263196828111961
        },
        "precision": {
            "90th": [
                0.9168198813623291,
                0.9450078076857017
            ],
            "95th": [
                0.9138806825040126,
                0.9470948343940623
            ],
            "99th": [
                0.9089530883375446,
                0.9530001992392307
            ],