overall accuracy,0.97
cohen kappa,0.9399968798377516
""
Confidence Interval,90%,95%,98%,99%
Overall Accuracy,0.008846884197275336,0.010573105504060768,0.012569048890031423,0.013917659285957541
""
class,f1-score,precision,recall,support
Mangrove,0.9704142011834319,0.9820359281437125,0.9590643274853801,513
Other,0.9695740365111563,0.9579158316633266,0.9815195071868583,487
""
macro avg,0.969994118847294,0.9699758799035196,0.9702919173361192,1000
weighted (pixel) avg,0.9700050409880336,0.9702894411577646,0.97,1000
""
Confidence Interval,90%,95%,98%,99%
Mangrove,0.00973175272454359,0.01163063130494234,0.013826209663528394,0.015309708554464917
Other,0.014740649687736118,0.017616874017050484,0.02094250839782022,0.023189558655097066
""
Point Count Confusion Matrix
,Mangrove,Other,User Acc
Mangrove,492,21,95.90643274853801
Other,9,478,98.15195071868584
Producer,98.20359281437125,95.79158316633266
""
