{
    "Mangrove": {
        "f1-score": 0.8354577056778679,
        "precision": 0.952443857331572,
        "recall": 0.7440660474716202,
        "support": 969
    },
    "Other": {
        "f1-score": 0.848452508004269,
        "precision": 0.7622243528283796,
        "recall": 0.9566787003610109,
        "support": 831
    },
    "accuracy": 0.8422222222222222,
    "accuracy_conf_interval": [
        0.014091066389348468,
        0.016840542758001828,
        0.020019624809257276,
        0.022167653222267714
    ],
    "cls_confidence_intervals": {
        "Mangrove": [
            0.012685830710530433,
            0.015161114751609544,
            0.018023161924107262,
            0.019956977581200318
        ],
        "Other": [
            0.021618561377735004,
            0.025836817256317448,
            0.030714175615928395,
            0.034009688021070926
        ]
    },
    "cohen_kappa": 0.6882421173190285,
    "confusion_matrix": [
        [
            721,
            248
        ],
        [
            36,
            795
        ]
    ],
    "macro avg": {
        "f1-score": 0.8419551068410684,
        "precision": 0.8573341050799759,
        "recall": 0.8503723739163156,
        "support": 1800
    },
    "producer_accuracy": [
        95.2443857331572,
        76.22243528283796
    ],
    "user_accuracy": [
        74.40660474716202,
        95.66787003610109
    ],
    "weighted avg": {
        "f1-score": 0.8414569727518897,
        "precision": 0.8646258527525983,
        "recall": 0.8422222222222222,
        "support": 1800
    }
}