overall accuracy,0.936
cohen kappa,0.8720056317522029
""
Confidence Interval,90%,95%,98%,99%
Overall Accuracy,0.012693218598921231,0.015169944179198546,0.01803365813139419,0.019968599990985842
""
class,f1-score,precision,recall,support
Mangrove,0.9353535353535354,0.9241516966067864,0.9468302658486708,489
Other,0.9366336633663366,0.9478957915831663,0.9256360078277887,511
""
macro avg,0.935993599359936,0.9360237440949764,0.9362331368382297,1000
weighted (pixel) avg,0.9360076807680767,0.9362849291397165,0.936,1000
""
Confidence Interval,90%,95%,98%,99%
Mangrove,0.01939856270778783,0.023183648114185457,0.027560153115332713,0.03051725108908086
Other,0.016315871413986074,0.019499456080129696,0.023180475850358262,0.02566765137078297
""
Point Count Confusion Matrix
,Mangrove,Other,User Acc
Mangrove,463,26,94.68302658486708
Other,38,473,92.56360078277886
Producer,92.41516966067864,94.78957915831663
""
