{
    "Mangrove": {
        "f1-score": {
            "90th": [
                0.9469383507825606,
                0.968240935601109
            ],
            "95th": [
                0.944272855814732,
                0.9696409062158587
            ],
            "99th": [
                0.9408277368376471,
                0.9724265429597037
            ],
            "mean": 0.9578226604700787,
            "median": 0.9580726710604885
        },
        "precision": {
            "90th": [
                0.9877800407331976,
                0.9981132075471698
            ],
            "95th": [
                0.9861660079051383,
                1.0
            ],
            "99th": [
                0.9828560892469786,
                1.0
            ],
            "mean": 0.993977543805896,
            "median": 0.9940828402366864
        },
        "producer_accuracy": {
            "90th": [
                98.77800407331976,
                99.81132075471699
            ],
            "95th": [
                98.61660079051383,
                100.0
            ],
            "99th": [
                98.28560892469787,
                100.0
            ],
            "mean": 99.39775438058962,
            "median": 99.40828402366864
        },
        "recall": {
            "90th": [
                0.9045864263957539,
                0.9424480452743557
            ],
            "95th": [
                0.9003688365688005,
                0.9456531916625956
            ],
            "99th": [
                0.8939669547393496,
                0.9500009578544061
            ],
            "mean": 0.9242764135160049,
            "median": 0.9250228519195612
        },
        "support": {
            "90th": [
                514.0,
                566.0
            ],
            "95th": [
                509.0,
                572.0
            ],
            "99th": [
                498.0,
                580.0049999999999
            ],
            "mean": 540.0265,
            "median": 540.0
        },
        "user_accuracy": {
            "90th": [
                90.4586426395754,
                94.24480452743558
            ],
            "95th": [
                90.03688365688005,
                94.56531916625956
            ],
            "99th": [
                89.39669547393497,
                95.0000957854406
            ],
            "mean": 92.4276413516005,
            "median": 92.50228519195612
        }
    },
    "Other": {
        "f1-score": {
            "90th": [
                0.9420708918813429,
                0.9652186865852079
            ],
            "95th": [
                0.9388174890209249,
                0.9668747555632156
            ],
            "99th": [
                0.9356216253634224,
                0.9711340719084989
            ],
            "mean": 0.9540954781374384,
            "median": 0.9543478260869566
        },
        "precision": {
            "90th": [
                0.896323199804393,
                0.9375
            ],
            "95th": [
                0.8918918918918919,
                0.9402070070234526
            ],
            "99th": [
                0.8855994572848596,
                0.9468559607368082
            ],
            "mean": 0.9178496664485811,
            "median": 0.918200408997955
        },
        "producer_accuracy": {
            "90th": [
                89.63231998043929,
                93.75
            ],
            "95th": [
                89.1891891891892,
                94.02070070234525
            ],
            "99th": [
                88.55994572848596,
                94.68559607368083
            ],
            "mean": 91.78496664485812,
            "median": 91.8200408997955
        },
        "recall": {
            "90th": [
                0.9866071428571429,
                0.9979425980851945
            ],
            "95th": [
                0.9847826086956522,
                1.0
            ],
            "99th": [
                0.9808508596833462,
                1.0
            ],
            "mean": 0.9934192358560924,
            "median": 0.9935622317596566
        },
        "support": {
            "90th": [
                434.0,
                486.0
            ],
            "95th": [
                428.0,
                491.0
            ],
            "99th": [
                419.995,
                502.0
            ],
            "mean": 459.9735,
            "median": 460.0
        },
        "user_accuracy": {
            "90th": [
                98.66071428571429,
                99.79425980851946
            ],
            "95th": [
                98.47826086956522,
                100.0
            ],
            "99th": [
                98.08508596833462,
                100.0
            ],
            "mean": 99.34192358560924,
            "median": 99.35622317596567
        }
    },
    "accuracy": {
        "90th": [
            0.945,
            0.967
        ],
        "95th": [
            0.942,
            0.968
        ],
        "99th": [
            0.939,
            0.972
        ],
        "mean": 0.956081,
        "median": 0.956
    },
    "cohen_kappa": {
        "90th": [
            0.8898585781124968,
            0.9336949969861362
        ],
        "95th": [
            0.8842347372229276,
            0.9359999999999999
        ],
        "99th": [
            0.8781673394469397,
            0.9439935850014729
        ],
        "mean": 0.912053868598105,
        "median": 0.9121160068204426
    },
    "macro avg": {
        "f1-score": {
            "90th": [
                0.9448072114379833,
                0.9668232008372618
            ],
            "95th": [
                0.9419716356833451,
                0.9679749788418578
            ],
            "99th": [
                0.9389070776651287,
                0.9719748473906629
            ],
            "mean": 0.9559590693037586,
            "median": 0.955995599559956
        },
        "precision": {
            "90th": [
                0.944921246311282,
                0.966321768046361
            ],
            "95th": [
                0.9418997527924138,
                0.9678498124018501
            ],
            "99th": [
                0.9390148321303419,
                0.9717348895722623
            ],
            "mean": 0.9559136051272387,
            "median": 0.956093903033512
        },
        "recall": {
            "90th": [
                0.9484140753258655,
                0.9687280997125028
            ],
            "95th": [
                0.9460043056598645,
                0.9702105319227574
            ],
            "99th": [
                0.9428683654462583,
                0.9727035223593441
            ],
            "mean": 0.9588478246860487,
            "median": 0.9589953747861701
        }
    },
    "weighted avg": {
        "f1-score": {
            "90th": [
                0.9450228048079184,
                0.9670176273585784
            ],
            "95th": [
                0.9421684799718814,
                0.9680684964634273
            ],
            "99th": [
                0.9390713106941577,
                0.9719901437196152
            ],
            "mean": 0.9561530509783202,
            "median": 0.9561343115463937
        },
        "precision": {
            "90th": [
                0.9492074635632902,
                0.9683017186412519
            ],
            "95th": [
                0.9471774760252268,
                0.9698393358617783
            ],
            "99th": [
                0.9440312012903828,
                0.9729234161328959
            ],
            "mean": 0.9590436978703185,
            "median": 0.959152767392975
        },
        "recall": {
            "90th": [
                0.945,
                0.967
            ],