overall accuracy,0.956
cohen kappa,0.9119718309859155
""
Confidence Interval,90%,95%,98%,99%
Overall Accuracy,0.010636509502651707,0.012711925990973993,0.015111626305596634,0.01673304543709842
""
class,f1-score,precision,recall,support
Mangrove,0.9577735124760076,0.9940239043824701,0.924074074074074,540
Other,0.9540709812108559,0.9176706827309237,0.9934782608695653,460
""
macro avg,0.9559222468434317,0.9558472935566968,0.9587761674718196,1000
weighted (pixel) avg,0.9560703480940379,0.9589014224227588,0.956,1000
""
Confidence Interval,90%,95%,98%,99%
Mangrove,0.0056415594949752795,0.006742351591555822,0.008015142453227075,0.008875136278680624
Other,0.020199929899523548,0.02414137963601595,0.028698680893835288,0.03177793850046998
""
Point Count Confusion Matrix
,Mangrove,Other,User Acc
Mangrove,499,41,92.4074074074074
Other,3,457,99.34782608695653
Producer,99.40239043824701,91.76706827309236
""
