{
    "Mangrove": {
        "f1-score": {
            "90th": [
                0.962711262305446,
                0.9843505387687438
            ],
            "95th": [
                0.9600000000000001,
                0.9863945578231292
            ],
            "99th": [
                0.9559027080124127,
                0.9897964337250053
            ],
            "mean": 0.9741587165449682,
            "median": 0.9743589743589743
        },
        "precision": {
            "90th": [
                0.9281034559942699,
                0.9691833419047173
            ],
            "95th": [
                0.9230769230769231,
                0.9731543624161074
            ],
            "99th": [
                0.9155303118862808,
                0.9797989898989898
            ],
            "mean": 0.9497019179905519,
            "median": 0.95
        },
        "producer_accuracy": {
            "90th": [
                92.81034559942698,
                96.91833419047174
            ],
            "95th": [
                92.3076923076923,
                97.31543624161074
            ],
            "99th": [
                91.55303118862808,
                97.97989898989898
            ],
            "mean": 94.97019179905519,
            "median": 95.0
        },
        "recall": {
            "90th": [
                1.0,
                1.0
            ],
            "95th": [
                1.0,
                1.0
            ],
            "99th": [
                1.0,
                1.0
            ],
            "mean": 1.0,
            "median": 1.0
        },
        "support": {
            "90th": [
                265.0,
                304.0
            ],
            "95th": [
                262.0,
                308.02499999999986
            ],
            "99th": [
                253.0,
                316.0
            ],
            "mean": 284.781,
            "median": 285.0
        },
        "user_accuracy": {
            "90th": [
                100.0,
                100.0
            ],
            "95th": [
                100.0,
                100.0
            ],
            "99th": [
                100.0,
                100.0
            ],
            "mean": 100.0,
            "median": 100.0
        }
    },
    "Other": {
        "f1-score": {
            "90th": [
                0.9647038037829974,
                0.9852240935879968
            ],
            "95th": [
                0.9623560915185077,
                0.9868852459016394
            ],
            "99th": [
                0.9575522560774263,
                0.9904157904315122
            ],
            "mean": 0.9754434669011108,
            "median": 0.97577295671666
        },
        "precision": {
            "90th": [
                1.0,
                1.0
            ],
            "95th": [
                1.0,
                1.0
            ],
            "99th": [
                1.0,
                1.0
            ],
            "mean": 1.0,
            "median": 1.0
        },
        "producer_accuracy": {
            "90th": [
                100.0,
                100.0
            ],
            "95th": [
                100.0,
                100.0
            ],
            "99th": [
                100.0,
                100.0
            ],
            "mean": 100.0,
            "median": 100.0
        },
        "recall": {
            "90th": [
                0.9318143034439962,
                0.9708784841841528
            ],
            "95th": [
                0.9274434935607125,
                0.9741100323624595
            ],
            "99th": [
                0.9185614001139527,
                0.9810135510495616
            ],
            "mean": 0.9521394848393646,
            "median": 0.9526920453576605
        },
        "support": {
            "90th": [
                296.0,
                335.0
            ],
            "95th": [
                291.975,
                338.0
            ],
            "99th": [
                284.0,
                347.0
            ],
            "mean": 315.219,
            "median": 315.0
        },
        "user_accuracy": {
            "90th": [
                93.18143034439962,
                97.08784841841529
            ],
            "95th": [
                92.74434935607125,
                97.41100323624595
            ],
            "99th": [
                91.85614001139528,
                98.10135510495616
            ],
            "mean": 95.21394848393646,
            "median": 95.26920453576605
        }
    },
    "accuracy": {
        "90th": [
            0.9633333333333334,
            0.985
        ],
        "95th": [
            0.9616666666666667,
            0.9866666666666667
        ],
        "99th": [
            0.9583333333333334,
            0.99
        ],
        "mean": 0.9748583333333334,
        "median": 0.975
    },
    "cohen_kappa": {
        "90th": [
            0.9267578125,
            0.9699463373964528
        ],
        "95th": [
            0.9233676891479272,
            0.9733235519690553
        ],
        "99th": [
            0.9162960122180693,
            0.9799644346168831
        ],
        "mean": 0.9496404651366622,
        "median": 0.9499811039726118
    },
    "macro avg": {
        "f1-score": {
            "90th": [
                0.9633296662999633,
                0.9849697808496989
            ],
            "95th": [
                0.9616274835599032,
                0.986659403452991
            ],
            "99th": [
                0.9580748957136906,
                0.9899812136481951
            ],
            "mean": 0.9748010917230394,
            "median": 0.9749749053912395
        },
        "precision": {
            "90th": [
                0.9640517279971349,
                0.9845916709523587
            ],
            "95th": [
                0.9615384615384616,
                0.9865771812080537
            ],
            "99th": [
                0.9577651559431404,
                0.9898994949494949
            ],
            "mean": 0.974850958995276,
            "median": 0.975
        },
        "recall": {
            "90th": [
                0.965907151721998,
                0.9854392420920765
            ],
            "95th": [
                0.9637217467803563,
                0.9870550161812297
            ],
            "99th": [
                0.9592807000569764,
                0.9905067755247807
            ],
            "mean": 0.9760697424196824,
            "median": 0.9763460226788302
        }
    },
    "weighted avg": {
        "f1-score": {
            "90th": [
                0.9634550920480611,
                0.9850033757595459
            ],
            "95th": [
                0.9616983969817166,
                0.9866696304529037
            ],
            "99th": [
                0.9582782141379211,
                0.9900043465209852
            ],
            "mean": 0.9748754336080154,
            "median": 0.9750219018297416
        },
        "precision": {
            "90th": [
                0.9661732106086812,
                0.9854499999999999
            ],
            "95th": [
                0.9645571408800315,
                0.9870234113712375
            ],
            "99th": [
                0.961568173674152,
                0.9902069073651328
            ],
            "mean": 0.9762033000690686,
            "median": 0.9762626262626263
        },
        "recall": {
            "90th": [
                0.9633333333333334,
                0.985
            ],
            "95th": [
                0.9616666666666667,
                0.9866666666666667
            ],
            "99th": [
                0.9583333333333334,
                0.99
            ],
            "mean": 0.9748583333333334,
            "median": 0.975
        }
    }
}