{
    "Mangrove": {
        "f1-score": {
            "90th": [
                0.9523809523809524,
                0.9725338599325795
            ],
            "95th": [
                0.9502617513604289,
                0.9740064356435643
            ],
            "99th": [
                0.9457051500188056,
                0.9766506867872058
            ],
            "mean": 0.9627864475998203,
            "median": 0.9630739893993294
        },
        "precision": {
            "90th": [
                0.915057915057915,
                0.9512220959073997
            ],
            "95th": [
                0.9115168259657507,
                0.9547244094488189
            ],
            "99th": [
                0.9034178833330562,
                0.9606306932221707
            ],
            "mean": 0.9338636192170036,
            "median": 0.9342359767891683
        },
        "producer_accuracy": {
            "90th": [
                91.5057915057915,
                95.12220959073997
            ],
            "95th": [
                91.15168259657507,
                95.47244094488188
            ],
            "99th": [
                90.34178833330562,
                96.06306932221707
            ],
            "mean": 93.38636192170034,
            "median": 93.42359767891682
        },
        "recall": {
            "90th": [
                0.9870967741935484,
                0.9979963919855679
            ],
            "95th": [
                0.9853862212943633,
                1.0
            ],
            "99th": [
                0.9827941930778099,
                1.0
            ],
            "mean": 0.9936352646694807,
            "median": 0.9937106918238994
        },
        "support": {
            "90th": [
                446.0,
                497.0
            ],
            "95th": [
                440.0,
                503.0
            ],
            "99th": [
                434.0,
                513.0
            ],
            "mean": 471.5945,
            "median": 471.0
        },
        "user_accuracy": {
            "90th": [
                98.70967741935483,
                99.79963919855679
            ],
            "95th": [
                98.53862212943632,
                100.0
            ],
            "99th": [
                98.279419307781,
                100.0
            ],
            "mean": 99.36352646694807,
            "median": 99.37106918238993
        }
    },
    "Other": {
        "f1-score": {
            "90th": [
                0.9549478751836316,
                0.9740006737247353
            ],
            "95th": [
                0.9528439300323643,
                0.9753211101974147
            ],
            "99th": [
                0.9495362559016043,
                0.9780766084635315
            ],
            "mean": 0.9647293153603205,
            "median": 0.9648946840521564
        },
        "precision": {
            "90th": [
                0.9877787937985785,
                0.9981026464838134
            ],
            "95th": [
                0.9862197929770613,
                1.0
            ],
            "99th": [
                0.9837065547196475,
                1.0
            ],
            "mean": 0.9939792314896736,
            "median": 0.9940711462450593
        },
        "producer_accuracy": {
            "90th": [
                98.77787937985785,
                99.81026464838135
            ],
            "95th": [
                98.62197929770613,
                100.0
            ],
            "99th": [
                98.37065547196474,
                100.0
            ],
            "mean": 99.39792314896735,
            "median": 99.40711462450594
        },
        "recall": {
            "90th": [
                0.9196186425846198,
                0.9534450651769087
            ],
            "95th": [
                0.9155470249520153,
                0.9565217391304348
            ],
            "99th": [
                0.9104173925511704,
                0.9615391633913531
            ],
            "mean": 0.9372124268673168,
            "median": 0.9372658650540877
        },
        "support": {
            "90th": [
                503.0,
                554.0
            ],
            "95th": [
                497.0,
                560.0
            ],
            "99th": [
                487.0,
                566.0
            ],
            "mean": 528.4055,
            "median": 529.0
        },
        "user_accuracy": {
            "90th": [
                91.96186425846197,
                95.34450651769087
            ],
            "95th": [
                91.55470249520154,
                95.65217391304348
            ],
            "99th": [
                91.04173925511705,
                96.15391633913532
            ],
            "mean": 93.72124268673166,
            "median": 93.72658650540878
        }
    },
    "accuracy": {
        "90th": [
            0.954,
            0.973
        ],
        "95th": [
            0.952,
            0.975
        ],
        "99th": [
            0.948,
            0.977
        ],
        "mean": 0.9638184999999999,
        "median": 0.964
    },
    "cohen_kappa": {
        "90th": [
            0.9080466570892397,
            0.9460182026605864
        ],
        "95th": [
            0.9038623019055827,
            0.9498525964106288
        ],
        "99th": [
            0.8960679899359235,
            0.9540110814813756
        ],
        "mean": 0.9275878264860846,
        "median": 0.9279874697364732
    },
    "macro avg": {
        "f1-score": {
            "90th": [
                0.9539528477160613,
                0.9729954362287226
            ],
            "95th": [
                0.951837982974727,
                0.9749130936621412
            ],
            "99th": [
                0.9479238245354393,
                0.9769988775450411
            ],
            "mean": 0.9637578814800704,
            "median": 0.9639630982125696
        },
        "precision": {
            "90th": [
                0.9541344451605662,
                0.9731536307180778
            ],
            "95th": [
                0.9522006634262041,
                0.9745194575471698
            ],
            "99th": [
                0.9481189533531227,
                0.9771253892076809
            ],
            "mean": 0.9639214253533385,
            "median": 0.9641261494807276
        },
        "recall": {
            "90th": [
                0.9560857506883368,
                0.9743335855117925
            ],
            "95th": [
                0.9540748434616508,
                0.9755824011169254
            ],
            "99th": [
                0.9511034178676461,
                0.9781928808391614
            ],
            "mean": 0.9654238457683987,
            "median": 0.9655109147133343
        }
    },
    "weighted avg": {
        "f1-score": {
            "90th": [
                0.9540279769078666,
                0.9730285174096376
            ],
            "95th": [
                0.9519747643339318,
                0.9749994787494787
            ],
            "99th": [
                0.9481802003765388,
                0.977021513134668
            ],
            "mean": 0.9638486808740728,
            "median": 0.9640314949453357
        },
        "precision": {
            "90th": [
                0.9568314353388402,
                0.9742698482699036
            ],
            "95th": [
                0.9549360270115755,
                0.9757553241041836
            ],
            "99th": [
                0.9517676505790488,
                0.9778649489416779
            ],
            "mean": 0.965699245956757,
            "median": 0.9658064980780059
        },
        "recall": {
            "90th": [
                0.954,
                0.973
            ],