overall accuracy,0.99
cohen kappa,0.98000007999968
""
Confidence Interval,90%,95%,98%,99%
Overall Accuracy,0.0051601395329971475,0.006166996027240494,0.007331173848709363,0.008117780484836978
""
class,f1-score,precision,recall,support
Mangrove,0.9899999999999999,0.9880239520958084,0.9919839679358717,499
Other,0.9899999999999999,0.9919839679358717,0.9880239520958084,501
""
macro avg,0.9899999999999999,0.9900039600158401,0.9900039600158401,1000
weighted (pixel) avg,0.9899999999999999,0.9900079200316803,0.99,1000
""
Confidence Interval,90%,95%,98%,99%
Mangrove,0.007970131444612854,0.009525279043561702,0.01132341845484631,0.012538377516525099
Other,0.006546748008045724,0.00782416225351806,0.00930117247484545,0.010299152354120713
""
Point Count Confusion Matrix
,Mangrove,Other,User Acc
Mangrove,495,4,99.19839679358718
Other,6,495,98.80239520958084
Producer,98.80239520958084,99.19839679358718
""
