{
    "Mangrove": {
        "f1-score": 0.8273464658169177,
        "precision": 0.7083333333333334,
        "recall": 0.9944289693593314,
        "support": 359
    },
    "Other": {
        "f1-score": 0.8689533861037819,
        "precision": 0.9959677419354839,
        "recall": 0.7706708268330733,
        "support": 641
    },
    "accuracy": 0.851,
    "accuracy_conf_interval": [
        0.018467230176721146,
        0.022070592162422832,
        0.02623697945839041,
        0.02905210600971985
    ],
    "cls_confidence_intervals": {
        "Mangrove": [
            0.03320403162342462,
            0.03968286706214162,
            0.047174020538158154,
            0.052235610724655816
        ],
        "Other": [
            0.00466659171433756,
            0.005577146195183913,
            0.00662997481366251,
            0.007341345501823723
        ]
    },
    "cohen_kappa": 0.7026707747322042,
    "confusion_matrix": [
        [
            357,
            2
        ],
        [
            147,
            494
        ]
    ],
    "macro avg": {
        "f1-score": 0.8481499259603498,
        "precision": 0.8521505376344086,
        "recall": 0.8825498980962023,
        "support": 1000
    },
    "producer_accuracy": [
        70.83333333333334,
        99.59677419354838
    ],
    "user_accuracy": [
        99.44289693593315,
        77.06708268330733
    ],
    "weighted avg": {
        "f1-score": 0.8540165017207976,
        "precision": 0.8927069892473118,
        "recall": 0.851,
        "support": 1000
    }
}