{
    "Mangrove": {
        "f1-score": {
            "90th": [
                0.9527638190954774,
                0.9729755767328021
            ],
            "95th": [
                0.9508180245489745,
                0.9747576734298002
            ],
            "99th": [
                0.9461680900621118,
                0.9783468812721938
            ],
            "mean": 0.9631327064241687,
            "median": 0.9633300297324083
        },
        "precision": {
            "90th": [
                0.9681274900398407,
                0.9894747899159664
            ],
            "95th": [
                0.9658848614072495,
                0.9904382023910093
            ],
            "99th": [
                0.9618820718394709,
                0.993840086652141
            ],
            "mean": 0.9794918213797749,
            "median": 0.9796747967479674
        },
        "producer_accuracy": {
            "90th": [
                96.81274900398407,
                98.94747899159664
            ],
            "95th": [
                96.58848614072495,
                99.04382023910094
            ],
            "99th": [
                96.18820718394709,
                99.3840086652141
            ],
            "mean": 97.94918213797749,
            "median": 97.96747967479675
        },
        "recall": {
            "90th": [
                0.930609410430839,
                0.9629629629629629
            ],
            "95th": [
                0.9274165821661702,
                0.9657981959895646
            ],
            "99th": [
                0.9204081632653062,
                0.9714291521486643
            ],
            "mean": 0.9473784418162903,
            "median": 0.9477833966426634
        },
        "support": {
            "90th": [
                478.0,
                530.0
            ],
            "95th": [
                472.0,
                535.0
            ],
            "99th": [
                461.995,
                542.0
            ],
            "mean": 503.797,
            "median": 504.0
        },
        "user_accuracy": {
            "90th": [
                93.0609410430839,
                96.29629629629629
            ],
            "95th": [
                92.74165821661701,
                96.57981959895646
            ],
            "99th": [
                92.04081632653062,
                97.14291521486643
            ],
            "mean": 94.73784418162903,
            "median": 94.77833966426635
        }
    },
    "Other": {
        "f1-score": {
            "90th": [
                0.9538783038412716,
                0.9734513274336283
            ],
            "95th": [
                0.9516877467521604,
                0.9752723369927001
            ],
            "99th": [
                0.9468068920095555,
                0.9784740371655818
            ],
            "mean": 0.9637891503369619,
            "median": 0.9639412708011286
        },
        "precision": {
            "90th": [
                0.9315786878131534,
                0.9640861883279735
            ],
            "95th": [
                0.9281660763117807,
                0.9665972709068444
            ],
            "99th": [
                0.9213685753778709,
                0.9724417538561105
            ],
            "mean": 0.9482947350594413,
            "median": 0.9488636363636364
        },
        "producer_accuracy": {
            "90th": [
                93.15786878131534,
                96.40861883279736
            ],
            "95th": [
                92.81660763117809,
                96.65972709068444
            ],
            "99th": [
                92.1368575377871,
                97.24417538561104
            ],
            "mean": 94.82947350594414,
            "median": 94.88636363636364
        },
        "recall": {
            "90th": [
                0.9688044724770642,
                0.9895200080531156
            ],
            "95th": [
                0.9667302674494455,
                0.9907932208302974
            ],
            "99th": [
                0.963036072266275,
                0.993711274167249
            ],
            "mean": 0.9798681881708872,
            "median": 0.9802371541501976
        },
        "support": {
            "90th": [
                470.0,
                522.0
            ],
            "95th": [
                465.0,
                528.0
            ],
            "99th": [
                458.0,
                538.0049999999999
            ],
            "mean": 496.203,
            "median": 496.0
        },
        "user_accuracy": {
            "90th": [
                96.88044724770643,
                98.95200080531156
            ],
            "95th": [
                96.67302674494455,
                99.07932208302974
            ],
            "99th": [
                96.30360722662749,
                99.37112741672489
            ],
            "mean": 97.98681881708872,
            "median": 98.02371541501977
        }
    },
    "accuracy": {
        "90th": [
            0.95395,
            0.973
        ],
        "95th": [
            0.9519749999999999,
            0.975
        ],
        "99th": [
            0.947,
            0.978
        ],
        "mean": 0.9634984999999999,
        "median": 0.964
    },
    "cohen_kappa": {
        "90th": [
            0.9075331635281965,
            0.945994880313176
        ],
        "95th": [
            0.9035269594042702,
            0.9499820035247901
        ],
        "99th": [
            0.8940244124796145,
            0.955993198290571
        ],
        "mean": 0.926945581026061,
        "median": 0.9278734899971213
    },
    "macro avg": {
        "f1-score": {
            "90th": [
                0.9537347944462321,
                0.9729939236328173
            ],
            "95th": [
                0.9517575804780111,
                0.9749890201759541
            ],
            "99th": [
                0.9469668266865732,
                0.977994387684599
            ],
            "mean": 0.9634609283805653,
            "median": 0.9639236624697861
        },
        "precision": {
            "90th": [
                0.9541065408557537,
                0.9733457106393644
            ],
            "95th": [
                0.9523636064864122,
                0.9750560188285922
            ],
            "99th": [
                0.947624549598103,
                0.9781516034108301
            ],
            "mean": 0.9638932782196082,
            "median": 0.9641094878718641
        },
        "recall": {
            "90th": [
                0.9537498195496119,
                0.9730904936233619
            ],
            "95th": [
                0.9516355541293586,
                0.9749458364005229
            ],
            "99th": [
                0.9475755038547748,
                0.9782454696115642
            ],
            "mean": 0.9636233149935887,
            "median": 0.9638762695096773
        }
    },
    "weighted avg": {
        "f1-score": {
            "90th": [
                0.9538726203384421,
                0.9730007371614923
            ],
            "95th": [
                0.9519171982442898,
                0.9749952854496181
            ],
            "99th": [
                0.946974477707206,
                0.9780035253056475
            ],
            "mean": 0.9634930231437209,
            "median": 0.9639775017124728
        },
        "precision": {
            "90th": [
                0.9543794333313165,
                0.9733394757623911
            ],
            "95th": [
                0.9524103818944688,
                0.9751563445878235
            ],
            "99th": [
                0.94853825426867,
                0.9782052914961217
            ],
            "mean": 0.9640813003077346,