{
    "Mangrove": {
        "f1-score": {
            "90th": [
                0.8149907407407408,
                0.8796224504749343
            ],
            "95th": [
                0.8076923076923077,
                0.8865448956831596
            ],
            "99th": [
                0.7940238958659388,
                0.8951425735771272
            ],
            "mean": 0.8481379785655853,
            "median": 0.8486352357320099
        },
        "precision": {
            "90th": [
                0.9058823529411765,
                0.9664804469273743
            ],
            "95th": [
                0.89947016050368,
                0.9719101123595506
            ],
            "99th": [
                0.8843828629717783,
                0.9818187294633077
            ],
            "mean": 0.9375701082921477,
            "median": 0.9385474860335196
        },
        "producer_accuracy": {
            "90th": [
                90.58823529411765,
                96.64804469273743
            ],
            "95th": [
                89.94701605036799,
                97.19101123595506
            ],
            "99th": [
                88.43828629717783,
                98.18187294633078
            ],
            "mean": 93.75701082921476,
            "median": 93.85474860335195
        },
        "recall": {
            "90th": [
                0.7272298456260721,
                0.8211086734920001
            ],
            "95th": [
                0.7183098591549296,
                0.8285747354497355
            ],
            "99th": [
                0.6986270853112708,
                0.843906227800142
            ],
            "mean": 0.7748050645494042,
            "median": 0.775279877136968
        },
        "support": {
            "90th": [
                197.0,
                230.0
            ],
            "95th": [
                193.0,
                233.0
            ],
            "99th": [
                187.0,
                239.00499999999988
            ],
            "mean": 212.915,
            "median": 213.0
        },
        "user_accuracy": {
            "90th": [
                72.72298456260721,
                82.1108673492
            ],
            "95th": [
                71.83098591549296,
                82.85747354497354
            ],
            "99th": [
                69.86270853112708,
                84.3906227800142
            ],
            "mean": 77.48050645494042,
            "median": 77.5279877136968
        }
    },
    "Other": {
        "f1-score": {
            "90th": [
                0.8589447852760735,
                0.9087385872611234
            ],
            "95th": [
                0.8525173035537719,
                0.9126232855601789
            ],
            "99th": [
                0.8423236514522822,
                0.9207572426088247
            ],
            "mean": 0.8845290331663144,
            "median": 0.8849206349206349
        },
        "precision": {
            "90th": [
                0.7872340425531915,
                0.8612099644128114
            ],
            "95th": [
                0.7785877285464584,
                0.8676523109243698
            ],
            "99th": [
                0.7634394453876627,
                0.8786770276292335
            ],
            "mean": 0.8250634737882919,
            "median": 0.8257575757575758
        },
        "producer_accuracy": {
            "90th": [
                78.72340425531915,
                86.12099644128114
            ],
            "95th": [
                77.85877285464584,
                86.76523109243698
            ],
            "99th": [
                76.34394453876627,
                87.86770276292334
            ],
            "mean": 82.5063473788292,
            "median": 82.57575757575758
        },
        "recall": {
            "90th": [
                0.9301310043668122,
                0.9748953974895398
            ],
            "95th": [
                0.9249921548117155,
                0.9787234042553191
            ],
            "99th": [
                0.9155540489642184,
                0.9861123737373737
            ],
            "mean": 0.9536649146317775,
            "median": 0.9543568464730291
        },
        "support": {
            "90th": [
                220.0,
                253.0
            ],
            "95th": [
                217.0,
                257.0
            ],
            "99th": [
                210.995,
                263.0
            ],
            "mean": 237.085,
            "median": 237.0
        },
        "user_accuracy": {
            "90th": [
                93.01310043668121,
                97.48953974895397
            ],
            "95th": [
                92.49921548117155,
                97.87234042553192
            ],
            "99th": [
                91.55540489642185,
                98.61123737373737
            ],
            "mean": 95.36649146317775,
            "median": 95.4356846473029
        }
    },
    "accuracy": {
        "90th": [
            0.8422222222222222,
            0.8955555555555555
        ],
        "95th": [
            0.8355555555555556,
            0.9
        ],
        "99th": [
            0.8266555555555556,
            0.9088888888888889
        ],
        "mean": 0.8690500000000001,
        "median": 0.8688888888888889
    },
    "cohen_kappa": {
        "90th": [
            0.6808146017949352,
            0.7868158451768975
        ],
        "95th": [
            0.6694794609208767,
            0.7977085180209144
        ],
        "99th": [
            0.6503769995263202,
            0.8139250502531826
        ],
        "mean": 0.7346146831684718,
        "median": 0.7355596307695189
    },
    "macro avg": {
        "f1-score": {
            "90th": [
                0.8388144701806579,
                0.8928891567363352
            ],
            "95th": [
                0.8330898752205352,
                0.8987013741916179
            ],
            "99th": [
                0.8228256465183389,
                0.9065665434180753
            ],
            "mean": 0.8663335058659498,
            "median": 0.8667176782038108
        },
        "precision": {
            "90th": [
                0.8556235369333566,
                0.9051388701635075
            ],
            "95th": [
                0.850477014616623,
                0.9100817164022061
            ],
            "99th": [
                0.841266223155929,
                0.9181113271890923
            ],
            "mean": 0.8813167910402198,
            "median": 0.8818184432449111
        },
        "recall": {
            "90th": [
                0.8372901939887762,
                0.8907999406816541
            ],
            "95th": [
                0.8324386267141949,
                0.8956978488781284
            ],
            "99th": [
                0.8219361997588234,
                0.9041374655045762
            ],
            "mean": 0.8642349895905909,
            "median": 0.8645823065337578
        }
    },
    "weighted avg": {
        "f1-score": {
            "90th": [
                0.8404603715883158,
                0.8944676417433646
            ],
            "95th": [
                0.8338763764307512,
                0.8994217672420153
            ],
            "99th": [
                0.8230500897074341,
                0.9079399334068521
            ],
            "mean": 0.8675363881135576,
            "median": 0.8676709516202533
        },
        "precision": {
            "90th": [
                0.8537003980163825,
                0.9022050999724387
            ],
            "95th": [
                0.8494987514172632,
                0.9074043171853046
            ],
            "99th": [
                0.8396726674580415,
                0.914483273455302
            ],