{
    "Mangrove": {
        "f1-score": {
            "90th": [
                0.6776758922434747,
                0.7542430252762022
            ],
            "95th": [
                0.6708854125202346,
                0.7611381849685943
            ],
            "99th": [
                0.6530599516313802,
                0.7779971409569385
            ],
            "mean": 0.7176838410086052,
            "median": 0.7180572061727624
        },
        "precision": {
            "90th": [
                0.5168831635586955,
                0.6114660440695472
            ],
            "95th": [
                0.5093554016323024,
                0.6201465010524643
            ],
            "99th": [
                0.4889579254871332,
                0.6410323183760682
            ],
            "mean": 0.5657660046246308,
            "median": 0.5657029005652858
        },
        "producer_accuracy": {
            "90th": [
                51.688316355869546,
                61.14660440695473
            ],
            "95th": [
                50.93554016323024,
                62.014650105246425
            ],
            "99th": [
                48.89579254871332,
                64.10323183760683
            ],
            "mean": 56.57660046246308,
            "median": 56.57029005652859
        },
        "recall": {
            "90th": [
                0.9657142857142857,
                0.9947930159758204
            ],
            "95th": [
                0.9617433795712483,
                1.0
            ],
            "99th": [
                0.9537558811668235,
                1.0
            ],
            "mean": 0.9827191371846361,
            "median": 0.9831460674157303
        },
        "support": {
            "90th": [
                157.0,
                194.0
            ],
            "95th": [
                153.0,
                198.0
            ],
            "99th": [
                146.0,
                206.0
            ],
            "mean": 175.186,
            "median": 175.0
        },
        "user_accuracy": {
            "90th": [
                96.57142857142857,
                99.47930159758202
            ],
            "95th": [
                96.17433795712483,
                100.0
            ],
            "99th": [
                95.37558811668235,
                100.0
            ],
            "mean": 98.27191371846362,
            "median": 98.31460674157303
        }
    },
    "Other": {
        "f1-score": {
            "90th": [
                0.7850705347720274,
                0.8374017335214674
            ],
            "95th": [
                0.7788835120599472,
                0.8418118486505952
            ],
            "99th": [
                0.767882460432677,
                0.8533335094671951
            ],
            "mean": 0.8121743652995324,
            "median": 0.8131554608016804
        },
        "precision": {
            "90th": [
                0.9795221843003413,
                0.9968553459119497
            ],
            "95th": [
                0.9774436090225563,
                1.0
            ],
            "99th": [
                0.9733328874024527,
                1.0
            ],
            "mean": 0.9897561529493148,
            "median": 0.99
        },
        "producer_accuracy": {
            "90th": [
                97.95221843003414,
                99.68553459119497
            ],
            "95th": [
                97.74436090225564,
                100.0
            ],
            "99th": [
                97.33328874024527,
                100.0
            ],
            "mean": 98.97561529493149,
            "median": 99.0
        },
        "recall": {
            "90th": [
                0.6506738330796551,
                0.7255813953488373
            ],
            "95th": [
                0.643704780626314,
                0.732272063080698
            ],
            "99th": [
                0.6284191707492499,
                0.7494145470747731
            ],
            "mean": 0.6889405454915336,
            "median": 0.6895325734602112
        },
        "support": {
            "90th": [
                406.0,
                443.0
            ],
            "95th": [
                402.0,
                447.0
            ],
            "99th": [
                394.0,
                454.0
            ],
            "mean": 424.814,
            "median": 425.0
        },
        "user_accuracy": {
            "90th": [
                65.0673833079655,
                72.55813953488372
            ],
            "95th": [
                64.37047806263139,
                73.2272063080698
            ],
            "99th": [
                62.841917074924986,
                74.94145470747732
            ],
            "mean": 68.89405454915335,
            "median": 68.95325734602113
        }
    },
    "accuracy": {
        "90th": [
            0.745,
            0.8016666666666666
        ],
        "95th": [
            0.7383333333333333,
            0.8066666666666666
        ],
        "99th": [
            0.7299916666666667,
            0.8183416666666665
        ],
        "mean": 0.7747316666666667,
        "median": 0.775
    },
    "cohen_kappa": {
        "90th": [
            0.4992928602361016,
            0.6006872380866234
        ],
        "95th": [
            0.4917699452526522,
            0.609807665338144
        ],
        "99th": [
            0.4710474839743501,
            0.6292320194464185
        ],
        "mean": 0.5518682733285236,
        "median": 0.5526613340102688
    },
    "macro avg": {
        "f1-score": {
            "90th": [
                0.7344907115707542,
                0.7929875583999116
            ],
            "95th": [
                0.7283996471516783,
                0.798089617146851
            ],
            "99th": [
                0.7156885384534873,
                0.809034032099701
            ],
            "mean": 0.7649291031540688,
            "median": 0.7655387616909732
        },
        "precision": {
            "90th": [
                0.7536677071592379,
                0.8004567420295481
            ],
            "95th": [
                0.7494492658800744,
                0.8056260434415834
            ],
            "99th": [
                0.7371830910675794,
                0.8152351629754464
            ],
            "mean": 0.7777610787869726,
            "median": 0.7778829450803972
        },
        "recall": {
            "90th": [
                0.8152112951709445,
                0.8552295703523031
            ],
            "95th": [
                0.8114784531692307,
                0.85887166361696
            ],
            "99th": [
                0.8024645591142882,
                0.8674495637690142
            ],
            "mean": 0.8358298413380849,
            "median": 0.8363102184269416
        }
    },
    "weighted avg": {
        "f1-score": {
            "90th": [
                0.7576591936611891,
                0.8098717909445636
            ],
            "95th": [
                0.7526309775067455,
                0.8151011468405036
            ],
            "99th": [
                0.7437252373164843,
                0.8268411290478459
            ],
            "mean": 0.7849327304766573,
            "median": 0.7856962743241196
        },
        "precision": {
            "90th": [
                0.8534915209703092,
                0.8780911111111112
            ],
            "95th": [
                0.8512708714506638,
                0.8806886843025236
            ],
            "99th": [
                0.8455960571882195,
                0.8848513596227173
            ],
            "mean": 0.8663893257960767,
            "median": 0.8667937974065882
        },