{
    "Mangrove": {
        "f1-score": {
            "90th": [
                0.9398797595190381,
                0.9628942418981481
            ],
            "95th": [
                0.9376282377521228,
                0.9644359429093303
            ],
            "99th": [
                0.9329315848511828,
                0.968285587978687
            ],
            "mean": 0.9515875184783321,
            "median": 0.9516697200207096
        },
        "precision": {
            "90th": [
                0.9311740890688259,
                0.9636400293255132
            ],
            "95th": [
                0.928,
                0.9661354581673307
            ],
            "99th": [
                0.9193813128904118,
                0.9704730199166282
            ],
            "mean": 0.9478813897954896,
            "median": 0.9482758620689655
        },
        "producer_accuracy": {
            "90th": [
                93.11740890688259,
                96.36400293255132
            ],
            "95th": [
                92.80000000000001,
                96.61354581673307
            ],
            "99th": [
                91.9381312890412,
                97.0473019916628
            ],
            "mean": 94.78813897954896,
            "median": 94.82758620689656
        },
        "recall": {
            "90th": [
                0.939450165719697,
                0.9706457925636007
            ],
            "95th": [
                0.9363445846695737,
                0.972972972972973
            ],
            "99th": [
                0.9279982978723404,
                0.9778254127321122
            ],
            "mean": 0.9554200171880627,
            "median": 0.9555125725338491
        },
        "support": {
            "90th": [
                470.0,
                521.0
            ],
            "95th": [
                465.0,
                525.0249999999999
            ],
            "99th": [
                452.0,
                534.0049999999999
            ],
            "mean": 495.274,
            "median": 495.0
        },
        "user_accuracy": {
            "90th": [
                93.9450165719697,
                97.06457925636008
            ],
            "95th": [
                93.63445846695737,
                97.2972972972973
            ],
            "99th": [
                92.79982978723406,
                97.78254127321122
            ],
            "mean": 95.54200171880628,
            "median": 95.55125725338492
        }
    },
    "Other": {
        "f1-score": {
            "90th": [
                0.9407026809385114,
                0.9629663859793249
            ],
            "95th": [
                0.9382457505338322,
                0.9649962620161295
            ],
            "99th": [
                0.9341555967078189,
                0.9687216220960296
            ],
            "mean": 0.9521279521418992,
            "median": 0.9521892085776933
        },
        "precision": {
            "90th": [
                0.9405930449602337,
                0.9706543589665491
            ],
            "95th": [
                0.9369918699186992,
                0.9734164892951045
            ],
            "99th": [
                0.9300407519495284,
                0.9784332426612262
            ],
            "mean": 0.955920759790416,
            "median": 0.9559118236472945
        },
        "producer_accuracy": {
            "90th": [
                94.05930449602336,
                97.06543589665492
            ],
            "95th": [
                93.69918699186992,
                97.34164892951046
            ],
            "99th": [
                93.00407519495285,
                97.84332426612264
            ],
            "mean": 95.5920759790416,
            "median": 95.59118236472945
        },
        "recall": {
            "90th": [
                0.9322658976497112,
                0.9640718562874252
            ],
            "95th": [
                0.9291270565264708,
                0.9663883163328224
            ],
            "99th": [
                0.9213041791123883,
                0.9704724409448819
            ],
            "mean": 0.9484586717501368,
            "median": 0.9489398761796175
        },
        "support": {
            "90th": [
                479.0,
                530.0
            ],
            "95th": [
                474.975,
                535.0
            ],
            "99th": [
                465.995,
                548.0
            ],
            "mean": 504.726,
            "median": 505.0
        },
        "user_accuracy": {
            "90th": [
                93.22658976497112,
                96.40718562874252
            ],
            "95th": [
                92.91270565264708,
                96.63883163328224
            ],
            "99th": [
                92.13041791123882,
                97.04724409448819
            ],
            "mean": 94.84586717501367,
            "median": 94.89398761796176
        }
    },
    "accuracy": {
        "90th": [
            0.941,
            0.963
        ],
        "95th": [
            0.938,
            0.965
        ],
        "99th": [
            0.934,
            0.9680049999999999
        ],
        "mean": 0.951904,
        "median": 0.952
    },
    "cohen_kappa": {
        "90th": [
            0.881551732519553,
            0.9258574677377226
        ],
        "95th": [
            0.8759999627995536,
            0.9298035200498744
        ],
        "99th": [
            0.8678642063308378,
            0.936009583669514
        ],
        "mean": 0.9037219453014695,
        "median": 0.9039462098775314
    },
    "macro avg": {
        "f1-score": {
            "90th": [
                0.940774854218471,
                0.9629258586841761
            ],
            "95th": [
                0.9379959077202357,
                0.9649014080552272
            ],
            "99th": [
                0.9339321018407549,
                0.9680046568469749
            ],
            "mean": 0.9518577353101156,
            "median": 0.9519723360655736
        },
        "precision": {
            "90th": [
                0.9407570106300152,
                0.962812242229967
            ],
            "95th": [
                0.9382571441852517,
                0.9648442214715002
            ],
            "99th": [
                0.9339589224287115,
                0.9682925069280279
            ],
            "mean": 0.9519010747929528,
            "median": 0.9519877584023492
        },
        "recall": {
            "90th": [
                0.9406711097582467,
                0.9629705947630725
            ],
            "95th": [
                0.9382515047194595,
                0.9649110250889822
            ],
            "99th": [
                0.9339317555022497,
                0.968267652461569
            ],
            "mean": 0.9519393444690998,
            "median": 0.9519951309804188
        }
    },
    "weighted avg": {
        "f1-score": {
            "90th": [
                0.9409818302198091,
                0.9629987160240854
            ],
            "95th": [
                0.9380133186182915,
                0.9649965470152333
            ],
            "99th": [
                0.9339999722310156,
                0.968017269856808
            ],
            "mean": 0.9519050011570844,
            "median": 0.951999903999616
        },
        "precision": {
            "90th": [
                0.9410019528033794,
                0.9630044395678318
            ],
            "95th": [
                0.9382921878992931,
                0.9650030156963182
            ],
            "99th": [
                0.9339999818849293,
                0.9681101439378951
            ],
            "mean": 0.9520306915512239,
            "median": 0.9520343077260303
        },