{
    "Mangrove": {
        "f1-score": {
            "90th": [
                0.9465492788345891,
                0.9670552662859977
            ],
            "95th": [
                0.9445517051705171,
                0.968845547246127
            ],
            "99th": [
                0.9394211483288561,
                0.9726452326851004
            ],
            "mean": 0.9569363650444199,
            "median": 0.9569471624266145
        },
        "precision": {
            "90th": [
                0.9745098039215686,
                0.9921259842519685
            ],
            "95th": [
                0.9724937348204755,
                0.9939027482313363
            ],
            "99th": [
                0.9682201915624894,
                0.9959267216399252
            ],
            "mean": 0.9838884775268318,
            "median": 0.9840954274353877
        },
        "producer_accuracy": {
            "90th": [
                97.45098039215686,
                99.21259842519686
            ],
            "95th": [
                97.24937348204755,
                99.39027482313362
            ],
            "99th": [
                96.82201915624894,
                99.59267216399252
            ],
            "mean": 98.38884775268319,
            "median": 98.40954274353876
        },
        "recall": {
            "90th": [
                0.9140616810796646,
                0.9488120600555644
            ],
            "95th": [
                0.9101113491229489,
                0.9518536324786324
            ],
            "99th": [
                0.9028557796080658,
                0.9586632685229988
            ],
            "mean": 0.9314937951717197,
            "median": 0.9316081330868762
        },
        "support": {
            "90th": [
                502.0,
                555.0
            ],
            "95th": [
                498.0,
                560.0
            ],
            "99th": [
                486.995,
                571.0
            ],
            "mean": 528.175,
            "median": 528.0
        },
        "user_accuracy": {
            "90th": [
                91.40616810796645,
                94.88120600555644
            ],
            "95th": [
                91.01113491229488,
                95.18536324786325
            ],
            "99th": [
                90.28557796080658,
                95.86632685229988
            ],
            "mean": 93.14937951717197,
            "median": 93.16081330868762
        }
    },
    "Other": {
        "f1-score": {
            "90th": [
                0.9433962264150944,
                0.965445132592687
            ],
            "95th": [
                0.9411734815877572,
                0.9672293942403177
            ],
            "99th": [
                0.9373001823435113,
                0.9709549569630671
            ],
            "mean": 0.954419150186612,
            "median": 0.9544984244680907
        },
        "precision": {
            "90th": [
                0.9087221095334685,
                0.9461569108182654
            ],
            "95th": [
                0.9054587663467754,
                0.9495806462119731
            ],
            "99th": [
                0.8979589907796767,
                0.9570313698236196
            ],
            "mean": 0.9275994900207911,
            "median": 0.9278752436647173
        },
        "producer_accuracy": {
            "90th": [
                90.87221095334685,
                94.61569108182654
            ],
            "95th": [
                90.54587663467754,
                94.95806462119731
            ],
            "99th": [
                89.79589907796768,
                95.70313698236197
            ],
            "mean": 92.75994900207911,
            "median": 92.78752436647173
        },
        "recall": {
            "90th": [
                0.972972972972973,
                0.991667532917533
            ],
            "95th": [
                0.9705247612702642,
                0.9934644075021313
            ],
            "99th": [
                0.9668046341905263,
                0.9956990168312957
            ],
            "mean": 0.9829281444437618,
            "median": 0.9831932773109243
        },
        "support": {
            "90th": [
                445.0,
                498.0
            ],
            "95th": [
                440.0,
                502.0
            ],
            "99th": [
                429.0,
                513.0049999999999
            ],
            "mean": 471.825,
            "median": 472.0
        },
        "user_accuracy": {
            "90th": [
                97.2972972972973,
                99.1667532917533
            ],
            "95th": [
                97.05247612702642,
                99.34644075021313
            ],
            "99th": [
                96.68046341905263,
                99.56990168312957
            ],
            "mean": 98.29281444437618,
            "median": 98.31932773109243
        }
    },
    "accuracy": {
        "90th": [
            0.945,
            0.966
        ],
        "95th": [
            0.943,
            0.968
        ],
        "99th": [
            0.939,
            0.972
        ],
        "mean": 0.955759,
        "median": 0.956
    },
    "cohen_kappa": {
        "90th": [
            0.8901251254507463,
            0.9319642403973034
        ],
        "95th": [
            0.8862009008995998,
            0.935811381739593
        ],
        "99th": [
            0.8781410004046069,
            0.9439498328481055
        ],
        "mean": 0.9114323374565702,
        "median": 0.9118900386779327
    },
    "macro avg": {
        "f1-score": {
            "90th": [
                0.9449876222149984,
                0.965969569967697
            ],
            "95th": [
                0.9429971612572077,
                0.9678921722412253
            ],
            "99th": [
                0.9389779710475481,
                0.9719637030782232
            ],
            "mean": 0.9556777576155159,
            "median": 0.955906698574183
        },
        "precision": {
            "90th": [
                0.9453777586963386,
                0.9659656706626827
            ],
            "95th": [
                0.9433453313964958,
                0.9676848805640373
            ],
            "99th": [
                0.9395840640967932,
                0.9716731641466991
            ],
            "mean": 0.9557439837738114,
            "median": 0.9558117904968593
        },
        "recall": {
            "90th": [
                0.9473013826954044,
                0.9670948101651595
            ],
            "95th": [
                0.945505473887917,
                0.9687046269275111
            ],
            "99th": [
                0.9403154360918915,
                0.9727967404426271
            ],
            "mean": 0.9572109698077407,
            "median": 0.9572857932719485
        }
    },
    "weighted avg": {
        "f1-score": {
            "90th": [
                0.9451284855793235,
                0.9660300033858685
            ],
            "95th": [
                0.9431222675965059,
                0.9680065575774678
            ],
            "99th": [
                0.9389587955682549,
                0.9720118014324111
            ],
            "mean": 0.9557954379251404,
            "median": 0.9560245611581978
        },
        "precision": {
            "90th": [
                0.9478029024688369,
                0.9670465488079172
            ],
            "95th": [
                0.9460565598245712,
                0.9687460910110568
            ],
            "99th": [
                0.9420314319976967,
                0.9725685202729827
            ],
            "mean": 0.9574226850679838,
            "median": 0.9574883101016995
        },