overall accuracy,0.952
cohen kappa,0.904
""
Confidence Interval,90%,95%,98%,99%
Overall Accuracy,0.011086205915460893,0.01324936804530692,0.015750524257941392,0.0174404946718836
""
class,f1-score,precision,recall,support
Mangrove,0.9518072289156627,0.948,0.9556451612903226,496
Other,0.952191235059761,0.956,0.9484126984126984,504
""
macro avg,0.9519992319877119,0.952,0.9520289298515106,1000
weighted (pixel) avg,0.9520007680122883,0.9520319999999999,0.952,1000
""
Confidence Interval,90%,95%,98%,99%
Mangrove,0.016284134708359554,0.019461526846576052,0.02313538650638888,0.025617724114370518
Other,0.01504229599496035,0.017977378140318467,0.021371066870888793,0.02366409979694982
""
Point Count Confusion Matrix
,Mangrove,Other,User Acc
Mangrove,474,22,95.56451612903226
Other,26,478,94.84126984126983
Producer,94.8,95.6
""
