{
    "Mangrove": {
        "f1-score": {
            "90th": [
                0.8093518181563698,
                0.8637209376090336
            ],
            "95th": [
                0.8037357689039932,
                0.8680589118336263
            ],
            "99th": [
                0.7920310087271013,
                0.8786895456350332
            ],
            "mean": 0.8369365540770294,
            "median": 0.8370497427101201
        },
        "precision": {
            "90th": [
                0.9581518093838832,
                0.9911504424778761
            ],
            "95th": [
                0.9537815126050421,
                0.9918375642940103
            ],
            "99th": [
                0.9465016901822457,
                0.995901805944289
            ],
            "mean": 0.9750405465659369,
            "median": 0.9753086419753086
        },
        "producer_accuracy": {
            "90th": [
                95.81518093838832,
                99.11504424778761
            ],
            "95th": [
                95.37815126050421,
                99.18375642940103
            ],
            "99th": [
                94.65016901822457,
                99.5901805944289
            ],
            "mean": 97.50405465659368,
            "median": 97.53086419753086
        },
        "recall": {
            "90th": [
                0.6938110749185668,
                0.7740963455149501
            ],
            "95th": [
                0.6849646552041531,
                0.7801874839778352
            ],
            "99th": [
                0.6686467661691543,
                0.7962382445141066
            ],
            "mean": 0.7334616617477768,
            "median": 0.7333333333333333
        },
        "support": {
            "90th": [
                299.0,
                339.0
            ],
            "95th": [
                294.0,
                343.0
            ],
            "99th": [
                285.995,
                350.0
            ],
            "mean": 319.05,
            "median": 319.0
        },
        "user_accuracy": {
            "90th": [
                69.38110749185668,
                77.409634551495
            ],
            "95th": [
                68.4964655204153,
                78.01874839778353
            ],
            "99th": [
                66.86467661691543,
                79.62382445141067
            ],
            "mean": 73.34616617477766,
            "median": 73.33333333333333
        }
    },
    "Other": {
        "f1-score": {
            "90th": [
                0.832797427652733,
                0.882086840744823
            ],
            "95th": [
                0.8287112561174552,
                0.8854500980786048
            ],
            "99th": [
                0.8187680284323541,
                0.8931769649299979
            ],
            "mean": 0.8577713180918317,
            "median": 0.8580246913580246
        },
        "precision": {
            "90th": [
                0.7267642362179346,
                0.8005540166204986
            ],
            "95th": [
                0.7202189819338896,
                0.8069728770835761
            ],
            "99th": [
                0.7055663764885152,
                0.8191780821917808
            ],
            "mean": 0.7637515634210026,
            "median": 0.7642276422764228
        },
        "producer_accuracy": {
            "90th": [
                72.67642362179346,
                80.05540166204986
            ],
            "95th": [
                72.02189819338895,
                80.6972877083576
            ],
            "99th": [
                70.55663764885152,
                81.91780821917808
            ],
            "mean": 76.37515634210027,
            "median": 76.42276422764228
        },
        "recall": {
            "90th": [
                0.9642728674203495,
                0.9926470588235294
            ],
            "95th": [
                0.9608540925266904,
                0.993103448275862
            ],
            "99th": [
                0.9530683497686139,
                0.9965278378508267
            ],
            "mean": 0.978682488105784,
            "median": 0.9787985865724381
        },
        "support": {
            "90th": [
                261.0,
                301.0
            ],
            "95th": [
                257.0,
                306.0
            ],
            "99th": [
                250.0,
                314.0049999999999
            ],
            "mean": 280.95,
            "median": 281.0
        },
        "user_accuracy": {
            "90th": [
                96.42728674203495,
                99.26470588235294
            ],
            "95th": [
                96.08540925266904,
                99.3103448275862
            ],
            "99th": [
                95.3068349768614,
                99.65278378508266
            ],
            "mean": 97.8682488105784,
            "median": 97.87985865724382
        }
    },
    "accuracy": {
        "90th": [
            0.8249166666666666,
            0.8716666666666667
        ],
        "95th": [
            0.82,
            0.8766666666666667
        ],
        "99th": [
            0.8083333333333333,
            0.8833333333333333
        ],
        "mean": 0.8482733333333333,
        "median": 0.8483333333333334
    },
    "cohen_kappa": {
        "90th": [
            0.6545843576109877,
            0.7457193217422607
        ],
        "95th": [
            0.6473354231974922,
            0.7547557453184397
        ],
        "99th": [
            0.6259829514207619,
            0.768669741995247
        ],
        "mean": 0.7001055564371483,
        "median": 0.6998515705646098
    },
    "macro avg": {
        "f1-score": {
            "90th": [
                0.8231981846036222,
                0.8713681687634716
            ],
            "95th": [
                0.819483117472142,
                0.8759390137608956
            ],
            "99th": [
                0.8077497427121302,
                0.8831141592289424
            ],
            "mean": 0.8473539360844307,
            "median": 0.8474214220323466
        },
        "precision": {
            "90th": [
                0.8490653836058284,
                0.8898175461952713
            ],
            "95th": [
                0.8447955103631746,
                0.8927884935101844
            ],
            "99th": [
                0.8377255153228677,
                0.8989553687148679
            ],
            "mean": 0.8693960549934697,
            "median": 0.8691978264873825
        },
        "recall": {
            "90th": [
                0.834662855013115,
                0.8772786496169733
            ],
            "95th": [
                0.8310070992195375,
                0.8809154842916134
            ],
            "99th": [
                0.8218171828539603,
                0.8886837264117967
            ],
            "mean": 0.8560720749267805,
            "median": 0.8559783662873958
        }
    },
    "weighted avg": {
        "f1-score": {
            "90th": [
                0.8225319182151536,
                0.8710852937572559
            ],
            "95th": [
                0.8184099059699246,
                0.8756057762485665
            ],
            "99th": [
                0.8065867035773825,
                0.8828608157110375
            ],
            "mean": 0.8468927931889386,
            "median": 0.846861833356086
        },
        "precision": {
            "90th": [
                0.859281613486789,
                0.8931430034214513
            ],
            "95th": [
                0.8557797103589259,
                0.8963033878586835
            ],
            "99th": [
                0.8509025708340894,
                0.9009267468785004
            ],