{
    "Mangrove": {
        "f1-score": {
            "90th": [
                0.0,
                0.0
            ],
            "95th": [
                0.0,
                0.0
            ],
            "99th": [
                0.0,
                0.0
            ],
            "mean": 0.0,
            "median": 0.0
        },
        "precision": {
            "90th": [
                0.0,
                0.0
            ],
            "95th": [
                0.0,
                0.0
            ],
            "99th": [
                0.0,
                0.0
            ],
            "mean": 0.0,
            "median": 0.0
        },
        "producer_accuracy": {
            "90th": [
                NaN,
                NaN
            ],
            "95th": [
                NaN,
                NaN
            ],
            "99th": [
                NaN,
                NaN
            ],
            "mean": NaN,
            "median": NaN
        },
        "recall": {
            "90th": [
                0.0,
                0.0
            ],
            "95th": [
                0.0,
                0.0
            ],
            "99th": [
                0.0,
                0.0
            ],
            "mean": 0.0,
            "median": 0.0
        },
        "support": {
            "90th": [
                280.0,
                318.0
            ],
            "95th": [
                275.0,
                321.0
            ],
            "99th": [
                267.0,
                330.0
            ],
            "mean": 298.708,
            "median": 299.0
        },
        "user_accuracy": {
            "90th": [
                0.0,
                0.0
            ],
            "95th": [
                0.0,
                0.0
            ],
            "99th": [
                0.0,
                0.0
            ],
            "mean": 0.0,
            "median": 0.0
        }
    },
    "Other": {
        "f1-score": {
            "90th": [
                0.6394557823129251,
                0.6956521739130436
            ],
            "95th": [
                0.6348122866894198,
                0.7027027027027027
            ],
            "99th": [
                0.6206896551724138,
                0.7138263665594855
            ],
            "mean": 0.6683460482599743,
            "median": 0.6681465038845728
        },
        "precision": {
            "90th": [
                0.47,
                0.5333333333333333
            ],
            "95th": [
                0.465,
                0.5416666666666666
            ],
            "99th": [
                0.45,
                0.555
            ],
            "mean": 0.5021533333333333,
            "median": 0.5016666666666667
        },
        "producer_accuracy": {
            "90th": [
                47.0,
                53.333333333333336
            ],
            "95th": [
                46.5,
                54.166666666666664
            ],
            "99th": [
                45.0,
                55.50000000000001
            ],
            "mean": 50.21533333333333,
            "median": 50.16666666666667
        },
        "recall": {
            "90th": [
                1.0,
                1.0
            ],
            "95th": [
                1.0,
                1.0
            ],
            "99th": [
                1.0,
                1.0
            ],
            "mean": 1.0,
            "median": 1.0
        },
        "support": {
            "90th": [
                282.0,
                320.0
            ],
            "95th": [
                279.0,
                325.0
            ],
            "99th": [
                270.0,
                333.0
            ],
            "mean": 301.292,
            "median": 301.0
        },
        "user_accuracy": {
            "90th": [
                100.0,
                100.0
            ],
            "95th": [
                100.0,
                100.0
            ],
            "99th": [
                100.0,
                100.0
            ],
            "mean": 100.0,
            "median": 100.0
        }
    },
    "accuracy": {
        "90th": [
            0.47,
            0.5333333333333333
        ],
        "95th": [
            0.465,
            0.5416666666666666
        ],
        "99th": [
            0.45,
            0.555
        ],
        "mean": 0.5021533333333333,
        "median": 0.5016666666666667
    },
    "cohen_kappa": {
        "90th": [
            0.0,
            0.0
        ],
        "95th": [
            0.0,
            0.0
        ],
        "99th": [
            0.0,
            0.0
        ],
        "mean": 0.0,
        "median": 0.0
    },
    "macro avg": {
        "f1-score": {
            "90th": [
                0.31972789115646255,
                0.3478260869565218
            ],
            "95th": [
                0.3174061433447099,
                0.35135135135135137
            ],
            "99th": [
                0.3103448275862069,
                0.35691318327974275
            ],
            "mean": 0.3341730241299872,
            "median": 0.3340732519422864
        },
        "precision": {
            "90th": [
                0.235,
                0.26666666666666666
            ],
            "95th": [
                0.2325,
                0.2708333333333333
            ],
            "99th": [
                0.225,
                0.2775
            ],
            "mean": 0.25107666666666667,
            "median": 0.25083333333333335
        },
        "recall": {
            "90th": [
                0.5,
                0.5
            ],
            "95th": [
                0.5,
                0.5
            ],
            "99th": [
                0.5,
                0.5
            ],
            "mean": 0.5,
            "median": 0.5
        }
    },
    "weighted avg": {
        "f1-score": {
            "90th": [
                0.3005442176870748,
                0.37101449275362325
            ],
            "95th": [
                0.2951877133105802,
                0.38063063063063063
            ],
            "99th": [
                0.2793103448275862,
                0.3961736334405144
            ],
            "mean": 0.33596061840669245,
            "median": 0.33518682944876066
        },
        "precision": {
            "90th": [
                0.22089999999999999,
                0.28444444444444444
            ],
            "95th": [
                0.21622500000000003,
                0.29340277777777773
            ],
            "99th": [
                0.2025,
                0.30802500000000005
            ],
            "mean": 0.25255107222222223,
            "median": 0.25166944444444445
        },
        "recall": {
            "90th": [
                0.47,
                0.5333333333333333
            ],
            "95th": [
                0.465,
                0.5416666666666666
            ],
            "99th": [
                0.45,
                0.555
            ],
            "mean": 0.5021533333333333,
            "median": 0.5016666666666667
        }
    }
}