overall accuracy,0.88
cohen kappa,0.7548240635641317
""
Confidence Interval,90%,95%,98%,99%
Overall Accuracy,0.021757058624731422,0.026002338356386333,0.03091094304611233,0.03422756783646773
""
class,f1-score,precision,recall,support
Mangrove,0.859375,0.8396946564885496,0.88,250
Other,0.8953488372093023,0.9112426035502958,0.88,350
""
macro avg,0.8773619186046511,0.8754686300194228,0.88,600
weighted (pixel) avg,0.8803597383720929,0.881430958941235,0.88,600
""
Confidence Interval,90%,95%,98%,99%
Mangrove,0.03717302439263314,0.04442629744485424,0.052812894411484894,0.05847951398353263
Other,0.025369083811984456,0.030319148946030206,0.036042661757270604,0.039909900143243845
""
Point Count Confusion Matrix
,Mangrove,Other,User Acc
Mangrove,220,30,88.0
Other,42,308,88.0
Producer,83.96946564885496,91.12426035502959
""
