overall accuracy,0.976
cohen kappa,0.9520076787713966
""
Confidence Interval,90%,95%,98%,99%
Overall Accuracy,0.007937328920990994,0.009486076027525823,0.011276814869456718,0.012486773546437053
""
class,f1-score,precision,recall,support
Mangrove,0.9758551307847082,0.9623015873015873,0.9897959183673469,490
Other,0.9761431411530815,0.9899193548387096,0.9627450980392157,510
""
macro avg,0.9759991359688949,0.9761104710701485,0.9762705082032813,1000
weighted (pixel) avg,0.9760020160725786,0.9763866487455196,0.976,1000
""
Confidence Interval,90%,95%,98%,99%
Mangrove,0.013913798613862745,0.01662868614827499,0.019767774859939146,0.02188878074619871
Other,0.007356090803782782,0.008791425594764788,0.010451031446837735,0.011572386752292427
""
Point Count Confusion Matrix
,Mangrove,Other,User Acc
Mangrove,485,5,98.9795918367347
Other,19,491,96.27450980392157
Producer,96.23015873015873,98.99193548387096
""
