{
    "Mangrove": {
        "f1-score": {
            "90th": [
                0.9791841071277085,
                0.9918200408997955
            ],
            "95th": [
                0.9777777777777779,
                0.9928212461695608
            ],
            "99th": [
                0.9746192893401014,
                0.9941407956614078
            ],
            "mean": 0.9858750521703866,
            "median": 0.9859154929577465
        },
        "precision": {
            "90th": [
                0.9665350212499588,
                0.9880964167845356
            ],
            "95th": [
                0.9633911368015414,
                0.9898172180550725
            ],
            "99th": [
                0.9587616032852805,
                0.9923384418901661
            ],
            "mean": 0.9779515345068296,
            "median": 0.978
        },
        "producer_accuracy": {
            "90th": [
                96.65350212499588,
                98.80964167845356
            ],
            "95th": [
                96.33911368015414,
                98.98172180550725
            ],
            "99th": [
                95.87616032852804,
                99.23384418901661
            ],
            "mean": 97.79515345068296,
            "median": 97.8
        },
        "recall": {
            "90th": [
                0.9877551020408163,
                0.9980622029298427
            ],
            "95th": [
                0.9862204724409449,
                1.0
            ],
            "99th": [
                0.9835727262740723,
                1.0
            ],
            "mean": 0.9939576980635305,
            "median": 0.9939879759519038
        },
        "support": {
            "90th": [
                466.0,
                519.0
            ],
            "95th": [
                461.0,
                524.0
            ],
            "99th": [
                450.0,
                536.0
            ],
            "mean": 492.0705,
            "median": 492.0
        },
        "user_accuracy": {
            "90th": [
                98.77551020408163,
                99.80622029298428
            ],
            "95th": [
                98.62204724409449,
                100.0
            ],
            "99th": [
                98.35727262740724,
                100.0
            ],
            "mean": 99.39576980635306,
            "median": 99.39879759519037
        }
    },
    "Other": {
        "f1-score": {
            "90th": [
                0.9796334012219959,
                0.9919036519036518
            ],
            "95th": [
                0.9781741792158458,
                0.9929078014184397
            ],
            "99th": [
                0.9756592193335716,
                0.9942967396695106
            ],
            "mean": 0.9861003176350378,
            "median": 0.9862745098039216
        },
        "precision": {
            "90th": [
                0.988022754491018,
                0.9980881365580255
            ],
            "95th": [
                0.98635477582846,
                1.0
            ],
            "99th": [
                0.98350412155909,
                1.0
            ],
            "mean": 0.9940550769918317,
            "median": 0.9940944881889764
        },
        "producer_accuracy": {
            "90th": [
                98.8022754491018,
                99.80881365580255
            ],
            "95th": [
                98.635477582846,
                100.0
            ],
            "99th": [
                98.350412155909,
                100.0
            ],
            "mean": 99.40550769918316,
            "median": 99.40944881889764
        },
        "recall": {
            "90th": [
                0.9669902912621359,
                0.9882133364151162
            ],
            "95th": [
                0.9642182575081771,
                0.9901960784313726
            ],
            "99th": [
                0.9594088801376812,
                0.9923228217160622
            ],
            "mean": 0.9782996520384365,
            "median": 0.9785575048732943
        },
        "support": {
            "90th": [
                481.0,
                534.0
            ],
            "95th": [
                476.0,
                539.0
            ],
            "99th": [
                464.0,
                550.0
            ],
            "mean": 507.9295,
            "median": 508.0
        },
        "user_accuracy": {
            "90th": [
                96.69902912621359,
                98.82133364151161
            ],
            "95th": [
                96.42182575081772,
                99.01960784313727
            ],
            "99th": [
                95.94088801376813,
                99.23228217160623
            ],
            "mean": 97.82996520384366,
            "median": 97.85575048732943
        }
    },
    "accuracy": {
        "90th": [
            0.98,
            0.992
        ],
        "95th": [
            0.978,
            0.993
        ],
        "99th": [
            0.975,
            0.994
        ],
        "mean": 0.9860024999999999,
        "median": 0.986
    },
    "cohen_kappa": {
        "90th": [
            0.959857080400635,
            0.9839821400785713
        ],
        "95th": [
            0.955980248336587,
            0.9859764488479981
        ],
        "99th": [
            0.9500119371350876,
            0.9879977073197583
        ],
        "mean": 0.9719778954671633,
        "median": 0.9719932783868128
    },
    "macro avg": {
        "f1-score": {
            "90th": [
                0.9799264287421049,
                0.991990794212232
            ],
            "95th": [
                0.9779873206967213,
                0.9929882131863663
            ],
            "99th": [
                0.9749987529339426,
                0.9939988296506115
            ],
            "mean": 0.985987684902712,
            "median": 0.9859954625298597
        },
        "precision": {
            "90th": [
                0.9796092076223033,
                0.9919508409210926
            ],
            "95th": [
                0.9780811307207059,
                0.9929391014773247
            ],
            "99th": [
                0.9751666791679168,
                0.9941076035190536
            ],
            "mean": 0.9860033057493307,
            "median": 0.9860019720078881
        },
        "recall": {
            "90th": [
                0.9798945632518683,
                0.9919787528554134
            ],
            "95th": [
                0.9781907171914569,
                0.9929640728100113
            ],
            "99th": [
                0.9759507612007274,
                0.9942059293537997
            ],
            "mean": 0.9861286750509834,
            "median": 0.9862276048443599
        }
    },
    "weighted avg": {
        "f1-score": {
            "90th": [
                0.9799886930536239,
                0.9919996207761329
            ],
            "95th": [
                0.9780021980164224,
                0.9929996853111814
            ],
            "99th": [
                0.9750309218970553,
                0.9940012521103154
            ],
            "mean": 0.9860034943474215,
            "median": 0.9860024651931534
        },
        "precision": {
            "90th": [
                0.9800285739558982,
                0.9920283956818182
            ],
            "95th": [
                0.9782777880044286,
                0.993017840685451
            ],
            "99th": [
                0.9758877269383358,
                0.9940701904150621
            ],
            "mean": 0.9861607484867035,
            "median": 0.9861429221051966
        },
        "recall": {
            "90th": [
                0.98,
                0.992
            ],