{
    "Mangrove": {
        "f1-score": {
            "90th": [
                0.9657384244898505,
                0.9826707441386342
            ],
            "95th": [
                0.9637800091145162,
                0.9837330764676766
            ],
            "99th": [
                0.9612565445026178,
                0.9868828511328324
            ],
            "mean": 0.9745926684650859,
            "median": 0.9748062015503876
        },
        "precision": {
            "90th": [
                0.9402061855670103,
                0.970989260882878
            ],
            "95th": [
                0.9371048178021029,
                0.9731999957748859
            ],
            "99th": [
                0.9309661086255833,
                0.9780015187376725
            ],
            "mean": 0.9561304394897677,
            "median": 0.9562680948529356
        },
        "producer_accuracy": {
            "90th": [
                94.02061855670102,
                97.0989260882878
            ],
            "95th": [
                93.71048178021029,
                97.31999957748859
            ],
            "99th": [
                93.09661086255834,
                97.80015187376725
            ],
            "mean": 95.61304394897675,
            "median": 95.62680948529356
        },
        "recall": {
            "90th": [
                0.9874200623645685,
                1.0
            ],
            "95th": [
                0.9855064946779722,
                1.0
            ],
            "99th": [
                0.9831220052921404,
                1.0
            ],
            "mean": 0.9938356702352701,
            "median": 0.9938650306748467
        },
        "support": {
            "90th": [
                456.0,
                508.0
            ],
            "95th": [
                451.0,
                513.0
            ],
            "99th": [
                442.995,
                524.0049999999999
            ],
            "mean": 481.663,
            "median": 481.0
        },
        "user_accuracy": {
            "90th": [
                98.74200623645685,
                100.0
            ],
            "95th": [
                98.55064946779723,
                100.0
            ],
            "99th": [
                98.31220052921404,
                100.0
            ],
            "mean": 99.38356702352701,
            "median": 99.38650306748467
        }
    },
    "Other": {
        "f1-score": {
            "90th": [
                0.9667640181573741,
                0.983050847457627
            ],
            "95th": [
                0.9651032823858521,
                0.9843148979923156
            ],
            "99th": [
                0.9621510166917161,
                0.9875122466895561
            ],
            "mean": 0.9754747388370784,
            "median": 0.9758454106280193
        },
        "precision": {
            "90th": [
                0.9878775610354558,
                1.0
            ],
            "95th": [
                0.98638065927898,
                1.0
            ],
            "99th": [
                0.9834709032732749,
                1.0
            ],
            "mean": 0.9940553366475549,
            "median": 0.9940828402366864
        },
        "producer_accuracy": {
            "90th": [
                98.78775610354559,
                100.0
            ],
            "95th": [
                98.63806592789801,
                100.0
            ],
            "99th": [
                98.34709032732749,
                100.0
            ],
            "mean": 99.40553366475548,
            "median": 99.40828402366864
        },
        "recall": {
            "90th": [
                0.9419443756426711,
                0.9718589178477512
            ],
            "95th": [
                0.9385759840433151,
                0.9744116458681079
            ],
            "99th": [
                0.9333314176245211,
                0.9784326265389877
            ],
            "mean": 0.9576229275677861,
            "median": 0.9579158316633266
        },
        "support": {
            "90th": [
                492.0,
                544.0
            ],
            "95th": [
                487.0,
                549.0
            ],
            "99th": [
                475.995,
                557.0049999999999
            ],
            "mean": 518.337,
            "median": 519.0
        },
        "user_accuracy": {
            "90th": [
                94.19443756426712,
                97.18589178477512
            ],
            "95th": [
                93.85759840433151,
                97.44116458681079
            ],
            "99th": [
                93.3331417624521,
                97.84326265389876
            ],
            "mean": 95.7622927567786,
            "median": 95.79158316633266
        }
    },
    "accuracy": {
        "90th": [
            0.967,
            0.983
        ],
        "95th": [
            0.965,
            0.984
        ],
        "99th": [
            0.962,
            0.987
        ],
        "mean": 0.975066,
        "median": 0.975
    },
    "cohen_kappa": {
        "90th": [
            0.9336275441561025,
            0.9659742901611214
        ],
        "95th": [
            0.9299658371690664,
            0.9679878353774434
        ],
        "99th": [
            0.9240667058453573,
            0.9739989651586064
        ],
        "mean": 0.9500881974427584,
        "median": 0.9500083985890371
    },
    "macro avg": {
        "f1-score": {
            "90th": [
                0.9667820570764788,
                0.9829856909661024
            ],
            "95th": [
                0.9649520193144415,
                0.9839907786885247
            ],
            "99th": [
                0.9619961912579218,
                0.9869984268096439
            ],
            "mean": 0.9750337036510821,
            "median": 0.9749969746339306
        },
        "precision": {
            "90th": [
                0.9666360086452599,
                0.9828906046034378
            ],
            "95th": [
                0.9648122646246466,
                0.9839280101740473
            ],
            "99th": [
                0.9624846009077723,
                0.9870224557283601
            ],
            "mean": 0.9750928880686613,
            "median": 0.9752574356583054
        },
        "recall": {
            "90th": [
                0.9673992124205912,
                0.9832037001472378
            ],
            "95th": [
                0.965841170411443,
                0.9843682868472092
            ],
            "99th": [
                0.9631031016196991,
                0.9875772516325483
            ],
            "mean": 0.9757292989015282,
            "median": 0.9760537936571658
        }
    },
    "weighted avg": {
        "f1-score": {
            "90th": [
                0.9669707475066985,
                0.9830001904001904
            ],
            "95th": [
                0.9649989447484199,
                0.9840034667305196
            ],
            "99th": [
                0.9620098559035475,
                0.9870062625045183
            ],
            "mean": 0.9750746267659375,
            "median": 0.9750236438170017
        },
        "precision": {
            "90th": [
                0.967851785570652,
                0.9832450076804915
            ],
            "95th": [
                0.9662252296087808,
                0.9842918326877268
            ],
            "99th": [
                0.9639349189995781,
                0.9872520589243851
            ],
            "mean": 0.9758355276202634,
            "median": 0.9759044498125328
        },
        "recall": {
            "90th": [
                0.967,
                0.983
            ],