{
    "Mangrove": {
        "f1-score": {
            "90th": [
                0.9722474747474747,
                0.9869083585095668
            ],
            "95th": [
                0.9702351309049517,
                0.9880239520958084
            ],
            "99th": [
                0.9675360741911598,
                0.990215925318665
            ],
            "mean": 0.9799684230472719,
            "median": 0.9801192842942346
        },
        "precision": {
            "90th": [
                0.9525646784045994,
                0.9786842322282698
            ],
            "95th": [
                0.9493908382066277,
                0.9808429118773946
            ],
            "99th": [
                0.9442307692307692,
                0.9849642187229078
            ],
            "mean": 0.9664616990678915,
            "median": 0.9668615984405458
        },
        "producer_accuracy": {
            "90th": [
                95.25646784045995,
                97.86842322282699
            ],
            "95th": [
                94.93908382066277,
                98.08429118773945
            ],
            "99th": [
                94.42307692307692,
                98.49642187229078
            ],
            "mean": 96.64616990678914,
            "median": 96.68615984405457
        },
        "recall": {
            "90th": [
                0.9876796714579056,
                0.9980584405810191
            ],
            "95th": [
                0.9861932938856016,
                1.0
            ],
            "99th": [
                0.9827574489454302,
                1.0
            ],
            "mean": 0.9938986678776922,
            "median": 0.9939393939393939
        },
        "support": {
            "90th": [
                462.0,
                515.0
            ],
            "95th": [
                457.0,
                519.0249999999999
            ],
            "99th": [
                448.99,
                528.0
            ],
            "mean": 488.3615,
            "median": 489.0
        },
        "user_accuracy": {
            "90th": [
                98.76796714579056,
                99.80584405810191
            ],
            "95th": [
                98.61932938856016,
                100.0
            ],
            "99th": [
                98.27574489454301,
                100.0
            ],
            "mean": 99.38986678776922,
            "median": 99.39393939393939
        }
    },
    "Other": {
        "f1-score": {
            "90th": [
                0.9724950884086443,
                0.98703888334995
            ],
            "95th": [
                0.9705303484644814,
                0.9880845991008687
            ],
            "99th": [
                0.9675515925015107,
                0.9900404611063941
            ],
            "mean": 0.9803380685138283,
            "median": 0.9806201550387597
        },
        "precision": {
            "90th": [
                0.988,
                0.998106417953116
            ],
            "95th": [
                0.9862475442043221,
                1.0
            ],
            "99th": [
                0.983227463312369,
                1.0
            ],
            "mean": 0.9940141592252194,
            "median": 0.994059405940594
        },
        "producer_accuracy": {
            "90th": [
                98.8,
                99.81064179531161
            ],
            "95th": [
                98.62475442043221,
                100.0
            ],
            "99th": [
                98.3227463312369,
                100.0
            ],
            "mean": 99.40141592252193,
            "median": 99.4059405940594
        },
        "recall": {
            "90th": [
                0.9532163742690059,
                0.9789304227438103
            ],
            "95th": [
                0.9491869918699187,
                0.9811693749271261
            ],
            "99th": [
                0.9445466214828506,
                0.9847839292970336
            ],
            "mean": 0.967070569503202,
            "median": 0.9674231960733821
        },
        "support": {
            "90th": [
                485.0,
                538.0
            ],
            "95th": [
                480.975,
                543.0
            ],
            "99th": [
                472.0,
                551.0099999999998
            ],
            "mean": 511.6385,
            "median": 511.0
        },
        "user_accuracy": {
            "90th": [
                95.32163742690058,
                97.89304227438102
            ],
            "95th": [
                94.91869918699187,
                98.11693749271261
            ],
            "99th": [
                94.45466214828507,
                98.47839292970338
            ],
            "mean": 96.7070569503202,
            "median": 96.74231960733822
        }
    },
    "accuracy": {
        "90th": [
            0.972,
            0.987
        ],
        "95th": [
            0.971,
            0.988
        ],
        "99th": [
            0.968,
            0.99
        ],
        "mean": 0.9801749999999999,
        "median": 0.98
    },
    "cohen_kappa": {
        "90th": [
            0.9440211599972681,
            0.9739868893922536
        ],
        "95th": [
            0.9418485026964476,
            0.9759961881933369
        ],
        "99th": [
            0.935932863853761,
            0.9799923254554956
        ],
        "mean": 0.9603157248490012,
        "median": 0.9600051993239279
    },
    "macro avg": {
        "f1-score": {
            "90th": [
                0.9719989527597903,
                0.9869918699186992
            ],
            "95th": [
                0.9709115008053066,
                0.9879969452215054
            ],
            "99th": [
                0.9679535555507566,
                0.9899951618600208
            ],
            "mean": 0.9801532457805502,
            "median": 0.9799987199180747
        },
        "precision": {
            "90th": [
                0.972781444047601,
                0.9870285924574793
            ],
            "95th": [
                0.9707978547710762,
                0.9881182890336209
            ],
            "99th": [
                0.9682138843462984,
                0.9902913562128396
            ],
            "mean": 0.9802379291465553,
            "median": 0.9803507170847492
        },
        "recall": {
            "90th": [
                0.9728242824282429,
                0.9870872503436979
            ],
            "95th": [
                0.9710833373333974,
                0.988157185991093
            ],
            "99th": [
                0.9681412787142639,
                0.9900951172679147
            ],
            "mean": 0.9804846186904471,
            "median": 0.9806538992610829
        }
    },
    "weighted avg": {
        "f1-score": {
            "90th": [
                0.9720364426763811,
                0.9870001703002482
            ],
            "95th": [
                0.9709802672859618,
                0.9880007236260505
            ],
            "99th": [
                0.9679883099346352,
                0.9900003274132018
            ],
            "mean": 0.9801776135223859,
            "median": 0.9800126304850847
        },
        "precision": {
            "90th": [
                0.9731001107324634,
                0.9871602782667565
            ],
            "95th": [
                0.9716837558622687,
                0.9881971483893681
            ],
            "99th": [
                0.9687276497845452,
                0.990137323401706
            ],
            "mean": 0.9805952540069063,
            "median": 0.9805917263713311
        },
        "recall": {
            "90th": [
                0.972,
                0.987
            ],