overall accuracy,0.88
cohen kappa,0.7598309209683618
""
Confidence Interval,90%,95%,98%,99%
Overall Accuracy,0.016852945143208647,0.020141324683346923,0.023943513526631804,0.026512560042364828
""
class,f1-score,precision,recall,support
Mangrove,0.8854961832061068,0.9206349206349206,0.8529411764705882,544
Other,0.8739495798319329,0.8387096774193549,0.9122807017543859,456
""
macro avg,0.8797228815190199,0.8796722990271377,0.882610939112487,1000
weighted (pixel) avg,0.8802309320674835,0.8832770097286226,0.88,1000
""
Confidence Interval,90%,95%,98%,99%
Mangrove,0.019746359038700947,0.023599307143813326,0.028054278390349515,0.031064394097468563
Other,0.02708401166169652,0.032368696863978766,0.038479114129117614,0.04260777444340062
""
Point Count Confusion Matrix
,Mangrove,Other,User Acc
Mangrove,464,80,85.29411764705883
Other,40,416,91.22807017543859
Producer,92.06349206349206,83.87096774193549
""
