{
    "Mangrove": {
        "f1-score": {
            "90th": [
                0.7855153203342619,
                0.838889923373936
            ],
            "95th": [
                0.7796118759037419,
                0.8435054373083001
            ],
            "99th": [
                0.7692307692307693,
                0.8530630003420251
            ],
            "mean": 0.8123595459140187,
            "median": 0.812760055478502
        },
        "precision": {
            "90th": [
                0.7111686345746291,
                0.7820616211745244
            ],
            "95th": [
                0.7029653091253709,
                0.7900090361445783
            ],
            "99th": [
                0.6866817751904939,
                0.8045727123062147
            ],
            "mean": 0.7467414134593554,
            "median": 0.7467700258397932
        },
        "producer_accuracy": {
            "90th": [
                71.11686345746291,
                78.20616211745244
            ],
            "95th": [
                70.2965309125371,
                79.00090361445783
            ],
            "99th": [
                68.6681775190494,
                80.45727123062147
            ],
            "mean": 74.67414134593552,
            "median": 74.67700258397933
        },
        "recall": {
            "90th": [
                0.8626832292213057,
                0.9193623289723359
            ],
            "95th": [
                0.8566656849629615,
                0.9237812137049942
            ],
            "99th": [
                0.844768215137331,
                0.9327556417166215
            ],
            "mean": 0.8911097868738291,
            "median": 0.8913043478260869
        },
        "support": {
            "90th": [
                311.0,
                350.04999999999995
            ],
            "95th": [
                307.0,
                354.02499999999986
            ],
            "99th": [
                300.0,
                363.0
            ],
            "mean": 331.027,
            "median": 331.0
        },
        "user_accuracy": {
            "90th": [
                86.26832292213057,
                91.9362328972336
            ],
            "95th": [
                85.66656849629615,
                92.37812137049941
            ],
            "99th": [
                84.4768215137331,
                93.27556417166215
            ],
            "mean": 89.11097868738291,
            "median": 89.13043478260869
        }
    },
    "Other": {
        "f1-score": {
            "90th": [
                0.671201814058957,
                0.7514677103718199
            ],
            "95th": [
                0.6637926359488369,
                0.7583188488857153
            ],
            "99th": [
                0.6513663248785753,
                0.7682136556869776
            ],
            "mean": 0.7124554534383298,
            "median": 0.7126948775055679
        },
        "precision": {
            "90th": [
                0.7788920564360263,
                0.8676509492685963
            ],
            "95th": [
                0.7680412371134021,
                0.8743718592964824
            ],
            "99th": [
                0.7557583908546112,
                0.8872549019607843
            ],
            "mean": 0.8241757165340478,
            "median": 0.824942396313364
        },
        "producer_accuracy": {
            "90th": [
                77.88920564360264,
                86.76509492685963
            ],
            "95th": [
                76.80412371134021,
                87.43718592964824
            ],
            "99th": [
                75.57583908546113,
                88.72549019607843
            ],
            "mean": 82.41757165340476,
            "median": 82.4942396313364
        },
        "recall": {
            "90th": [
                0.5781789772727273,
                0.6763689839572192
            ],
            "95th": [
                0.5698924731182796,
                0.6853351028533509
            ],
            "99th": [
                0.5496441986936899,
                0.7028985507246377
            ],
            "mean": 0.6280637052050562,
            "median": 0.6284584980237155
        },
        "support": {
            "90th": [
                249.95,
                289.0
            ],
            "95th": [
                245.975,
                293.0
            ],
            "99th": [
                237.0,
                300.0
            ],
            "mean": 268.973,
            "median": 269.0
        },
        "user_accuracy": {
            "90th": [
                57.81789772727272,
                67.63689839572193
            ],
            "95th": [
                56.98924731182796,
                68.5335102853351
            ],
            "99th": [
                54.96441986936898,
                70.28985507246377
            ],
            "mean": 62.80637052050562,
            "median": 62.845849802371546
        }
    },
    "accuracy": {
        "90th": [
            0.7449166666666667,
            0.8033333333333333
        ],
        "95th": [
            0.7383333333333333,
            0.8066666666666666
        ],
        "99th": [
            0.7299916666666667,
            0.8183333333333334
        ],
        "mean": 0.7732016666666666,
        "median": 0.7733333333333333
    },
    "cohen_kappa": {
        "90th": [
            0.47162133409432383,
            0.5879694654833044
        ],
        "95th": [
            0.46209707349816465,
            0.5996442083439772
        ],
        "99th": [
            0.4435177907389756,
            0.6186249896409807
        ],
        "mean": 0.5306359849892788,
        "median": 0.5305213954744736
    },
    "macro avg": {
        "f1-score": {
            "90th": [
                0.7318144038076422,
                0.7921866127694489
            ],
            "95th": [
                0.726803593325612,
                0.7982278165183465
            ],
            "99th": [
                0.7172996869784285,
                0.8074587588225829
            ],
            "mean": 0.7624074996761742,
            "median": 0.7622984704423317
        },
        "precision": {
            "90th": [
                0.7555301623529497,
                0.8138849044984154
            ],
            "95th": [
                0.750671878159067,
                0.8202797856112507
            ],
            "99th": [
                0.7402460056930139,
                0.8293519971272649
            ],
            "mean": 0.7854585649967015,
            "median": 0.7855161287462896
        },
        "recall": {
            "90th": [
                0.7305367600838106,
                0.787854941832506
            ],
            "95th": [
                0.7254386569101743,
                0.7941677029151895
            ],
            "99th": [
                0.7164526847057764,
                0.8024892091387743
            ],
            "mean": 0.7595867460394427,
            "median": 0.7596633184249211
        }
    },
    "weighted avg": {
        "f1-score": {
            "90th": [
                0.7374322297001243,
                0.7980161546025708
            ],
            "95th": [
                0.7321085202103536,
                0.8033903434553198
            ],
            "99th": [
                0.7229264144455352,
                0.8136056470260192
            ],
            "mean": 0.7678510936613342,
            "median": 0.768029441652248
        },
        "precision": {
            "90th": [
                0.7527502374169041,
                0.809642946701858
            ],
            "95th": [
                0.7487643479599357,
                0.8158603909943424
            ],