{
    "Mangrove": {
        "f1-score": {
            "90th": [
                0.940019702444279,
                0.9637826961770622
            ],
            "95th": [
                0.9372294372294372,
                0.9663614987279316
            ],
            "99th": [
                0.9327871986390113,
                0.9692471598317196
            ],
            "mean": 0.9525747613079484,
            "median": 0.9528907922912205
        },
        "precision": {
            "90th": [
                0.975552833457065,
                0.9935344827586207
            ],
            "95th": [
                0.97268763821318,
                0.9941078070459877
            ],
            "99th": [
                0.9682168996257979,
                0.9959267216399252
            ],
            "mean": 0.9849394576750533,
            "median": 0.9852941176470589
        },
        "producer_accuracy": {
            "90th": [
                97.55528334570651,
                99.35344827586206
            ],
            "95th": [
                97.268763821318,
                99.41078070459876
            ],
            "99th": [
                96.82168996257978,
                99.59267216399252
            ],
            "mean": 98.49394576750532,
            "median": 98.52941176470588
        },
        "recall": {
            "90th": [
                0.9013479953196265,
                0.9422680412371134
            ],
            "95th": [
                0.8971178286129267,
                0.9455672543324463
            ],
            "99th": [
                0.8899944444444444,
                0.9523814443132624
            ],
            "mean": 0.9223597274327348,
            "median": 0.9227761000038228
        },
        "support": {
            "90th": [
                474.0,
                525.0
            ],
            "95th": [
                469.0,
                530.0
            ],
            "99th": [
                462.0,
                540.0
            ],
            "mean": 499.773,
            "median": 500.0
        },
        "user_accuracy": {
            "90th": [
                90.13479953196266,
                94.22680412371133
            ],
            "95th": [
                89.71178286129266,
                94.55672543324464
            ],
            "99th": [
                88.99944444444445,
                95.23814443132623
            ],
            "mean": 92.23597274327348,
            "median": 92.27761000038228
        }
    },
    "Other": {
        "f1-score": {
            "90th": [
                0.9442210344996552,
                0.9661663216011042
            ],
            "95th": [
                0.9425952911551394,
                0.9681186509548962
            ],
            "99th": [
                0.9372543417366946,
                0.9711543987621574
            ],
            "mean": 0.95555420489133,
            "median": 0.9557692307692308
        },
        "precision": {
            "90th": [
                0.9075455338641073,
                0.9454919626652839
            ],
            "95th": [
                0.9043936560923134,
                0.9484757360959651
            ],
            "99th": [
                0.8972448627238566,
                0.9557202300429914
            ],
            "mean": 0.927093600973941,
            "median": 0.9272030651340997
        },
        "producer_accuracy": {
            "90th": [
                90.75455338641073,
                94.54919626652838
            ],
            "95th": [
                90.43936560923134,
                94.84757360959651
            ],
            "99th": [
                89.72448627238566,
                95.57202300429914
            ],
            "mean": 92.7093600973941,
            "median": 92.72030651340997
        },
        "recall": {
            "90th": [
                0.9769864438358805,
                0.993964388742091
            ],
            "95th": [
                0.9746829274310953,
                0.9943624744947872
            ],
            "99th": [
                0.9709856136495345,
                0.9961905844155844
            ],
            "mean": 0.9859048811784235,
            "median": 0.9861660079051383
        },
        "support": {
            "90th": [
                475.0,
                526.0
            ],
            "95th": [
                470.0,
                531.0
            ],
            "99th": [
                460.0,
                538.0
            ],
            "mean": 500.227,
            "median": 500.0
        },
        "user_accuracy": {
            "90th": [
                97.69864438358805,
                99.39643887420911
            ],
            "95th": [
                97.46829274310953,
                99.43624744947871
            ],
            "99th": [
                97.09856136495345,
                99.61905844155844
            ],
            "mean": 98.59048811784236,
            "median": 98.61660079051383
        }
    },
    "accuracy": {
        "90th": [
            0.943,
            0.965
        ],
        "95th": [
            0.941,
            0.967
        ],
        "99th": [
            0.936,
            0.97
        ],
        "mean": 0.9541565,
        "median": 0.954
    },
    "cohen_kappa": {
        "90th": [
            0.8856789316673283,
            0.9299203611741238
        ],
        "95th": [
            0.8816336788945801,
            0.9339891873834805
        ],
        "99th": [
            0.8721717193886354,
            0.9399547798441915
        ],
        "mean": 0.9082298829630541,
        "median": 0.9081152235064192
    },
    "macro avg": {
        "f1-score": {
            "90th": [
                0.942723059998793,
                0.9649410659318314
            ],
            "95th": [
                0.9407173401640399,
                0.9669826064308327
            ],
            "99th": [
                0.9359742295476893,
                0.9699653670144095
            ],
            "mean": 0.9540644830996392,
            "median": 0.9539988039643028
        },
        "precision": {
            "90th": [
                0.9452050129702892,
                0.9661580879250606
            ],
            "95th": [
                0.943275547207139,
                0.9682444753610295
            ],
            "99th": [
                0.9387479732804778,
                0.9709970810434487
            ],
            "mean": 0.956016529324497,
            "median": 0.9562632724256079
        },
        "recall": {
            "90th": [
                0.9424106025039523,
                0.9645781414956622
            ],
            "95th": [
                0.9401408035845654,
                0.9670460943912409
            ],
            "99th": [
                0.9357448930482346,
                0.9699196902718182
            ],
            "mean": 0.954132304305579,
            "median": 0.9543867324861419
        }
    },
    "weighted avg": {
        "f1-score": {
            "90th": [
                0.9428060384981208,
                0.9649596635408584
            ],
            "95th": [
                0.9408439234420376,
                0.9669882246977669
            ],
            "99th": [
                0.9359434971778722,
                0.9699796064668597
            ],
            "mean": 0.9541076932709354,
            "median": 0.9540237447425163
        },
        "precision": {
            "90th": [
                0.9455940569890596,
                0.9659790728906835
            ],
            "95th": [
                0.9437539091516335,
                0.9680301511577486
            ],
            "99th": [
                0.9383503816221584,
                0.9708856312261626
            ],
            "mean": 0.9560752426415416,
            "median": 0.9563413659769378
        },