{
    "Mangrove": {
        "f1-score": {
            "90th": [
                0.9676111245076763,
                0.9838383838383837
            ],
            "95th": [
                0.9658506192538561,
                0.9849246231155778
            ],
            "99th": [
                0.9625773257294996,
                0.9878790317663557
            ],
            "mean": 0.9759522690948262,
            "median": 0.9761192786391619
        },
        "precision": {
            "90th": [
                0.9477911646586346,
                0.9760479041916168
            ],
            "95th": [
                0.9446585419411506,
                0.9784334788602941
            ],
            "99th": [
                0.9383684546492803,
                0.9824929153512957
            ],
            "mean": 0.9625073017684842,
            "median": 0.9626556016597511
        },
        "producer_accuracy": {
            "90th": [
                94.77911646586345,
                97.60479041916167
            ],
            "95th": [
                94.46585419411505,
                97.8433478860294
            ],
            "99th": [
                93.83684546492803,
                98.24929153512957
            ],
            "mean": 96.25073017684842,
            "median": 96.2655601659751
        },
        "recall": {
            "90th": [
                0.9820341317365269,
                0.9960238568588469
            ],
            "95th": [
                0.9807270174890406,
                0.997917097107438
            ],
            "99th": [
                0.9768305226555724,
                1.0
            ],
            "mean": 0.9898270759574707,
            "median": 0.9899396378269618
        },
        "support": {
            "90th": [
                464.0,
                517.0
            ],
            "95th": [
                461.0,
                521.0
            ],
            "99th": [
                451.995,
                530.0049999999999
            ],
            "mean": 490.6035,
            "median": 491.0
        },
        "user_accuracy": {
            "90th": [
                98.20341317365269,
                99.60238568588468
            ],
            "95th": [
                98.07270174890405,
                99.7917097107438
            ],
            "99th": [
                97.68305226555724,
                100.0
            ],
            "mean": 98.98270759574709,
            "median": 98.99396378269618
        }
    },
    "Other": {
        "f1-score": {
            "90th": [
                0.9681238260896393,
                0.9838580390223584
            ],
            "95th": [
                0.9658027036198522,
                0.985193953530359
            ],
            "99th": [
                0.9628095932587911,
                0.9878797517922766
            ],
            "mean": 0.9761883648651427,
            "median": 0.976303317535545
        },
        "precision": {
            "90th": [
                0.9821073558648111,
                0.9960478206297605
            ],
            "95th": [
                0.9806201550387597,
                0.9979381443298969
            ],
            "99th": [
                0.9762355565226852,
                1.0
            ],
            "mean": 0.9899286185723621,
            "median": 0.9900199600798403
        },
        "producer_accuracy": {
            "90th": [
                98.2107355864811,
                99.60478206297604
            ],
            "95th": [
                98.06201550387597,
                99.79381443298969
            ],
            "99th": [
                97.62355565226852,
                100.0
            ],
            "mean": 98.9928618572362,
            "median": 99.00199600798403
        },
        "recall": {
            "90th": [
                0.9483380161833428,
                0.9763336905372035
            ],
            "95th": [
                0.9451213534194165,
                0.9783464566929134
            ],
            "99th": [
                0.9396878530187022,
                0.9824916141151213
            ],
            "mean": 0.9628697947049474,
            "median": 0.9630350194552529
        },
        "support": {
            "90th": [
                483.0,
                536.0
            ],
            "95th": [
                479.0,
                539.0
            ],
            "99th": [
                469.995,
                548.0049999999999
            ],
            "mean": 509.3965,
            "median": 509.0
        },
        "user_accuracy": {
            "90th": [
                94.83380161833428,
                97.63336905372036
            ],
            "95th": [
                94.51213534194164,
                97.83464566929135
            ],
            "99th": [
                93.96878530187021,
                98.24916141151213
            ],
            "mean": 96.28697947049473,
            "median": 96.3035019455253
        }
    },
    "accuracy": {
        "90th": [
            0.968,
            0.984
        ],
        "95th": [
            0.966,
            0.985
        ],
        "99th": [
            0.963,
            0.988
        ],
        "mean": 0.9760935,
        "median": 0.976
    },
    "cohen_kappa": {
        "90th": [
            0.9359807173903258,
            0.9679661722779255
        ],
        "95th": [
            0.9320045080934496,
            0.9699985659314048
        ],
        "99th": [
            0.926026571246189,
            0.9759669923795914
        ],
        "mean": 0.9521518946748249,
        "median": 0.952
    },
    "macro avg": {
        "f1-score": {
            "90th": [
                0.9679747064026293,
                0.9839814825938785
            ],
            "95th": [
                0.9659863945578231,
                0.9849981997833889
            ],
            "99th": [
                0.9629969361224423,
                0.9879827277068737
            ],
            "mean": 0.9760703169799845,
            "median": 0.9759938544267333
        },
        "precision": {
            "90th": [
                0.9680927086594152,
                0.9839370104268826
            ],
            "95th": [
                0.9665116571709169,
                0.9850180676068326
            ],
            "99th": [
                0.9635963781769339,
                0.988000079760319
            ],
            "mean": 0.9762179601704231,
            "median": 0.9763223616803278
        },
        "recall": {
            "90th": [
                0.9683855039488495,
                0.9839896378412653
            ],
            "95th": [
                0.966333986893762,
                0.9852558198121912
            ],
            "99th": [
                0.9637651625112044,
                0.9879764769223333
            ],
            "mean": 0.976348435331209,
            "median": 0.9763806960846739
        }
    },
    "weighted avg": {
        "f1-score": {
            "90th": [
                0.9679988863938559,
                0.9839988639324596
            ],
            "95th": [
                0.9660018972075889,
                0.9850021701318058
            ],
            "99th": [
                0.963022962145416,
                0.9879992864084566
            ],
            "mean": 0.9760952212557236,
            "median": 0.9760063390681089
        },
        "precision": {
            "90th": [
                0.9687568293151926,
                0.9841302383428848
            ],
            "95th": [
                0.9670263481500185,
                0.9851614876459506
            ],
            "99th": [
                0.9642669177933991,
                0.9881165993576939
            ],
            "mean": 0.9765218303005763,
            "median": 0.976512008192131
        },