{
    "Mangrove": {
        "f1-score": {
            "90th": [
                0.8032753966686419,
                0.8453038674033148
            ],
            "95th": [
                0.7996164447079993,
                0.8487084870848707
            ],
            "99th": [
                0.791044507193761,
                0.8568820445609436
            ],
            "mean": 0.8243653314865074,
            "median": 0.8245204183528669
        },
        "precision": {
            "90th": [
                0.9606943900318194,
                0.9849154152762328
            ],
            "95th": [
                0.9579640848565049,
                0.9869572290861076
            ],
            "99th": [
                0.9517519945455285,
                0.9909504300680771
            ],
            "mean": 0.973370409499231,
            "median": 0.9737395840240479
        },
        "producer_accuracy": {
            "90th": [
                96.06943900318194,
                98.49154152762328
            ],
            "95th": [
                95.79640848565047,
                98.69572290861078
            ],
            "99th": [
                95.17519945455285,
                99.09504300680771
            ],
            "mean": 97.33704094992311,
            "median": 97.3739584024048
        },
        "recall": {
            "90th": [
                0.6847246369812293,
                0.7448319032971777
            ],
            "95th": [
                0.6795049063336307,
                0.7504172270605021
            ],
            "99th": [
                0.6705678090956995,
                0.7637546094707636
            ],
            "mean": 0.7151206267741557,
            "median": 0.7149837133550488
        },
        "support": {
            "90th": [
                592.0,
                644.05
            ],
            "95th": [
                588.0,
                649.0
            ],
            "99th": [
                577.995,
                657.0
            ],
            "mean": 618.1745,
            "median": 618.0
        },
        "user_accuracy": {
            "90th": [
                68.47246369812294,
                74.48319032971779
            ],
            "95th": [
                67.95049063336307,
                75.04172270605021
            ],
            "99th": [
                67.05678090956995,
                76.37546094707635
            ],
            "mean": 71.51206267741556,
            "median": 71.49837133550488
        }
    },
    "Other": {
        "f1-score": {
            "90th": [
                0.7717698380694201,
                0.8208955223880596
            ],
            "95th": [
                0.7668480245337279,
                0.8246612432097398
            ],
            "99th": [
                0.7575417188124943,
                0.8324558863653471
            ],
            "mean": 0.7969258516775513,
            "median": 0.7973997833152763
        },
        "precision": {
            "90th": [
                0.6431035963145206,
                0.7103370808887945
            ],
            "95th": [
                0.6365212264150943,
                0.7158746150431429
            ],
            "99th": [
                0.624764450669011,
                0.7261343843843842
            ],
            "mean": 0.6773409656787441,
            "median": 0.6777163904235728
        },
        "producer_accuracy": {
            "90th": [
                64.31035963145207,
                71.03370808887945
            ],
            "95th": [
                63.65212264150943,
                71.58746150431429
            ],
            "99th": [
                62.47644506690109,
                72.61343843843841
            ],
            "mean": 67.73409656787443,
            "median": 67.77163904235728
        },
        "recall": {
            "90th": [
                0.953125,
                0.9820535772837563
            ],
            "95th": [
                0.9503883982885185,
                0.9847328244274809
            ],
            "99th": [
                0.9430198692115791,
                0.9893899204244032
            ],
            "mean": 0.9683077008784534,
            "median": 0.96875
        },
        "support": {
            "90th": [
                355.95,
                408.0
            ],
            "95th": [
                351.0,
                412.0
            ],
            "99th": [
                343.0,
                422.0049999999999
            ],
            "mean": 381.8255,
            "median": 382.0
        },
        "user_accuracy": {
            "90th": [
                95.3125,
                98.20535772837563
            ],
            "95th": [
                95.03883982885186,
                98.47328244274809
            ],
            "99th": [
                94.30198692115792,
                98.93899204244032
            ],
            "mean": 96.83077008784534,
            "median": 96.875
        }
    },
    "accuracy": {
        "90th": [
            0.79,
            0.832
        ],
        "95th": [
            0.787,
            0.836
        ],
        "99th": [
            0.78,
            0.843
        ],
        "mean": 0.8117995,
        "median": 0.812
    },
    "cohen_kappa": {
        "90th": [
            0.5917500038304546,
            0.6695029824982571
        ],
        "95th": [
            0.585560939941909,
            0.6762483635518175
        ],
        "99th": [
            0.5735103098082512,
            0.690610092670851
        ],
        "mean": 0.6314061858504668,
        "median": 0.6317526615416802
    },
    "macro avg": {
        "f1-score": {
            "90th": [
                0.7891343170187869,
                0.8310663278487906
            ],
            "95th": [
                0.785651871883735,
                0.8348345928874137
            ],
            "99th": [
                0.7790034118913534,
                0.8424136741907545
            ],
            "mean": 0.8106455915820293,
            "median": 0.8108492065727889
        },
        "precision": {
            "90th": [
                0.8066413559353233,
                0.8432572544181418
            ],
            "95th": [
                0.8039097101346626,
                0.8462362283926936
            ],
            "99th": [
                0.7966259435958601,
                0.8526699779489735
            ],
            "mean": 0.8253556875889876,
            "median": 0.8256233763928187
        },
        "recall": {
            "90th": [
                0.8245797401984927,
                0.8587853877061306
            ],
            "95th": [
                0.8212236181528177,
                0.8612338901256167
            ],
            "99th": [
                0.8153018594524747,
                0.8665074274869022
            ],
            "mean": 0.8417141638263046,
            "median": 0.8417511356294773
        }
    },
    "weighted avg": {
        "f1-score": {
            "90th": [
                0.7932131833808124,
                0.83390895514404
            ],
            "95th": [
                0.7895143766610196,
                0.8380464520829596
            ],
            "99th": [
                0.7844431700381672,
                0.8443384821866896
            ],
            "mean": 0.8140591175447477,
            "median": 0.8143623177068917
        },
        "precision": {
            "90th": [
                0.8476704217086132,
                0.8735231364612238
            ],
            "95th": [
                0.8444897539873876,
                0.8755059225371676
            ],
            "99th": [
                0.8400167216794456,
                0.8798707214077086
            ],
            "mean": 0.8605932803766979,
            "median": 0.8606846904120937
        },