{
    "Mangrove": {
        "f1-score": {
            "90th": [
                0.989517819706499,
                0.9979879275653923
            ],
            "95th": [
                0.9885523939383066,
                0.9988906655523605
            ],
            "99th": [
                0.9868546022625544,
                0.9990393944166452
            ],
            "mean": 0.9940069810282016,
            "median": 0.9940298448353702
        },
        "precision": {
            "90th": [
                0.991701244813278,
                1.0
            ],
            "95th": [
                0.989999498997996,
                1.0
            ],
            "99th": [
                0.9880469636605095,
                1.0
            ],
            "mean": 0.9961531486083759,
            "median": 0.9960629921259843
        },
        "producer_accuracy": {
            "90th": [
                99.1701244813278,
                100.0
            ],
            "95th": [
                98.9999498997996,
                100.0
            ],
            "99th": [
                98.80469636605095,
                100.0
            ],
            "mean": 99.61531486083759,
            "median": 99.60629921259843
        },
        "recall": {
            "90th": [
                0.984375,
                0.998019997651939
            ],
            "95th": [
                0.9832276306749115,
                1.0
            ],
            "99th": [
                0.9796726883243936,
                1.0
            ],
            "mean": 0.9918819293418585,
            "median": 0.9920556028905929
        },
        "support": {
            "90th": [
                477.0,
                527.05
            ],
            "95th": [
                470.975,
                533.0
            ],
            "99th": [
                461.0,
                544.0
            ],
            "mean": 501.7465,
            "median": 501.5
        },
        "user_accuracy": {
            "90th": [
                98.4375,
                99.80199976519391
            ],
            "95th": [
                98.32276306749115,
                100.0
            ],
            "99th": [
                97.96726883243936,
                100.0
            ],
            "mean": 99.18819293418585,
            "median": 99.20556028905929
        }
    },
    "Other": {
        "f1-score": {
            "90th": [
                0.9896469592708091,
                0.9979919678714859
            ],
            "95th": [
                0.9886697117975699,
                0.9989308200961098
            ],
            "99th": [
                0.9866114635707491,
                0.9990394035915042
            ],
            "mean": 0.9939930490866565,
            "median": 0.9940828402366864
        },
        "precision": {
            "90th": [
                0.9845559845559846,
                0.998015873015873
            ],
            "95th": [
                0.9835051546391752,
                1.0
            ],
            "99th": [
                0.9792511382277859,
                1.0
            ],
            "mean": 0.9918637907875071,
            "median": 0.9920477137176938
        },
        "producer_accuracy": {
            "90th": [
                98.45559845559846,
                99.8015873015873
            ],
            "95th": [
                98.35051546391752,
                100.0
            ],
            "99th": [
                97.92511382277858,
                100.0
            ],
            "mean": 99.18637907875072,
            "median": 99.20477137176938
        },
        "recall": {
            "90th": [
                0.9916657967988866,
                1.0
            ],
            "95th": [
                0.9901180878957461,
                1.0
            ],
            "99th": [
                0.9878043782487005,
                1.0
            ],
            "mean": 0.9961434537294958,
            "median": 0.9960552268244576
        },
        "support": {
            "90th": [
                472.95,
                523.0
            ],
            "95th": [
                467.0,
                529.0249999999999
            ],
            "99th": [
                456.0,
                539.0
            ],
            "mean": 498.2535,
            "median": 498.5
        },
        "user_accuracy": {
            "90th": [
                99.16657967988866,
                100.0
            ],
            "95th": [
                99.0118087895746,
                100.0
            ],
            "99th": [
                98.78043782487005,
                100.0
            ],
            "mean": 99.61434537294957,
            "median": 99.60552268244575
        }
    },
    "accuracy": {
        "90th": [
            0.99,
            0.998
        ],
        "95th": [
            0.989,
            0.999
        ],
        "99th": [
            0.987,
            0.999
        ],
        "mean": 0.994006,
        "median": 0.994
    },
    "cohen_kappa": {
        "90th": [
            0.9799321020645486,
            0.9959977283091154
        ],
        "95th": [
            0.9779427216396789,
            0.9979803707026232
        ],
        "99th": [
            0.973968305879788,
            0.9979997606913175
        ],
        "mean": 0.9880001904828624,
        "median": 0.9879971193086341
    },
    "macro avg": {
        "f1-score": {
            "90th": [
                0.989966004713737,
                0.9979988565458254
            ],
            "95th": [
                0.9889712568780122,
                0.9989901843315847
            ],
            "99th": [
                0.9869840361750059,
                0.9989998793454185
            ],
            "mean": 0.9940000150574291,
            "median": 0.9939984636066834
        },
        "precision": {
            "90th": [
                0.9898555513768416,
                0.9979990399386917
            ],
            "95th": [
                0.9888693907807271,
                0.998892697428125
            ],
            "99th": [
                0.9869430395130893,
                0.9990439861778057
            ],
            "mean": 0.9940084696979415,
            "median": 0.9940268292585346
        },
        "recall": {
            "90th": [
                0.9898012274841015,
                0.9979988565458253
            ],
            "95th": [
                0.9888731098851637,
                0.998913507989595
            ],
            "99th": [
                0.9870173037948664,
                0.9990403071017274
            ],
            "mean": 0.9940126915356771,
            "median": 0.994
        }
    },
    "weighted avg": {
        "f1-score": {
            "90th": [
                0.9899975796535243,
                0.998
            ],
            "95th": [
                0.988998399267605,
                0.9989999188715282
            ],
            "99th": [
                0.9870003977952847,
                0.9990000410690371
            ],
            "mean": 0.9940060175930434,
            "median": 0.994
        },
        "precision": {
            "90th": [
                0.9900057142857142,
                0.9980075643172203
            ],
            "95th": [
                0.9890022555186762,
                0.9990018491224298
            ],
            "99th": [
                0.9870192319528229,
                0.9990020833333333
            ],
            "mean": 0.9940271271129072,
            "median": 0.9940294943999133
        },
        "recall": {
            "90th": [
                0.99,
                0.998
            ],
            "95th": [
                0.989,
                0.999
            ],
            "99th": [
                0.987,
                0.999
            ],
            "mean": 0.994006,
            "median": 0.994
        }
    }
}