{
    "Mangrove": {
        "f1-score": {
            "90th": [
                0.9476065162907267,
                0.9787234042553191
            ],
            "95th": [
                0.9449930904522612,
                0.9811320754716981
            ],
            "99th": [
                0.9353994401378123,
                0.985714624238321
            ],
            "mean": 0.9638031200765527,
            "median": 0.964200477326969
        },
        "precision": {
            "90th": [
                0.9269350707205702,
                0.9760765550239234
            ],
            "95th": [
                0.9226970418900139,
                0.9807715311004784
            ],
            "99th": [
                0.9095238095238095,
                0.9858497178628107
            ],
            "mean": 0.9523628710972595,
            "median": 0.9532710280373832
        },
        "producer_accuracy": {
            "90th": [
                92.69350707205703,
                97.60765550239235
            ],
            "95th": [
                92.26970418900139,
                98.07715311004783
            ],
            "99th": [
                90.95238095238095,
                98.58497178628107
            ],
            "mean": 95.23628710972594,
            "median": 95.32710280373831
        },
        "recall": {
            "90th": [
                0.957345971563981,
                0.9908696554586965
            ],
            "95th": [
                0.953605250539439,
                0.9950980392156863
            ],
            "99th": [
                0.9430036971070812,
                1.0
            ],
            "mean": 0.9756942450824473,
            "median": 0.9759615384615384
        },
        "support": {
            "90th": [
                189.0,
                222.0
            ],
            "95th": [
                186.0,
                224.0
            ],
            "99th": [
                182.0,
                230.00499999999988
            ],
            "mean": 204.981,
            "median": 205.0
        },
        "user_accuracy": {
            "90th": [
                95.73459715639811,
                99.08696554586966
            ],
            "95th": [
                95.3605250539439,
                99.50980392156863
            ],
            "99th": [
                94.30036971070813,
                100.0
            ],
            "mean": 97.56942450824474,
            "median": 97.59615384615384
        }
    },
    "Other": {
        "f1-score": {
            "90th": [
                0.9438142000783203,
                0.9768637532133676
            ],
            "95th": [
                0.9396968437990478,
                0.9792398738035113
            ],
            "99th": [
                0.9291320636202526,
                0.9855769923520284
            ],
            "mean": 0.9609335167009038,
            "median": 0.9613884946745223
        },
        "precision": {
            "90th": [
                0.9536082474226805,
                0.9901477832512315
            ],
            "95th": [
                0.9484491645929612,
                0.9946808510638298
            ],
            "99th": [
                0.9371708190407415,
                1.0
            ],
            "mean": 0.9737503316083047,
            "median": 0.9743589743589743
        },
        "producer_accuracy": {
            "90th": [
                95.36082474226805,
                99.01477832512316
            ],
            "95th": [
                94.84491645929612,
                99.46808510638297
            ],
            "99th": [
                93.71708190407415,
                100.0
            ],
            "mean": 97.37503316083047,
            "median": 97.43589743589743
        },
        "recall": {
            "90th": [
                0.9210526315789473,
                0.9744897959183674
            ],
            "95th": [
                0.9166666666666666,
                0.9788387635756056
            ],
            "99th": [
                0.9040394327894329,
                0.9852234511178476
            ],
            "mean": 0.9486432279779037,
            "median": 0.9489795918367347
        },
        "support": {
            "90th": [
                178.0,
                211.0
            ],
            "95th": [
                176.0,
                214.0
            ],
            "99th": [
                169.995,
                218.0
            ],
            "mean": 195.019,
            "median": 195.0
        },
        "user_accuracy": {
            "90th": [
                92.10526315789474,
                97.44897959183673
            ],
            "95th": [
                91.66666666666666,
                97.88387635756057
            ],
            "99th": [
                90.40394327894329,
                98.52234511178476
            ],
            "mean": 94.86432279779038,
            "median": 94.89795918367348
        }
    },
    "accuracy": {
        "90th": [
            0.9475,
            0.9775
        ],
        "95th": [
            0.9425,
            0.98
        ],
        "99th": [
            0.9325,
            0.985
        ],
        "mean": 0.96251,
        "median": 0.9625
    },
    "cohen_kappa": {
        "90th": [
            0.8932894161338979,
            0.9548986346760668
        ],
        "95th": [
            0.885034489653104,
            0.9599199149746026
        ],
        "99th": [
            0.864979409191861,
            0.9699977610820811
        ],
        "mean": 0.9247576944380951,
        "median": 0.9249380734880557
    },
    "macro avg": {
        "f1-score": {
            "90th": [
                0.946628912782108,
                0.9774491195760434
            ],
            "95th": [
                0.9424992092379469,
                0.9799594178210878
            ],
            "99th": [
                0.932489028941675,
                0.984998499849985
            ],
            "mean": 0.9623683183887282,
            "median": 0.9624603487433602
        },
        "precision": {
            "90th": [
                0.9471156843623147,
                0.9777463157458877
            ],
            "95th": [
                0.9444348208327092,
                0.980100572087284
            ],
            "99th": [
                0.9346321124884329,
                0.9851951964243679
            ],
            "mean": 0.963056601352782,
            "median": 0.9631295248220388
        },
        "recall": {
            "90th": [
                0.9459353079724822,
                0.9775563607085347
            ],
            "95th": [
                0.9425138078328056,
                0.980000125003125
            ],
            "99th": [
                0.9322177217721772,
                0.9851947674015915
            ],
            "mean": 0.9621687365301754,
            "median": 0.9624212421242124
        }
    },
    "weighted avg": {
        "f1-score": {
            "90th": [
                0.9473552880421198,
                0.9775001687510547
            ],
            "95th": [
                0.9425046227855316,
                0.98
            ],
            "99th": [
                0.9324975523068766,
                0.9850015114109911
            ],
            "mean": 0.962490615613302,
            "median": 0.962495076617214
        },
        "precision": {
            "90th": [
                0.9475083676639587,
                0.9776181944720457
            ],
            "95th": [
                0.9445485331396746,
                0.9801734262663528
            ],
            "99th": [
                0.934899174168309,
                0.9852000227301142
            ],
            "mean": 0.9629570698411959,
            "median": 0.9630045831129914
        },