{
    "Mangrove": {
        "f1-score": {
            "90th": [
                0.8526163911606056,
                0.8912845273868142
            ],
            "95th": [
                0.8482039397450752,
                0.8951355617172979
            ],
            "99th": [
                0.8417284440813338,
                0.9020507328909578
            ],
            "mean": 0.8719314115444537,
            "median": 0.8724236951731779
        },
        "precision": {
            "90th": [
                0.7461225169573643,
                0.8067128609923843
            ],
            "95th": [
                0.7401196054925894,
                0.812747207403696
            ],
            "99th": [
                0.7296731169791036,
                0.8248480142566191
            ],
            "mean": 0.7762971201277513,
            "median": 0.7766496520104231
        },
        "producer_accuracy": {
            "90th": [
                74.61225169573643,
                80.67128609923843
            ],
            "95th": [
                74.01196054925894,
                81.2747207403696
            ],
            "99th": [
                72.96731169791038,
                82.48480142566191
            ],
            "mean": 77.62971201277513,
            "median": 77.66496520104232
        },
        "recall": {
            "90th": [
                0.98749843358396,
                1.0
            ],
            "95th": [
                0.9867365187087307,
                1.0
            ],
            "99th": [
                0.9835124813458146,
                1.0
            ],
            "mean": 0.9947636569386318,
            "median": 0.9949109414758269
        },
        "support": {
            "90th": [
                366.0,
                415.0
            ],
            "95th": [
                360.975,
                419.0
            ],
            "99th": [
                351.0,
                428.0
            ],
            "mean": 390.4305,
            "median": 390.0
        },
        "user_accuracy": {
            "90th": [
                98.74984335839599,
                100.0
            ],
            "95th": [
                98.67365187087307,
                100.0
            ],
            "99th": [
                98.35124813458147,
                100.0
            ],
            "mean": 99.47636569386319,
            "median": 99.49109414758269
        }
    },
    "Other": {
        "f1-score": {
            "90th": [
                0.8811432883133524,
                0.9123771223257189
            ],
            "95th": [
                0.8779552430089548,
                0.9153175615508652
            ],
            "99th": [
                0.8740589645016497,
                0.9217424277279349
            ],
            "mean": 0.8971776155543748,
            "median": 0.8972887863850063
        },
        "precision": {
            "90th": [
                0.9901960784313726,
                1.0
            ],
            "95th": [
                0.9897530442555488,
                1.0
            ],
            "99th": [
                0.9867408826638477,
                1.0
            ],
            "mean": 0.9959138290334043,
            "median": 0.9960238568588469
        },
        "producer_accuracy": {
            "90th": [
                99.01960784313727,
                100.0
            ],
            "95th": [
                98.97530442555488,
                100.0
            ],
            "99th": [
                98.67408826638477,
                100.0
            ],
            "mean": 99.59138290334043,
            "median": 99.60238568588468
        },
        "recall": {
            "90th": [
                0.7904,
                0.8422766955857478
            ],
            "95th": [
                0.7853628548580568,
                0.8466458998935037
            ],
            "99th": [
                0.7798004814868048,
                0.8578559079374125
            ],
            "mean": 0.8163906897787133,
            "median": 0.8163770218123101
        },
        "support": {
            "90th": [
                585.0,
                634.0
            ],
            "95th": [
                581.0,
                639.0249999999999
            ],
            "99th": [
                572.0,
                649.0
            ],
            "mean": 609.5695,
            "median": 610.0
        },
        "user_accuracy": {
            "90th": [
                79.03999999999999,
                84.22766955857479
            ],
            "95th": [
                78.53628548580569,
                84.66458998935038
            ],
            "99th": [
                77.98004814868047,
                85.78559079374125
            ],
            "mean": 81.63906897787133,
            "median": 81.63770218123102
        }
    },
    "accuracy": {
        "90th": [
            0.869,
            0.902
        ],
        "95th": [
            0.866,
            0.906
        ],
        "99th": [
            0.862,
            0.911005
        ],
        "mean": 0.8860305,
        "median": 0.886
    },
    "cohen_kappa": {
        "90th": [
            0.7396024747188503,
            0.8040972000815501
        ],
        "95th": [
            0.7339883709831371,
            0.8108369330721404
        ],
        "99th": [
            0.7250868438604038,
            0.822063879074181
        ],
        "mean": 0.7719636396542868,
        "median": 0.7720966310248005
    },
    "macro avg": {
        "f1-score": {
            "90th": [
                0.867753095864861,
                0.9012011486457889
            ],
            "95th": [
                0.8647456856050969,
                0.9045987026912838
            ],
            "99th": [
                0.8601351034268265,
                0.9103923635132322
            ],
            "mean": 0.8845545135494142,
            "median": 0.8847045402138427
        },
        "precision": {
            "90th": [
                0.8707534344790385,
                0.9016043311845413
            ],
            "95th": [
                0.8674809172520843,
                0.9047235214973292
            ],
            "99th": [
                0.8628635750896954,
                0.9105265688259109
            ],
            "mean": 0.8861054745805778,
            "median": 0.8863347703919111
        },
        "recall": {
            "90th": [
                0.8920546539958775,
                0.9184250329574455
            ],
            "95th": [
                0.8899124952283497,
                0.9211464824046027
            ],
            "99th": [
                0.8857781324585959,
                0.926148715000462
            ],
            "mean": 0.9055771733586726,
            "median": 0.9055633493230731
        }
    },
    "weighted avg": {
        "f1-score": {
            "90th": [
                0.8708833334517664,
                0.9033473474895103
            ],
            "95th": [
                0.8682226445711838,
                0.9066651071321138
            ],
            "99th": [
                0.8639143419707334,
                0.912313909931755
            ],
            "mean": 0.8874268436106082,
            "median": 0.8875402359330027
        },
        "precision": {
            "90th": [
                0.9002344765358321,
                0.920684848174697
            ],
            "95th": [
                0.898320051596267,
                0.9228229746811842
            ],
            "99th": [
                0.8956013002942442,
                0.926535409222863
            ],
            "mean": 0.9103404316321465,
            "median": 0.9101461587616194
        },
        "recall": {
            "90th": [
                0.869,
                0.902
            ],
            "95th": [
                0.866,
                0.906
            ],