{
    "Mangrove": {
        "f1-score": {
            "90th": [
                0.9034264778703374,
                0.934
            ],
            "95th": [
                0.9011207446987264,
                0.9372550883471259
            ],
            "99th": [
                0.8951588936728447,
                0.9423486188387582
            ],
            "mean": 0.9188032087571003,
            "median": 0.9188640973630833
        },
        "precision": {
            "90th": [
                0.9436283588120412,
                0.97357991556589
            ],
            "95th": [
                0.9400816491762083,
                0.9762376237623762
            ],
            "99th": [
                0.9356842924768528,
                0.9810526315789474
            ],
            "mean": 0.9595515234161491,
            "median": 0.9600798403193613
        },
        "producer_accuracy": {
            "90th": [
                94.36283588120412,
                97.357991556589
            ],
            "95th": [
                94.00816491762083,
                97.62376237623762
            ],
            "99th": [
                93.56842924768529,
                98.10526315789474
            ],
            "mean": 95.95515234161493,
            "median": 96.00798403193613
        },
        "recall": {
            "90th": [
                0.858225078782108,
                0.9055139982502187
            ],
            "95th": [
                0.854043392504931,
                0.9099626436781609
            ],
            "99th": [
                0.8427169166257413,
                0.9168215045513199
            ],
            "mean": 0.8815099855447946,
            "median": 0.8812746609527293
        },
        "support": {
            "90th": [
                495.0,
                549.0
            ],
            "95th": [
                490.0,
                553.0
            ],
            "99th": [
                480.0,
                562.0
            ],
            "mean": 521.924,
            "median": 522.0
        },
        "user_accuracy": {
            "90th": [
                85.8225078782108,
                90.55139982502186
            ],
            "95th": [
                85.4043392504931,
                90.99626436781608
            ],
            "99th": [
                84.27169166257414,
                91.682150455132
            ],
            "mean": 88.15099855447944,
            "median": 88.12746609527294
        }
    },
    "Other": {
        "f1-score": {
            "90th": [
                0.9033568695435821,
                0.9335905713394903
            ],
            "95th": [
                0.9003935378648339,
                0.9366135710070534
            ],
            "99th": [
                0.8949414317932439,
                0.9409415407549002
            ],
            "mean": 0.918585942375855,
            "median": 0.9185929648241207
        },
        "precision": {
            "90th": [
                0.8579540144435004,
                0.9047619047619048
            ],
            "95th": [
                0.853279172029172,
                0.9090993110401613
            ],
            "99th": [
                0.845840375292708,
                0.9174664107485605
            ],
            "mean": 0.8812043601757127,
            "median": 0.8813394447009166
        },
        "producer_accuracy": {
            "90th": [
                85.79540144435005,
                90.47619047619048
            ],
            "95th": [
                85.3279172029172,
                90.90993110401612
            ],
            "99th": [
                84.58403752927079,
                91.74664107485604
            ],
            "mean": 88.12043601757128,
            "median": 88.13394447009166
        },
        "recall": {
            "90th": [
                0.9433941710856251,
                0.973452230449702
            ],
            "95th": [
                0.9395816532258064,
                0.9759329262699983
            ],
            "99th": [
                0.9347823798627003,
                0.9809328055307761
            ],
            "mean": 0.9594402011451334,
            "median": 0.959830866807611
        },
        "support": {
            "90th": [
                451.0,
                505.0
            ],
            "95th": [
                447.0,
                510.0
            ],
            "99th": [
                438.0,
                520.0
            ],
            "mean": 478.076,
            "median": 478.0
        },
        "user_accuracy": {
            "90th": [
                94.3394171085625,
                97.3452230449702
            ],
            "95th": [
                93.95816532258064,
                97.59329262699983
            ],
            "99th": [
                93.47823798627003,
                98.09328055307762
            ],
            "mean": 95.94402011451335,
            "median": 95.9830866807611
        }
    },
    "accuracy": {
        "90th": [
            0.904,
            0.934
        ],
        "95th": [
            0.901,
            0.9360249999999999
        ],
        "99th": [
            0.896,
            0.9410049999999999
        ],
        "mean": 0.9187730000000001,
        "median": 0.919
    },
    "cohen_kappa": {
        "90th": [
            0.8087701170889252,
            0.8674184679955464
        ],
        "95th": [
            0.802512046367828,
            0.8721892652343576
        ],
        "99th": [
            0.7926339218825711,
            0.8821535875092863
        ],
        "mean": 0.8377009893046163,
        "median": 0.8381611914300541
    },
    "macro avg": {
        "f1-score": {
            "90th": [
                0.9039984639754237,
                0.9335593015831578
            ],
            "95th": [
                0.9009996039636626,
                0.9360168995278954
            ],
            "99th": [
                0.8959183396039127,
                0.941004800866974
            ],
            "mean": 0.9186945755664775,
            "median": 0.9189493433395872
        },
        "precision": {
            "90th": [
                0.9064648711376434,
                0.9346189443519344
            ],
            "95th": [
                0.9030451502687517,
                0.9376647322696408
            ],
            "99th": [
                0.8992692631274968,
                0.9421239152460245
            ],
            "mean": 0.9203779417959309,
            "median": 0.9204276024803244
        },
        "recall": {
            "90th": [
                0.9065632378691925,
                0.9347458185317784
            ],
            "95th": [
                0.9033995130836302,
                0.93745139186705
            ],
            "99th": [
                0.8985777262147485,
                0.9429365309370951
            ],
            "mean": 0.9204750933449641,
            "median": 0.9206786518535323
        }
    },
    "weighted avg": {
        "f1-score": {
            "90th": [
                0.9041224220031845,
                0.9338649354247738
            ],
            "95th": [
                0.9012176927892636,
                0.9361021378486867
            ],
            "99th": [
                0.8958193121556789,
                0.9410804825081338
            ],
            "mean": 0.9187774844150156,
            "median": 0.9189882547938506
        },
        "precision": {
            "90th": [
                0.908922400949497,
                0.9358396887235082
            ],
            "95th": [
                0.905689513542232,
                0.9387286693022397
            ],
            "99th": [
                0.9019880753037758,
                0.9433623094891085
            ],
            "mean": 0.9222391203892722,
            "median": 0.9223669367192378
        },