{
    "Mangrove": {
        "f1-score": 0.9714847590953786,
        "precision": 0.9840637450199203,
        "recall": 0.9592233009708738,
        "support": 515
    },
    "Other": {
        "f1-score": 0.9704984740590031,
        "precision": 0.9578313253012049,
        "recall": 0.9835051546391752,
        "support": 485
    },
    "accuracy": 0.971,
    "accuracy_conf_interval": [
        0.008702668923956608,
        0.010400750665216434,
        0.012364157678548107,
        0.013690784038907347
    ],
    "cls_confidence_intervals": {
        "Mangrove": [
            0.009166356423426203,
            0.010954913774338632,
            0.01302293321133113,
            0.014420243641731466
        ],
        "Other": [
            0.014769597863332285,
            0.01765147061715322,
            0.020983635988758676,
            0.02323509907768128
        ]
    },
    "cohen_kappa": 0.9419930391646998,
    "confusion_matrix": [
        [
            494,
            21
        ],
        [
            8,
            477
        ]
    ],
    "macro avg": {
        "f1-score": 0.9709916165771908,
        "precision": 0.9709475351605625,
        "recall": 0.9713642278050245,
        "support": 1000
    },
    "producer_accuracy": [
        98.40637450199203,
        95.78313253012048
    ],
    "user_accuracy": [
        95.92233009708738,
        98.35051546391752
    ],
    "weighted avg": {
        "f1-score": 0.9710064108527365,
        "precision": 0.9713410214563434,
        "recall": 0.971,
        "support": 1000
    }
}