overall accuracy,0.891
cohen kappa,0.7836116603536858
""
Confidence Interval,90%,95%,98%,99%
Overall Accuracy,0.016162031505971022,0.01931559862908732,0.02296191061519054,0.025425634930125146
""
class,f1-score,precision,recall,support
Mangrove,0.8921859545004944,0.9761904761904762,0.8214936247723132,549
Other,0.8897876643073811,0.8178438661710037,0.975609756097561,451
""
macro avg,0.8909868094039377,0.89701717118074,0.8985516904349371,1000
weighted (pixel) avg,0.8911043256234004,0.9047761550716941,0.891,1000
""
Confidence Interval,90%,95%,98%,99%
Mangrove,0.011632297428866272,0.013902014000352375,0.01652637378613318,0.0182995898576067
Other,0.027290394306418667,0.032615349293036944,0.038772328496314325,0.04293244957960986
""
Point Count Confusion Matrix
,Mangrove,Other,User Acc
Mangrove,451,98,82.14936247723132
Other,11,440,97.5609756097561
Producer,97.61904761904762,81.78438661710037
""
