{
    "Mangrove": {
        "f1-score": 0.9353535353535354,
        "precision": 0.9241516966067864,
        "recall": 0.9468302658486708,
        "support": 489
    },
    "Other": {
        "f1-score": 0.9366336633663366,
        "precision": 0.9478957915831663,
        "recall": 0.9256360078277887,
        "support": 511
    },
    "accuracy": 0.936,
    "accuracy_conf_interval": [
        0.012693218598921231,
        0.015169944179198546,
        0.01803365813139419,
        0.019968599990985842
    ],
    "cls_confidence_intervals": {
        "Mangrove": [
            0.01939856270778783,
            0.023183648114185457,
            0.027560153115332713,
            0.03051725108908086
        ],
        "Other": [
            0.016315871413986074,
            0.019499456080129696,
            0.023180475850358262,
            0.02566765137078297
        ]
    },
    "cohen_kappa": 0.8720056317522029,
    "confusion_matrix": [
        [
            463,
            26
        ],
        [
            38,
            473
        ]
    ],
    "macro avg": {
        "f1-score": 0.935993599359936,
        "precision": 0.9360237440949764,
        "recall": 0.9362331368382297,
        "support": 1000
    },
    "producer_accuracy": [
        92.41516966067864,
        94.78957915831663
    ],
    "user_accuracy": [
        94.68302658486708,
        92.56360078277886
    ],
    "weighted avg": {
        "f1-score": 0.9360076807680767,
        "precision": 0.9362849291397165,
        "recall": 0.936,
        "support": 1000
    }
}