{
    "Mangrove": {
        "f1-score": 0.9524793388429752,
        "precision": 0.9850427350427351,
        "recall": 0.922,
        "support": 500
    },
    "Other": {
        "f1-score": 0.9554263565891473,
        "precision": 0.9266917293233082,
        "recall": 0.986,
        "support": 500
    },
    "accuracy": 0.954,
    "accuracy_conf_interval": [
        0.010864179969054272,
        0.012984019963016081,
        0.015435084956034423,
        0.017091209951317087
    ],
    "cls_confidence_intervals": {
        "Mangrove": [
            0.009201837321437633,
            0.010997317774401074,
            0.013073342048140054,
            0.014476061152017742
        ],
        "Other": [
            0.018532421224870428,
            0.02214850341508905,
            0.02632959844752933,
            0.029154662658637625
        ]
    },
    "cohen_kappa": 0.908,
    "confusion_matrix": [
        [
            461,
            39
        ],
        [
            7,
            493
        ]
    ],
    "macro avg": {
        "f1-score": 0.9539528477160613,
        "precision": 0.9558672321830217,
        "recall": 0.954,
        "support": 1000
    },
    "producer_accuracy": [
        98.50427350427351,
        92.66917293233082
    ],
    "user_accuracy": [
        92.2,
        98.6
    ],
    "weighted avg": {
        "f1-score": 0.9539528477160613,
        "precision": 0.9558672321830216,
        "recall": 0.954,
        "support": 1000
    }
}