{
    "Mangrove": {
        "f1-score": {
            "90th": [
                0.5699739014264389,
                0.635187133902549
            ],
            "95th": [
                0.5635776800038121,
                0.6413891683096608
            ],
            "99th": [
                0.5515469690403967,
                0.6516054995463536
            ],
            "mean": 0.6032191294466931,
            "median": 0.6036809815950921
        },
        "precision": {
            "90th": [
                0.9541666666666667,
                0.988
            ],
            "95th": [
                0.950381679389313,
                0.9911932414135057
            ],
            "99th": [
                0.942746994823199,
                0.995901805944289
            ],
            "mean": 0.9721806794934112,
            "median": 0.9727626459143969
        },
        "producer_accuracy": {
            "90th": [
                95.41666666666667,
                98.8
            ],
            "95th": [
                95.0381679389313,
                99.11932414135057
            ],
            "99th": [
                94.2746994823199,
                99.5901805944289
            ],
            "mean": 97.21806794934112,
            "median": 97.27626459143968
        },
        "recall": {
            "90th": [
                0.4036697247706422,
                0.4715632116598348
            ],
            "95th": [
                0.3967015004035114,
                0.4767857142857143
            ],
            "99th": [
                0.38474475189428664,
                0.4896195561388856
            ],
            "mean": 0.43757056866135335,
            "median": 0.43804537521815007
        },
        "support": {
            "90th": [
                533.0,
                583.0
            ],
            "95th": [
                527.0,
                587.0
            ],
            "99th": [
                519.0,
                595.0049999999999
            ],
            "mean": 558.138,
            "median": 558.0
        },
        "user_accuracy": {
            "90th": [
                40.36697247706422,
                47.15632116598348
            ],
            "95th": [
                39.67015004035114,
                47.67857142857143
            ],
            "99th": [
                38.47447518942867,
                48.961955613888556
            ],
            "mean": 43.757056866135336,
            "median": 43.80453752181501
        }
    },
    "Other": {
        "f1-score": {
            "90th": [
                0.7073160263791479,
                0.7527139822106782
            ],
            "95th": [
                0.7022736670758042,
                0.7578350860294596
            ],
            "99th": [
                0.6932395337568483,
                0.7672206973887967
            ],
            "mean": 0.7303266187659028,
            "median": 0.7305438263522095
        },
        "precision": {
            "90th": [
                0.5525173444121078,
                0.6088856403790974
            ],
            "95th": [
                0.5466612021857923,
                0.6162064356358701
            ],
            "99th": [
                0.5350974976782135,
                0.6279739744170524
            ],
            "mean": 0.5807737210434274,
            "median": 0.5808821952283241
        },
        "producer_accuracy": {
            "90th": [
                55.25173444121078,
                60.888564037909745
            ],
            "95th": [
                54.66612021857923,
                61.620643563587
            ],
            "99th": [
                53.50974976782134,
                62.797397441705236
            ],
            "mean": 58.077372104342736,
            "median": 58.088219522832404
        },
        "recall": {
            "90th": [
                0.9739939898360538,
                0.9932584269662922
            ],
            "95th": [
                0.971894542461912,
                0.9952383780115371
            ],
            "99th": [
                0.9665169986263735,
                0.9977272984951556
            ],
            "mean": 0.9841777203278952,
            "median": 0.9843400447427293
        },
        "support": {
            "90th": [
                417.0,
                467.0
            ],
            "95th": [
                413.0,
                473.0
            ],
            "99th": [
                404.995,
                481.0
            ],
            "mean": 441.862,
            "median": 442.0
        },
        "user_accuracy": {
            "90th": [
                97.39939898360537,
                99.32584269662922
            ],
            "95th": [
                97.1894542461912,
                99.5238378011537
            ],
            "99th": [
                96.65169986263736,
                99.77272984951556
            ],
            "mean": 98.41777203278953,
            "median": 98.43400447427292
        }
    },
    "accuracy": {
        "90th": [
            0.65595,
            0.703
        ],
        "95th": [
            0.651,
            0.707
        ],
        "99th": [
            0.637995,
            0.717
        ],
        "mean": 0.679096,
        "median": 0.679
    },
    "cohen_kappa": {
        "90th": [
            0.35749567987963576,
            0.42964855901750915
        ],
        "95th": [
            0.3512914977547381,
            0.43708840054509007
        ],
        "99th": [
            0.33380761903337,
            0.44837655858752384
        ],
        "mean": 0.39321793912783465,
        "median": 0.39317190409417274
    },
    "macro avg": {
        "f1-score": {
            "90th": [
                0.642764677112168,
                0.6912380178002188
            ],
            "95th": [
                0.6381626525144686,
                0.6952968550390553
            ],
            "99th": [
                0.6249837111540828,
                0.7023820487557986
            ],
            "mean": 0.666772874106298,
            "median": 0.667034680966651
        },
        "precision": {
            "90th": [
                0.7597320930451492,
                0.7930419292865669
            ],
            "95th": [
                0.7563001149712913,
                0.7965067906252118
            ],
            "99th": [
                0.7485168181831073,
                0.8020032663730872
            ],
            "mean": 0.7764772002684194,
            "median": 0.7762917468042876
        },
        "recall": {
            "90th": [
                0.6934788533429751,
                0.7282634530791487
            ],
            "95th": [
                0.6903776590906255,
                0.7315699124103364
            ],
            "99th": [
                0.6828853024820062,
                0.7388766903991871
            ],
            "mean": 0.7108741444946243,
            "median": 0.7107970984672953
        }
    },
    "weighted avg": {
        "f1-score": {
            "90th": [
                0.6334963255179515,
                0.6860444415678902
            ],
            "95th": [
                0.6284900130316675,
                0.6903774691075932
            ],
            "99th": [
                0.6143043904674081,
                0.6986490275275545
            ],
            "mean": 0.6595680793036487,
            "median": 0.6598966774424656
        },
        "precision": {
            "90th": [
                0.786317829507327,
                0.8119560922716627
            ],
            "95th": [
                0.7833224170016889,
                0.813799354737114
            ],
            "99th": [
                0.7782146126253477,
                0.8181714208639238
            ],
            "mean": 0.7994850373378638,
            "median": 0.7997830013462749
        },