{
    "Mangrove": {
        "f1-score": 0.6032138442521633,
        "precision": 0.9721115537848606,
        "recall": 0.43727598566308246,
        "support": 1116
    },
    "Other": {
        "f1-score": 0.7304785894206549,
        "precision": 0.5807743658210948,
        "recall": 0.9841628959276018,
        "support": 884
    },
    "accuracy": 0.679,
    "accuracy_conf_interval": [
        0.0171204924929162,
        0.02046107639397302,
        0.02432362652956997,
        0.026933457702270607
    ],
    "cls_confidence_intervals": {
        "Mangrove": [
            0.012052085421827133,
            0.01440371184559828,
            0.01712277989808367,
            0.01895998804165488
        ],
        "Other": [
            0.020908148508174625,
            0.024987787241476992,
            0.029704869526857854,
            0.03289208728725033
        ]
    },
    "cohen_kappa": 0.3930616165359512,
    "confusion_matrix": [
        [
            488,
            628
        ],
        [
            14,
            870
        ]
    ],
    "macro avg": {
        "f1-score": 0.6668462168364091,
        "precision": 0.7764429598029776,
        "recall": 0.7107194407953421,
        "support": 2000
    },
    "producer_accuracy": [
        97.21115537848605,
        58.07743658210948
    ],
    "user_accuracy": [
        43.727598566308245,
        98.41628959276018
    ],
    "weighted avg": {
        "f1-score": 0.6594648616166366,
        "precision": 0.7991405167048761,
        "recall": 0.679,
        "support": 2000
    }
}