{
    "Mangrove": {
        "f1-score": {
            "90th": [
                0.9898363634858344,
                0.9979674796747968
            ],
            "95th": [
                0.9888097660223805,
                0.998062015503876
            ],
            "99th": [
                0.9866922856335808,
                0.9990557395363684
            ],
            "mean": 0.9940248663993455,
            "median": 0.9941176470588236
        },
        "precision": {
            "90th": [
                0.9915424445479629,
                1.0
            ],
            "95th": [
                0.9899193548387096,
                1.0
            ],
            "99th": [
                0.9881420572181442,
                1.0
            ],
            "mean": 0.9959778455607504,
            "median": 0.996039603960396
        },
        "producer_accuracy": {
            "90th": [
                99.15424445479628,
                100.0
            ],
            "95th": [
                98.99193548387096,
                100.0
            ],
            "99th": [
                98.81420572181442,
                100.0
            ],
            "mean": 99.59778455607506,
            "median": 99.60396039603961
        },
        "recall": {
            "90th": [
                0.9854166666666667,
                0.9980314960629921
            ],
            "95th": [
                0.9839663229880283,
                0.9981132075471698
            ],
            "99th": [
                0.9803518664047152,
                1.0
            ],
            "mean": 0.9920910009607975,
            "median": 0.9921414538310412
        },
        "support": {
            "90th": [
                477.0,
                528.0
            ],
            "95th": [
                472.0,
                531.0
            ],
            "99th": [
                460.995,
                540.0049999999999
            ],
            "mean": 502.826,
            "median": 503.0
        },
        "user_accuracy": {
            "90th": [
                98.54166666666667,
                99.80314960629921
            ],
            "95th": [
                98.39663229880283,
                99.81132075471699
            ],
            "99th": [
                98.03518664047151,
                100.0
            ],
            "mean": 99.20910009607974,
            "median": 99.21414538310412
        }
    },
    "Other": {
        "f1-score": {
            "90th": [
                0.9897519901504419,
                0.9979635470998294
            ],
            "95th": [
                0.9888097660223805,
                0.9980657640232108
            ],
            "99th": [
                0.9868539142564068,
                0.9990467292596305
            ],
            "mean": 0.9939836643548869,
            "median": 0.994047619047619
        },
        "precision": {
            "90th": [
                0.9853862212943633,
                0.99800796812749
            ],
            "95th": [
                0.9838048468026048,
                0.9981203889178858
            ],
            "99th": [
                0.9803516660039135,
                1.0
            ],
            "mean": 0.9920346297988631,
            "median": 0.9921104536489151
        },
        "producer_accuracy": {
            "90th": [
                98.53862212943632,
                99.800796812749
            ],
            "95th": [
                98.38048468026048,
                99.81203889178857
            ],
            "99th": [
                98.03516660039135,
                100.0
            ],
            "mean": 99.20346297988631,
            "median": 99.21104536489152
        },
        "recall": {
            "90th": [
                0.9914893617021276,
                1.0
            ],
            "95th": [
                0.9899396378269618,
                1.0
            ],
            "99th": [
                0.9879515643218033,
                1.0
            ],
            "mean": 0.9959521373909894,
            "median": 0.9960079840319361
        },
        "support": {
            "90th": [
                472.0,
                523.0
            ],
            "95th": [
                469.0,
                528.0
            ],
            "99th": [
                459.995,
                539.0049999999999
            ],
            "mean": 497.174,
            "median": 497.0
        },
        "user_accuracy": {
            "90th": [
                99.14893617021276,
                100.0
            ],
            "95th": [
                98.99396378269618,
                100.0
            ],
            "99th": [
                98.79515643218032,
                100.0
            ],
            "mean": 99.59521373909892,
            "median": 99.60079840319361
        }
    },
    "accuracy": {
        "90th": [
            0.99,
            0.998
        ],
        "95th": [
            0.989,
            0.998
        ],
        "99th": [
            0.987,
            0.999
        ],
        "mean": 0.99401,
        "median": 0.994
    },
    "cohen_kappa": {
        "90th": [
            0.9799746198122857,
            0.9959953714503192
        ],
        "95th": [
            0.9779819672234203,
            0.995999935998976
        ],
        "99th": [
            0.9739717435620207,
            0.997999983999872
        ],
        "mean": 0.9880086737911958,
        "median": 0.987998319764767
    },
    "macro avg": {
        "f1-score": {
            "90th": [
                0.9899869489788661,
                0.9979976853242347
            ],
            "95th": [
                0.9889907081538138,
                0.997999967999488
            ],
            "99th": [
                0.986985754525507,
                0.998999990999919
            ],
            "mean": 0.9940042653771161,
            "median": 0.993999135875566
        },
        "precision": {
            "90th": [
                0.9899404677099573,
                0.9979974046364088
            ],
            "95th": [
                0.988948536950795,
                0.9980394071691177
            ],
            "99th": [
                0.9869747816205348,
                0.9990601591925404
            ],
            "mean": 0.9940062376798069,
            "median": 0.994007904126466
        },
        "recall": {
            "90th": [
                0.98995899589959,
                0.9979880387742999
            ],
            "95th": [
                0.9889554998937147,
                0.9980160690758517
            ],
            "99th": [
                0.9869054413137544,
                0.9990366457041597
            ],
            "mean": 0.9940215691758935,
            "median": 0.9940268292585346
        }
    },
    "weighted avg": {
        "f1-score": {
            "90th": [
                0.9899994398902184,
                0.9979999759991359
            ],
            "95th": [
                0.9889994126411528,
                0.9980000244009424
            ],
            "99th": [
                0.9869985025023925,
                0.9990000370909254
            ],
            "mean": 0.9940100543460341,
            "median": 0.994000144020739
        },
        "precision": {
            "90th": [
                0.9900083205325141,
                0.998
            ],
            "95th": [
                0.9890166801443298,
                0.9980080329382045
            ],
            "99th": [
                0.9870168974347363,
                0.9990020747756039
            ],
            "mean": 0.9940293447736788,
            "median": 0.9940290025590403
        },
        "recall": {
            "90th": [
                0.99,
                0.998
            ],
            "95th": [
                0.989,
                0.998
            ],