overall accuracy,0.993
cohen kappa,0.9860002239964161
""
Confidence Interval,90%,95%,98%,99%
Overall Accuracy,0.00432381886762154,0.005167490841791597,0.006142986561925724,0.006802105291746081
""
class,f1-score,precision,recall,support
Mangrove,0.9929789368104313,0.9880239520958084,0.9979838709677419,496
Other,0.9930209371884348,0.9979959919839679,0.9880952380952381,504
""
macro avg,0.992999936999433,0.9930099720398882,0.9930395545314901,1000
weighted (pixel) avg,0.993000105000945,0.9930498601994407,0.993,1000
""
Confidence Interval,90%,95%,98%,99%
Mangrove,0.007970131444612854,0.009525279043561702,0.01132341845484631,0.012538377516525099
Other,0.0032832783352926124,0.0039239180104716585,0.0046646576348974315,0.005165157381131062
""
Point Count Confusion Matrix
,Mangrove,Other,User Acc
Mangrove,495,1,99.79838709677419
Other,6,498,98.80952380952381
Producer,98.80239520958084,99.79959919839679
""
