overall accuracy,0.965
cohen kappa,0.930001679959681
""
Confidence Interval,90%,95%,98%,99%
Overall Accuracy,0.009531067096605714,0.011390787505699513,0.013541089228714217,0.014993995798318747
""
class,f1-score,precision,recall,support
Mangrove,0.9648241206030151,0.9580838323353293,0.97165991902834,494
Other,0.9651741293532339,0.9719438877755511,0.958498023715415,506
""
macro avg,0.9649991249781245,0.9650138600554402,0.9650789713718775,1000
weighted (pixel) avg,0.9650012250306258,0.9650970203880815,0.965,1000
""
Confidence Interval,90%,95%,98%,99%
Mangrove,0.014683092180498514,0.017548085776693347,0.02086073462229362,0.023099010869320834
Other,0.012123497207192984,0.014489057637864787,0.01722423688582906,0.019072330972291406
""
Point Count Confusion Matrix
,Mangrove,Other,User Acc
Mangrove,480,14,97.16599190283401
Other,21,485,95.8498023715415
Producer,95.80838323353294,97.1943887775551
""
