{
    "Mangrove": {
        "f1-score": {
            "90th": [
                0.9544993874417533,
                0.9739320141847824
            ],
            "95th": [
                0.9524642696220644,
                0.9758000568756195
            ],
            "99th": [
                0.9481327062130915,
                0.9783228120613782
            ],
            "mean": 0.9646999575106174,
            "median": 0.964878491123894
        },
        "precision": {
            "90th": [
                0.9429631597856352,
                0.9718338141297586
            ],
            "95th": [
                0.9390944702669031,
                0.9748559439314358
            ],
            "99th": [
                0.9337276196419142,
                0.9784315835923411
            ],
            "mean": 0.9581901371166393,
            "median": 0.958498023715415
        },
        "producer_accuracy": {
            "90th": [
                94.29631597856351,
                97.18338141297585
            ],
            "95th": [
                93.9094470266903,
                97.48559439314359
            ],
            "99th": [
                93.37276196419143,
                97.84315835923411
            ],
            "mean": 95.81901371166393,
            "median": 95.8498023715415
        },
        "recall": {
            "90th": [
                0.9589308317628196,
                0.9833002783576896
            ],
            "95th": [
                0.9556938608933015,
                0.9849470441644746
            ],
            "99th": [
                0.9503104972648581,
                0.9877301865531488
            ],
            "mean": 0.9713660203894824,
            "median": 0.9715447154471545
        },
        "support": {
            "90th": [
                468.0,
                521.0
            ],
            "95th": [
                465.0,
                527.0
            ],
            "99th": [
                459.0,
                537.0049999999999
            ],
            "mean": 494.06,
            "median": 494.0
        },
        "user_accuracy": {
            "90th": [
                95.89308317628195,
                98.33002783576896
            ],
            "95th": [
                95.56938608933017,
                98.49470441644746
            ],
            "99th": [
                95.03104972648582,
                98.77301865531489
            ],
            "mean": 97.13660203894823,
            "median": 97.15447154471545
        }
    },
    "Other": {
        "f1-score": {
            "90th": [
                0.9552238805970149,
                0.9743083003952568
            ],
            "95th": [
                0.9526747417104919,
                0.9757597716293369
            ],
            "99th": [
                0.9492518389646858,
                0.9787238336518023
            ],
            "mean": 0.9650584230029965,
            "median": 0.9651455864402589
        },
        "precision": {
            "90th": [
                0.9591836734693877,
                0.983640081799591
            ],
            "95th": [
                0.9561709163346614,
                0.9850777823356789
            ],
            "99th": [
                0.9508195107783658,
                0.9881890923997958
            ],
            "mean": 0.9716554606745063,
            "median": 0.971981308411215
        },
        "producer_accuracy": {
            "90th": [
                95.91836734693877,
                98.3640081799591
            ],
            "95th": [
                95.61709163346613,
                98.50777823356789
            ],
            "99th": [
                95.08195107783658,
                98.81890923997958
            ],
            "mean": 97.16554606745063,
            "median": 97.1981308411215
        },
        "recall": {
            "90th": [
                0.9432014874915483,
                0.9725752846656263
            ],
            "95th": [
                0.9403556502985938,
                0.9748074198191714
            ],
            "99th": [
                0.9338663284823918,
                0.9783551484533802
            ],
            "mean": 0.9586147879670361,
            "median": 0.9589322381930184
        },
        "support": {
            "90th": [
                479.0,
                532.0
            ],
            "95th": [
                473.0,
                535.0
            ],
            "99th": [
                462.995,
                541.0
            ],
            "mean": 505.94,
            "median": 506.0
        },
        "user_accuracy": {
            "90th": [
                94.32014874915484,
                97.25752846656263
            ],
            "95th": [
                94.03556502985937,
                97.48074198191713
            ],
            "99th": [
                93.38663284823917,
                97.83551484533803
            ],
            "mean": 95.86147879670362,
            "median": 95.89322381930184
        }
    },
    "accuracy": {
        "90th": [
            0.955,
            0.974
        ],
        "95th": [
            0.953,
            0.976
        ],
        "99th": [
            0.9499949999999999,
            0.979
        ],
        "mean": 0.9649139999999999,
        "median": 0.965
    },
    "cohen_kappa": {
        "90th": [
            0.9099443816457212,
            0.9479866533638267
        ],
        "95th": [
            0.9059203896925647,
            0.9519539911311048
        ],
        "99th": [
            0.899638604387203,
            0.9578942869780918
        ],
        "mean": 0.9297642739552527,
        "median": 0.9299798341922474
    },
    "macro avg": {
        "f1-score": {
            "90th": [
                0.9549671710677083,
                0.9739916617210338
            ],
            "95th": [
                0.9529546388439648,
                0.9759754733517324
            ],
            "99th": [
                0.9498030207455472,
                0.9789454337766498
            ],
            "mean": 0.9648791902568071,
            "median": 0.9649873604371177
        },
        "precision": {
            "90th": [
                0.9550013647213161,
                0.974
            ],
            "95th": [
                0.953017366769467,
                0.975853655440307
            ],
            "99th": [
                0.9492173090953091,
                0.9785854571622168
            ],
            "mean": 0.9649227988955728,
            "median": 0.9650238600954404
        },
        "recall": {
            "90th": [
                0.9550841445031599,
                0.9740804927167346
            ],
            "95th": [
                0.9529195255913893,
                0.9759939864652873
            ],
            "99th": [
                0.9497790513687601,
                0.9789453090853385
            ],
            "mean": 0.9649904041782593,
            "median": 0.9650292451539221
        }
    },
    "weighted avg": {
        "f1-score": {
            "90th": [
                0.9550024120637038,
                0.974001170531591
            ],
            "95th": [
                0.9529982397534664,
                0.975998125
            ],
            "99th": [
                0.9499824207279518,
                0.9789971717140178
            ],
            "mean": 0.9649153157511623,
            "median": 0.965000420092005
        },
        "precision": {
            "90th": [
                0.9551610353300813,
                0.9741280833037328
            ],
            "95th": [
                0.9530793730519831,
                0.9760313287117452
            ],
            "99th": [
                0.9500454142916763,
                0.9790188940667648
            ],
            "mean": 0.9650711465826547,
            "median": 0.965110322329312
        },