{
    "Mangrove": {
        "f1-score": 0.962962962962963,
        "precision": 0.9794520547945206,
        "recall": 0.9470198675496688,
        "support": 604
    },
    "Other": {
        "f1-score": 0.9636963696369636,
        "precision": 0.948051948051948,
        "recall": 0.9798657718120806,
        "support": 596
    },
    "accuracy": 0.9633333333333334,
    "accuracy_conf_interval": [
        0.008897689254748898,
        0.010633823743480389,
        0.012641229246076179,
        0.013997584315397656
    ],
    "cls_confidence_intervals": {
        "Mangrove": [
            0.009627493072562547,
            0.011506028306233288,
            0.013678084670165083,
            0.015145690321470348
        ],
        "Other": [
            0.014664058770416866,
            0.017525338530498206,
            0.020833693253092256,
            0.023069068065655805
        ]
    },
    "cohen_kappa": 0.9266797013864202,
    "confusion_matrix": [
        [
            572,
            32
        ],
        [
            12,
            584
        ]
    ],
    "macro avg": {
        "f1-score": 0.9633296662999633,
        "precision": 0.9637520014232344,
        "recall": 0.9634428196808746,
        "support": 1200
    },
    "producer_accuracy": [
        97.94520547945206,
        94.8051948051948
    ],
    "user_accuracy": [
        94.70198675496688,
        97.98657718120806
    ],
    "weighted avg": {
        "f1-score": 0.96332722161105,
        "precision": 0.9638566684457097,
        "recall": 0.9633333333333334,
        "support": 1200
    }
}