{
    "Mangrove": {
        "f1-score": {
            "90th": [
                0.9041344549928952,
                0.9338886472379295
            ],
            "95th": [
                0.9008236970994019,
                0.9364322873138409
            ],
            "99th": [
                0.8952502513606037,
                0.9415269229949899
            ],
            "mean": 0.9192510878979281,
            "median": 0.9194405906945129
        },
        "precision": {
            "90th": [
                0.9437471846846847,
                0.9740561979489297
            ],
            "95th": [
                0.9393305439330544,
                0.9764982269503546
            ],
            "99th": [
                0.9333319386331939,
                0.9807702471946658
            ],
            "mean": 0.9596171565493365,
            "median": 0.96
        },
        "producer_accuracy": {
            "90th": [
                94.37471846846847,
                97.40561979489297
            ],
            "95th": [
                93.93305439330544,
                97.64982269503545
            ],
            "99th": [
                93.33319386331938,
                98.07702471946656
            ],
            "mean": 95.96171565493366,
            "median": 96.0
        },
        "recall": {
            "90th": [
                0.8579234983071481,
                0.9056658200290276
            ],
            "95th": [
                0.854541041482789,
                0.9097791173335638
            ],
            "99th": [
                0.8447285014159983,
                0.9183316826502619
            ],
            "mean": 0.8822841441284666,
            "median": 0.8826923076923077
        },
        "support": {
            "90th": [
                497.0,
                548.0
            ],
            "95th": [
                492.0,
                552.0
            ],
            "99th": [
                482.0,
                563.0049999999999
            ],
            "mean": 522.6755,
            "median": 523.0
        },
        "user_accuracy": {
            "90th": [
                85.79234983071481,
                90.56658200290276
            ],
            "95th": [
                85.4541041482789,
                90.97791173335638
            ],
            "99th": [
                84.47285014159984,
                91.83316826502619
            ],
            "mean": 88.22841441284665,
            "median": 88.26923076923077
        }
    },
    "Other": {
        "f1-score": {
            "90th": [
                0.9034994697773066,
                0.9330843932157206
            ],
            "95th": [
                0.9005235602094241,
                0.9362600004841384
            ],
            "99th": [
                0.8949494556459537,
                0.9433597498421719
            ],
            "mean": 0.9187341766461328,
            "median": 0.9189189189189189
        },
        "precision": {
            "90th": [
                0.8577303510781535,
                0.9050279329608939
            ],
            "95th": [
                0.8531746031746031,
                0.9092705980913528
            ],
            "99th": [
                0.8443573406165819,
                0.9181641090442688
            ],
            "mean": 0.8815581797711134,
            "median": 0.8818011257035647
        },
        "producer_accuracy": {
            "90th": [
                85.77303510781535,
                90.5027932960894
            ],
            "95th": [
                85.31746031746032,
                90.92705980913529
            ],
            "99th": [
                84.43573406165818,
                91.81641090442687
            ],
            "mean": 88.15581797711135,
            "median": 88.18011257035647
        },
        "recall": {
            "90th": [
                0.9433538328644814,
                0.9738581778092763
            ],
            "95th": [
                0.9394494742681466,
                0.9767441860465116
            ],
            "99th": [
                0.9331911050643897,
                0.9809341813770307
            ],
            "mean": 0.9593515317877943,
            "median": 0.9597457627118644
        },
        "support": {
            "90th": [
                452.0,
                503.0
            ],
            "95th": [
                448.0,
                508.0
            ],
            "99th": [
                436.995,
                518.0
            ],
            "mean": 477.3245,
            "median": 477.0
        },
        "user_accuracy": {
            "90th": [
                94.33538328644813,
                97.38581778092762
            ],
            "95th": [
                93.94494742681466,
                97.67441860465115
            ],
            "99th": [
                93.31911050643897,
                98.09341813770308
            ],
            "mean": 95.93515317877944,
            "median": 95.97457627118644
        }
    },
    "accuracy": {
        "90th": [
            0.905,
            0.933
        ],
        "95th": [
            0.902,
            0.936
        ],
        "99th": [
            0.895995,
            0.942
        ],
        "mean": 0.9190665,
        "median": 0.919
    },
    "cohen_kappa": {
        "90th": [
            0.8101047180131885,
            0.8661447243204065
        ],
        "95th": [
            0.8040611324376199,
            0.872132278608767
        ],
        "99th": [
            0.792371378006268,
            0.8839332941049332
        ],
        "mean": 0.8382922814832497,
        "median": 0.8382613695854118
    },
    "macro avg": {
        "f1-score": {
            "90th": [
                0.9048034925822962,
                0.9329945725603774
            ],
            "95th": [
                0.901857496840017,
                0.9359997503990016
            ],
            "99th": [
                0.8959846378397684,
                0.9419073488893706
            ],
            "mean": 0.9189926322720304,
            "median": 0.9189901978139354
        },
        "precision": {
            "90th": [
                0.9065457539838533,
                0.9342832123193202
            ],
            "95th": [
                0.9036877104284059,
                0.9373552844102483
            ],
            "99th": [
                0.8973767529022686,
                0.9425554053753117
            ],
            "mean": 0.9205876681602249,
            "median": 0.9206220622062206
        },
        "recall": {
            "90th": [
                0.9070429851199514,
                0.9345107066206734
            ],
            "95th": [
                0.9037189645947108,
                0.9373945735949102
            ],
            "99th": [
                0.8974754297213984,
                0.9418985815488592
            ],
            "mean": 0.9208178379581304,
            "median": 0.9208065147514295
        }
    },
    "weighted avg": {
        "f1-score": {
            "90th": [
                0.9048994236501239,
                0.9330360389435126
            ],
            "95th": [
                0.9018425399102659,
                0.936090541482837
            ],
            "99th": [
                0.8960406538815286,
                0.9419259013963325
            ],
            "mean": 0.9190775057358221,
            "median": 0.9190573649900247
        },
        "precision": {
            "90th": [
                0.9091178221035926,
                0.9355948397387481
            ],
            "95th": [
                0.9062006640005072,
                0.9385250790747046
            ],
            "99th": [
                0.8995641624535672,
                0.9430144537322763
            ],
            "mean": 0.922501827960039,
            "median": 0.9225718755404994
        },