overall accuracy,0.812
cohen kappa,0.6319902281660585
""
Confidence Interval,90%,95%,98%,99%
Overall Accuracy,0.020262862028844787,0.024216591205204745,0.02878809056537095,0.03187694148440217
""
class,f1-score,precision,recall,support
Mangrove,0.8246268656716419,0.973568281938326,0.7152103559870551,618
Other,0.7974137931034482,0.6776556776556777,0.9685863874345549,382
""
macro avg,0.8110203293875451,0.8256119797970018,0.8418983717108051,1000
weighted (pixel) avg,0.8142314719505919,0.8605296671023543,0.812,1000
""
Confidence Interval,90%,95%,98%,99%
Mangrove,0.01234701075551916,0.014756183585864361,0.017541789670951,0.01942395594465819
Other,0.0328028879096142,0.03920345140417307,0.04660410294475676,0.051604543174880876
""
Point Count Confusion Matrix
,Mangrove,Other,User Acc
Mangrove,442,176,71.52103559870551
Other,12,370,96.8586387434555
Producer,97.3568281938326,67.76556776556777
""
