overall accuracy,0.981
cohen kappa,0.9620033437057539
""
Confidence Interval,90%,95%,98%,99%
Overall Accuracy,0.007080356940154927,0.008461890001648572,0.010059287604000598,0.011138610308292508
""
class,f1-score,precision,recall,support
Mangrove,0.9808274470232089,0.9681274900398407,0.9938650306748467,489
Other,0.981169474727453,0.9939759036144579,0.9686888454011742,511
""
macro avg,0.9809984608753309,0.9810516968271492,0.9812769380380104,1000
weighted (pixel) avg,0.9810022231800777,0.98133602937647,0.981,1000
""
Confidence Interval,90%,95%,98%,99%
Mangrove,0.012857792070222415,0.015366629547338985,0.018267472880255018,0.02022750215925234
Other,0.005686735916495694,0.006796342924592414,0.008079326027704248,0.00894620650277981
""
Point Count Confusion Matrix
,Mangrove,Other,User Acc
Mangrove,486,3,99.38650306748467
Other,16,495,96.86888454011742
Producer,96.81274900398407,99.3975903614458
""
