{
    "Mangrove": {
        "f1-score": {
            "90th": [
                0.9731931072676152,
                0.9878800097751711
            ],
            "95th": [
                0.9716584819045584,
                0.9889097527423946
            ],
            "99th": [
                0.9685036263958129,
                0.9909000821727828
            ],
            "mean": 0.980942693332812,
            "median": 0.9811705114223039
        },
        "precision": {
            "90th": [
                0.9551877148039715,
                0.9806238963215707
            ],
            "95th": [
                0.9524728901461574,
                0.982249394306481
            ],
            "99th": [
                0.9459952098898387,
                0.9855985839992742
            ],
            "mean": 0.968364711429942,
            "median": 0.9686888454011742
        },
        "producer_accuracy": {
            "90th": [
                95.51877148039713,
                98.06238963215708
            ],
            "95th": [
                95.24728901461575,
                98.22493943064809
            ],
            "99th": [
                94.59952098898387,
                98.55985839992742
            ],
            "mean": 96.8364711429942,
            "median": 96.86888454011742
        },
        "recall": {
            "90th": [
                0.9876288659793815,
                1.0
            ],
            "95th": [
                0.9859147830531577,
                1.0
            ],
            "99th": [
                0.9837395055583209,
                1.0
            ],
            "mean": 0.9938896669828464,
            "median": 0.993963782696177
        },
        "support": {
            "90th": [
                464.0,
                516.0
            ],
            "95th": [
                460.0,
                522.0
            ],
            "99th": [
                451.0,
                532.0
            ],
            "mean": 489.301,
            "median": 489.0
        },
        "user_accuracy": {
            "90th": [
                98.76288659793815,
                100.0
            ],
            "95th": [
                98.59147830531577,
                100.0
            ],
            "99th": [
                98.3739505558321,
                100.0
            ],
            "mean": 99.38896669828462,
            "median": 99.3963782696177
        }
    },
    "Other": {
        "f1-score": {
            "90th": [
                0.9738955823293173,
                0.9879032258064516
            ],
            "95th": [
                0.9722758525852586,
                0.9889895389895389
            ],
            "99th": [
                0.9691986463607125,
                0.9910627388694568
            ],
            "mean": 0.9812654878033038,
            "median": 0.9814432989690722
        },
        "precision": {
            "90th": [
                0.9877800407331976,
                1.0
            ],
            "95th": [
                0.986299347427462,
                1.0
            ],
            "99th": [
                0.9838709677419355,
                1.0
            ],
            "mean": 0.9939955031565676,
            "median": 0.9940711462450593
        },
        "producer_accuracy": {
            "90th": [
                98.77800407331976,
                100.0
            ],
            "95th": [
                98.6299347427462,
                100.0
            ],
            "99th": [
                98.38709677419355,
                100.0
            ],
            "mean": 99.39955031565675,
            "median": 99.40711462450594
        },
        "recall": {
            "90th": [
                0.956104873997892,
                0.9808447433389742
            ],
            "95th": [
                0.9532163742690059,
                0.9826254826254827
            ],
            "99th": [
                0.9481036580684784,
                0.9856863650922709
            ],
            "mean": 0.9688922512187177,
            "median": 0.9691358024691358
        },
        "support": {
            "90th": [
                484.0,
                536.0
            ],
            "95th": [
                478.0,
                540.0
            ],
            "99th": [
                468.0,
                549.0
            ],
            "mean": 510.699,
            "median": 511.0
        },
        "user_accuracy": {
            "90th": [
                95.61048739978919,
                98.08447433389742
            ],
            "95th": [
                95.32163742690058,
                98.26254826254826
            ],
            "99th": [
                94.81036580684783,
                98.56863650922709
            ],
            "mean": 96.88922512187177,
            "median": 96.91358024691358
        }
    },
    "accuracy": {
        "90th": [
            0.974,
            0.988
        ],
        "95th": [
            0.972,
            0.989
        ],
        "99th": [
            0.9689949999999999,
            0.991
        ],
        "mean": 0.981124,
        "median": 0.981
    },
    "cohen_kappa": {
        "90th": [
            0.9479027949528798,
            0.9759871194849761
        ],
        "95th": [
            0.9440051515260596,
            0.9779866334833013
        ],
        "99th": [
            0.937970868266784,
            0.9819987039066813
        ],
        "mean": 0.9622158281937054,
        "median": 0.9620033437057539
    },
    "macro avg": {
        "f1-score": {
            "90th": [
                0.9739388701542674,
                0.9879931392749521
            ],
            "95th": [
                0.9719864414376558,
                0.9889920037886482
            ],
            "99th": [
                0.9689690061544071,
                0.990998910868215
            ],
            "mean": 0.981104090568058,
            "median": 0.9809984608753309
        },
        "precision": {
            "90th": [
                0.9736001189763717,
                0.9879921519686079
            ],
            "95th": [
                0.9721571472881957,
                0.9890002489009956
            ],
            "99th": [
                0.9688670131864531,
                0.9909720860922996
            ],
            "mean": 0.9811801072932547,
            "median": 0.9814088313415218
        },
        "recall": {
            "90th": [
                0.9741662072963397,
                0.988
            ],
            "95th": [
                0.9725940563439134,
                0.9890198896066952
            ],
            "99th": [
                0.9694852209633328,
                0.991123123892141
            ],
            "mean": 0.981390959100782,
            "median": 0.9816007740410977
        }
    },
    "weighted avg": {
        "f1-score": {
            "90th": [
                0.9739958129646266,
                0.9879992343520067
            ],
            "95th": [
                0.9720089230636038,
                0.9889999482999482
            ],
            "99th": [
                0.9689970842781302,
                0.9910005676580648
            ],
            "mean": 0.9811261794456144,
            "median": 0.9810094152532107
        },
        "precision": {
            "90th": [
                0.9743775197878125,
                0.9881167241924097
            ],
            "95th": [
                0.9728852225367098,
                0.9890971490669949
            ],
            "99th": [
                0.9698550241210108,
                0.9910985237311482
            ],
            "mean": 0.9814903896503501,
            "median": 0.9815518494847232
        },
        "recall": {
            "90th": [
                0.974,
                0.988
            ],
            "95th": [
                0.972,
                0.989
            ],