{
    "Mangrove": {
        "f1-score": {
            "90th": [
                0.9626710904955612,
                0.9800816614258671
            ],
            "95th": [
                0.9604845808004052,
                0.9816786520685843
            ],
            "99th": [
                0.9574460690063175,
                0.9846173612254983
            ],
            "mean": 0.9716482057184341,
            "median": 0.9717741935483872
        },
        "precision": {
            "90th": [
                0.9467119785749066,
                0.975609756097561
            ],
            "95th": [
                0.9443314153540296,
                0.9780010978043912
            ],
            "99th": [
                0.9405516378525933,
                0.9820725971852236
            ],
            "mean": 0.9617818366653234,
            "median": 0.9619344397039322
        },
        "producer_accuracy": {
            "90th": [
                94.67119785749067,
                97.5609756097561
            ],
            "95th": [
                94.43314153540295,
                97.80010978043912
            ],
            "99th": [
                94.05516378525932,
                98.20725971852235
            ],
            "mean": 96.17818366653233,
            "median": 96.19344397039322
        },
        "recall": {
            "90th": [
                0.9710743801652892,
                0.9915611814345991
            ],
            "95th": [
                0.9689424885956548,
                0.9920956397248764
            ],
            "99th": [
                0.9648703551826383,
                0.9959018471718818
            ],
            "mean": 0.9817772878459495,
            "median": 0.9818548387096774
        },
        "support": {
            "90th": [
                464.0,
                517.0
            ],
            "95th": [
                458.975,
                521.0249999999999
            ],
            "99th": [
                449.0,
                529.0099999999998
            ],
            "mean": 491.0495,
            "median": 491.0
        },
        "user_accuracy": {
            "90th": [
                97.10743801652893,
                99.15611814345992
            ],
            "95th": [
                96.89424885956548,
                99.20956397248763
            ],
            "99th": [
                96.48703551826382,
                99.59018471718818
            ],
            "mean": 98.17772878459495,
            "median": 98.18548387096774
        }
    },
    "Other": {
        "f1-score": {
            "90th": [
                0.963033263033263,
                0.9804706536306044
            ],
            "95th": [
                0.9607828327705705,
                0.9819277108433734
            ],
            "99th": [
                0.9566951397880401,
                0.9857434388798951
            ],
            "mean": 0.9720687411781862,
            "median": 0.9722355130249867
        },
        "precision": {
            "90th": [
                0.97165991902834,
                0.9918041167990881
            ],
            "95th": [
                0.9691109740078812,
                0.9923823926546044
            ],
            "99th": [
                0.9648758716425619,
                0.9958593410525778
            ],
            "mean": 0.9820394349165247,
            "median": 0.9822485207100592
        },
        "producer_accuracy": {
            "90th": [
                97.16599190283401,
                99.18041167990881
            ],
            "95th": [
                96.91109740078812,
                99.23823926546044
            ],
            "99th": [
                96.48758716425618,
                99.58593410525778
            ],
            "mean": 98.20394349165247,
            "median": 98.22485207100591
        },
        "recall": {
            "90th": [
                0.9475681243371135,
                0.976
            ],
            "95th": [
                0.9450096831373365,
                0.9788053949903661
            ],
            "99th": [
                0.9406908491671133,
                0.9824907803927175
            ],
            "mean": 0.9623523445381208,
            "median": 0.9626792364308125
        },
        "support": {
            "90th": [
                483.0,
                536.0
            ],
            "95th": [
                478.975,
                541.0249999999999
            ],
            "99th": [
                470.99,
                551.0
            ],
            "mean": 508.9505,
            "median": 509.0
        },
        "user_accuracy": {
            "90th": [
                94.75681243371135,
                97.6
            ],
            "95th": [
                94.50096831373365,
                97.88053949903662
            ],
            "99th": [
                94.06908491671133,
                98.24907803927177
            ],
            "mean": 96.23523445381208,
            "median": 96.26792364308125
        }
    },
    "accuracy": {
        "90th": [
            0.963,
            0.98
        ],
        "95th": [
            0.961,
            0.982
        ],
        "99th": [
            0.958,
            0.985
        ],
        "mean": 0.9718880000000001,
        "median": 0.972
    },
    "cohen_kappa": {
        "90th": [
            0.925931353112923,
            0.96
        ],
        "95th": [
            0.9218987808199426,
            0.9639383232732237
        ],
        "99th": [
            0.9157480770260675,
            0.969983726356855
        ],
        "mean": 0.9437248939393205,
        "median": 0.9439865567592793
    },
    "macro avg": {
        "f1-score": {
            "90th": [
                0.962959410889871,
                0.9799987479208749
            ],
            "95th": [
                0.960940590638361,
                0.9819685258208896
            ],
            "99th": [
                0.9578570718254794,
                0.9849906491624781
            ],
            "mean": 0.9718584734483103,
            "median": 0.9719887955182074
        },
        "precision": {
            "90th": [
                0.9629831540370952,
                0.9800992548841979
            ],
            "95th": [
                0.9608297651272117,
                0.9819018300258381
            ],
            "99th": [
                0.9579776253402686,
                0.985104880593125
            ],
            "mean": 0.9719106357909241,
            "median": 0.9720158880635523
        },
        "recall": {
            "90th": [
                0.9630063393128611,
                0.9802185277998696
            ],
            "95th": [
                0.9610760736295199,
                0.9819960297841192
            ],
            "99th": [
                0.957577699129408,
                0.9853015771700706
            ],
            "mean": 0.9720648161920352,
            "median": 0.9721625352607506
        }
    },
    "weighted avg": {
        "f1-score": {
            "90th": [
                0.9629983016763228,
                0.9800031741457225
            ],
            "95th": [
                0.9609968309961502,
                0.9819995679846635
            ],
            "99th": [
                0.957968106508806,
                0.9850055126867003
            ],
            "mean": 0.9718902978482754,
            "median": 0.9720019043840455
        },
        "precision": {
            "90th": [
                0.9631783659190514,
                0.9801878232749279
            ],
            "95th": [
                0.9613817902900627,
                0.98203075186078
            ],
            "99th": [
                0.9582786008704557,
                0.985166401862302
            ],
            "mean": 0.9721504856926474,
            "median": 0.9722198696004569
        },