{
    "Mangrove": {
        "f1-score": 0.8483290488431877,
        "precision": 0.9375,
        "recall": 0.7746478873239436,
        "support": 213
    },
    "Other": {
        "f1-score": 0.8845401174168297,
        "precision": 0.8248175182481752,
        "recall": 0.9535864978902954,
        "support": 237
    },
    "accuracy": 0.8688888888888889,
    "accuracy_conf_interval": [
        0.02609392813131743,
        0.031185426303281808,
        0.03707247106461562,
        0.04105020401146279
    ],
    "cls_confidence_intervals": {
        "Mangrove": [
            0.029923553166208535,
            0.03576229524741996,
            0.04251334077882067,
            0.04707485802976709
        ],
        "Other": [
            0.03766108624670662,
            0.04500959088021035,
            0.05350629936269904,
            0.05924731860762383
        ]
    },
    "cohen_kappa": 0.7346963247197074,
    "confusion_matrix": [
        [
            165,
            48
        ],
        [
            11,
            226
        ]
    ],
    "macro avg": {
        "f1-score": 0.8664345831300087,
        "precision": 0.8811587591240876,
        "recall": 0.8641171926071195,
        "support": 450
    },
    "producer_accuracy": [
        93.75,
        82.48175182481752
    ],
    "user_accuracy": [
        77.46478873239437,
        95.35864978902954
    ],
    "weighted avg": {
        "f1-score": 0.8674002116253059,
        "precision": 0.8781538929440389,
        "recall": 0.8688888888888889,
        "support": 450
    }
}