{
    "Mangrove": {
        "f1-score": 0.8374999999999999,
        "precision": 0.9804878048780488,
        "recall": 0.730909090909091,
        "support": 275
    },
    "Other": {
        "f1-score": 0.8916666666666667,
        "precision": 0.8126582278481013,
        "recall": 0.9876923076923076,
        "support": 325
    },
    "accuracy": 0.87,
    "accuracy_conf_interval": [
        0.022516429557103406,
        0.026909879226782122,
        0.03198980540734814,
        0.03542218796178463
    ],
    "cls_confidence_intervals": {
        "Mangrove": [
            0.015843133466861305,
            0.018934476582346437,
            0.022508842059626125,
            0.024923953868598886
        ],
        "Other": [
            0.032197086968256294,
            0.0384794454010868,
            0.04574342233904706,
            0.050651514864695886
        ]
    },
    "cohen_kappa": 0.7329529243937232,
    "confusion_matrix": [
        [
            201,
            74
        ],
        [
            4,
            321
        ]
    ],
    "macro avg": {
        "f1-score": 0.8645833333333333,
        "precision": 0.896573016363075,
        "recall": 0.8593006993006993,
        "support": 600
    },
    "producer_accuracy": [
        98.04878048780488,
        81.26582278481013
    ],
    "user_accuracy": [
        73.0909090909091,
        98.76923076923076
    ],
    "weighted avg": {
        "f1-score": 0.8668402777777777,
        "precision": 0.8895801173201605,
        "recall": 0.87,
        "support": 600
    }
}