overall accuracy,0.775
cohen kappa,0.5524861878453039
""
Confidence Interval,90%,95%,98%,99%
Overall Accuracy,0.027958272478821,0.03341354515761534,0.0397212041924713,0.043983135972779384
""
class,f1-score,precision,recall,support
Mangrove,0.7181628392484343,0.5657894736842105,0.9828571428571429,175
Other,0.8127600554785022,0.9898648648648649,0.6894117647058824,425
""
macro avg,0.7654614473634682,0.7778271692745378,0.8361344537815126,600
weighted (pixel) avg,0.7851692007447324,0.8661762091038409,0.775,600
""
Confidence Interval,90%,95%,98%,99%
Mangrove,0.04662133031141252,0.055718175250224725,0.06623640221072633,0.07334331231917336
Other,0.009547742968417743,0.011410717206157791,0.013564781168544723,0.015020229791779135
""
Point Count Confusion Matrix
,Mangrove,Other,User Acc
Mangrove,172,3,98.28571428571429
Other,132,293,68.94117647058823
Producer,56.57894736842105,98.98648648648648
""
