{
    "Mangrove": {
        "f1-score": {
            "90th": [
                0.940552016985138,
                0.9634888438133874
            ],
            "95th": [
                0.9376840718828849,
                0.9653785413872469
            ],
            "99th": [
                0.9331956920261213,
                0.9704384572704163
            ],
            "mean": 0.9522903135378092,
            "median": 0.9523809523809524
        },
        "precision": {
            "90th": [
                0.9748901234133821,
                0.9935629210282049
            ],
            "95th": [
                0.9726301354652453,
                0.9956145139048495
            ],
            "99th": [
                0.9680149852404132,
                0.9977975941819839
            ],
            "mean": 0.9848005788184857,
            "median": 0.9850427350427351
        },
        "producer_accuracy": {
            "90th": [
                97.48901234133821,
                99.35629210282049
            ],
            "95th": [
                97.26301354652453,
                99.56145139048495
            ],
            "99th": [
                96.80149852404132,
                99.77975941819838
            ],
            "mean": 98.48005788184857,
            "median": 98.50427350427351
        },
        "recall": {
            "90th": [
                0.9021485879391614,
                0.9414280773383722
            ],
            "95th": [
                0.8989893783192753,
                0.9449934711773443
            ],
            "99th": [
                0.8902894463726692,
                0.9516167434715821
            ],
            "mean": 0.9219464424242393,
            "median": 0.9219712525667351
        },
        "support": {
            "90th": [
                474.0,
                527.0
            ],
            "95th": [
                469.0,
                531.0
            ],
            "99th": [
                458.995,
                541.0
            ],
            "mean": 500.2345,
            "median": 500.0
        },
        "user_accuracy": {
            "90th": [
                90.21485879391614,
                94.14280773383722
            ],
            "95th": [
                89.89893783192753,
                94.49934711773444
            ],
            "99th": [
                89.0289446372669,
                95.16167434715823
            ],
            "mean": 92.19464424242392,
            "median": 92.1971252566735
        }
    },
    "Other": {
        "f1-score": {
            "90th": [
                0.9440751782483525,
                0.9659896936466148
            ],
            "95th": [
                0.9421132303043962,
                0.9679246658232026
            ],
            "99th": [
                0.9362984344758409,
                0.9721962717760791
            ],
            "mean": 0.955196090105363,
            "median": 0.9552959077076804
        },
        "precision": {
            "90th": [
                0.9078681645402883,
                0.9456950614058008
            ],
            "95th": [
                0.9043147389481707,
                0.9487666034155597
            ],
            "99th": [
                0.89416048045479,
                0.9546288207368215
            ],
            "mean": 0.9265561201743087,
            "median": 0.9267822736030829
        },
        "producer_accuracy": {
            "90th": [
                90.78681645402882,
                94.56950614058009
            ],
            "95th": [
                90.43147389481707,
                94.87666034155598
            ],
            "99th": [
                89.416048045479,
                95.46288207368215
            ],
            "mean": 92.65561201743085,
            "median": 92.67822736030828
        },
        "recall": {
            "90th": [
                0.9766924412537334,
                0.9940363769762378
            ],
            "95th": [
                0.974137072400055,
                0.9958767120387815
            ],
            "99th": [
                0.9696969696969697,
                0.9979839516129032
            ],
            "mean": 0.9857522193696782,
            "median": 0.9859719438877755
        },
        "support": {
            "90th": [
                473.0,
                526.0
            ],
            "95th": [
                469.0,
                531.0
            ],
            "99th": [
                459.0,
                541.0049999999999
            ],
            "mean": 499.7655,
            "median": 500.0
        },
        "user_accuracy": {
            "90th": [
                97.66924412537334,
                99.40363769762378
            ],
            "95th": [
                97.4137072400055,
                99.58767120387816
            ],
            "99th": [
                96.96969696969697,
                99.79839516129032
            ],
            "mean": 98.57522193696782,
            "median": 98.59719438877755
        }
    },
    "accuracy": {
        "90th": [
            0.943,
            0.964
        ],
        "95th": [
            0.9409749999999999,
            0.967
        ],
        "99th": [
            0.935,
            0.971
        ],
        "mean": 0.9538335,
        "median": 0.954
    },
    "cohen_kappa": {
        "90th": [
            0.8857071779465083,
            0.9280496313183653
        ],
        "95th": [
            0.8815937915507923,
            0.9337941651250316
        ],
        "99th": [
            0.8702100979930046,
            0.9418797048798443
        ],
        "mean": 0.90758891825765,
        "median": 0.9078761855934376
    },
    "macro avg": {
        "f1-score": {
            "90th": [
                0.9428090535391133,
                0.9639987399552142
            ],
            "95th": [
                0.9406998073111505,
                0.9668694646007859
            ],
            "99th": [
                0.934985207752247,
                0.9709244838244158
            ],
            "mean": 0.9537432018215861,
            "median": 0.9538892415142031
        },
        "precision": {
            "90th": [
                0.9450402014650798,
                0.9659962763509043
            ],
            "95th": [
                0.9429290048978378,
                0.9677889360911127
            ],
            "99th": [
                0.9375156437291462,
                0.9719575669599285
            ],
            "mean": 0.9556783494963972,
            "median": 0.9557905812489657
        },
        "recall": {
            "90th": [
                0.9430844143564681,
                0.9643569760036218
            ],
            "95th": [
                0.9402503036802674,
                0.9661924273589797
            ],
            "99th": [
                0.9357991785202305,
                0.9706588910527018
            ],
            "mean": 0.9538493308969587,
            "median": 0.9537990335378652
        }
    },
    "weighted avg": {
        "f1-score": {
            "90th": [
                0.9428737984325505,
                0.9640113419989781
            ],
            "95th": [
                0.9408057904999404,
                0.9669522345862895
            ],
            "99th": [
                0.9349662516295788,
                0.9709742804230682
            ],
            "mean": 0.9537862718982769,
            "median": 0.9539277742693525
        },
        "precision": {
            "90th": [
                0.9456421068097409,
                0.965705666587578
            ],
            "95th": [
                0.9433068251610697,
                0.9677850971662947
            ],
            "99th": [
                0.938716384145373,
                0.9714037069760841
            ],
            "mean": 0.9557768313833789,
            "median": 0.9558553694182506
        },