{
    "Mangrove": {
        "f1-score": {
            "90th": [
                0.9473684210526316,
                0.9777832377832377
            ],
            "95th": [
                0.9440348949798898,
                0.9803084910112843
            ],
            "99th": [
                0.9365822419800552,
                0.9852234511178476
            ],
            "mean": 0.9632104411578666,
            "median": 0.9635036496350364
        },
        "precision": {
            "90th": [
                0.9274517192651908,
                0.9743719901080307
            ],
            "95th": [
                0.9226727627924494,
                0.9770642201834863
            ],
            "99th": [
                0.9104477611940298,
                0.9825411399678232
            ],
            "mean": 0.9514281843304075,
            "median": 0.9516908212560387
        },
        "producer_accuracy": {
            "90th": [
                92.74517192651908,
                97.43719901080307
            ],
            "95th": [
                92.26727627924494,
                97.70642201834863
            ],
            "99th": [
                91.04477611940298,
                98.25411399678232
            ],
            "mean": 95.14281843304076,
            "median": 95.16908212560386
        },
        "recall": {
            "90th": [
                0.9567203177257525,
                0.9906103286384976
            ],
            "95th": [
                0.95260663507109,
                0.995
            ],
            "99th": [
                0.9447236180904522,
                1.0
            ],
            "mean": 0.9754460865358835,
            "median": 0.9757281553398058
        },
        "support": {
            "90th": [
                188.0,
                221.0
            ],
            "95th": [
                185.0,
                225.0
            ],
            "99th": [
                178.995,
                231.00499999999988
            ],
            "mean": 204.592,
            "median": 205.0
        },
        "user_accuracy": {
            "90th": [
                95.67203177257527,
                99.06103286384976
            ],
            "95th": [
                95.260663507109,
                99.5
            ],
            "99th": [
                94.47236180904522,
                100.0
            ],
            "mean": 97.54460865358834,
            "median": 97.57281553398059
        }
    },
    "Other": {
        "f1-score": {
            "90th": [
                0.9432931115276476,
                0.9756156760596733
            ],
            "95th": [
                0.9392265193370166,
                0.9784974987062273
            ],
            "99th": [
                0.9321517162778225,
                0.9836078794288736
            ],
            "mean": 0.9605014593811834,
            "median": 0.9609682853585293
        },
        "precision": {
            "90th": [
                0.9538342585249803,
                0.9898477157360406
            ],
            "95th": [
                0.9494863893168978,
                0.9945945945945946
            ],
            "99th": [
                0.9417973938984576,
                1.0
            ],
            "mean": 0.9736206026472951,
            "median": 0.9743589743589743
        },
        "producer_accuracy": {
            "90th": [
                95.38342585249802,
                98.98477157360406
            ],
            "95th": [
                94.94863893168977,
                99.45945945945947
            ],
            "99th": [
                94.17973938984576,
                100.0
            ],
            "mean": 97.3620602647295,
            "median": 97.43589743589743
        },
        "recall": {
            "90th": [
                0.9226333266538803,
                0.9720994832041343
            ],
            "95th": [
                0.917098445595855,
                0.9752475247524752
            ],
            "99th": [
                0.907691889632107,
                0.9813220819248356
            ],
            "mean": 0.9479035177907492,
            "median": 0.9485847797062751
        },
        "support": {
            "90th": [
                179.0,
                212.0
            ],
            "95th": [
                175.0,
                215.0
            ],
            "99th": [
                168.995,
                221.00499999999988
            ],
            "mean": 195.408,
            "median": 195.0
        },
        "user_accuracy": {
            "90th": [
                92.26333266538803,
                97.20994832041343
            ],
            "95th": [
                91.70984455958549,
                97.52475247524752
            ],
            "99th": [
                90.76918896321071,
                98.13220819248356
            ],
            "mean": 94.79035177907491,
            "median": 94.8584779706275
        }
    },
    "accuracy": {
        "90th": [
            0.945,
            0.9775
        ],
        "95th": [
            0.9425,
            0.98
        ],
        "99th": [
            0.935,
            0.985
        ],
        "mean": 0.9619975000000001,
        "median": 0.9625
    },
    "cohen_kappa": {
        "90th": [
            0.89,
            0.9544235721229437
        ],
        "95th": [
            0.8846496168565969,
            0.9597107223539273
        ],
        "99th": [
            0.8699998537170863,
            0.9697888535666062
        ],
        "mean": 0.9237328212479265,
        "median": 0.9248685199098422
    },
    "macro avg": {
        "f1-score": {
            "90th": [
                0.9449773718117641,
                0.97721158411141
            ],
            "95th": [
                0.9423064327063552,
                0.9798548665679584
            ],
            "99th": [
                0.934959349593496,
                0.9848910128011331
            ],
            "mean": 0.961855950269525,
            "median": 0.9624151992934058
        },
        "precision": {
            "90th": [
                0.9464446886117936,
                0.9772604394860465
            ],
            "95th": [
                0.9431852775295965,
                0.9799750243531037
            ],
            "99th": [
                0.9358973190995663,
                0.9850717754629105
            ],
            "mean": 0.9625243934888513,
            "median": 0.9628351340536214
        },
        "recall": {
            "90th": [
                0.9451847934793479,
                0.9763693126621645
            ],
            "95th": [
                0.9417571725531965,
                0.979449120990883
            ],
            "99th": [
                0.9352425486117202,
                0.9845008051529791
            ],
            "mean": 0.9616748021633164,
            "median": 0.9622348939575831
        }
    },
    "weighted avg": {
        "f1-score": {
            "90th": [
                0.945,
                0.9774694507310686
            ],
            "95th": [
                0.9424513210344252,
                0.9799888678036208
            ],
            "99th": [
                0.9349966442667261,
                0.984990996830556
            ],
            "mean": 0.9619792148177146,
            "median": 0.9624868550169177
        },
        "precision": {
            "90th": [
                0.9460994623286038,
                0.9775092453657838
            ],
            "95th": [
                0.9429631978757563,
                0.9800005115089514
            ],
            "99th": [
                0.9361202509990635,
                0.9850368528777302
            ],
            "mean": 0.9624453838715292,
            "median": 0.9627892432770482
        },