{
    "Mangrove": {
        "f1-score": {
            "90th": [
                0.9737373737373738,
                0.987678890896618
            ],
            "95th": [
                0.9723846153846155,
                0.9887005649717514
            ],
            "99th": [
                0.9692618922144214,
                0.9917706194281567
            ],
            "mean": 0.981239903026125,
            "median": 0.9814239700014422
        },
        "precision": {
            "90th": [
                0.9904214559386973,
                1.0
            ],
            "95th": [
                0.9898373983739838,
                1.0
            ],
            "99th": [
                0.9862467239783304,
                1.0
            ],
            "mean": 0.9959292004109314,
            "median": 0.996039603960396
        },
        "producer_accuracy": {
            "90th": [
                99.04214559386973,
                100.0
            ],
            "95th": [
                98.98373983739837,
                100.0
            ],
            "99th": [
                98.62467239783304,
                100.0
            ],
            "mean": 99.59292004109314,
            "median": 99.60396039603961
        },
        "recall": {
            "90th": [
                0.9531568228105907,
                0.9789292176728717
            ],
            "95th": [
                0.9506612694705674,
                0.9808804533446207
            ],
            "99th": [
                0.9440977574895857,
                0.9852132847121787
            ],
            "mean": 0.9670135034297276,
            "median": 0.9674563124941594
        },
        "support": {
            "90th": [
                488.0,
                541.05
            ],
            "95th": [
                483.0,
                546.0
            ],
            "99th": [
                473.98,
                554.0
            ],
            "mean": 514.9915,
            "median": 515.0
        },
        "user_accuracy": {
            "90th": [
                95.31568228105907,
                97.89292176728716
            ],
            "95th": [
                95.06612694705673,
                98.08804533446207
            ],
            "99th": [
                94.40977574895857,
                98.52132847121787
            ],
            "mean": 96.70135034297276,
            "median": 96.74563124941594
        }
    },
    "Other": {
        "f1-score": {
            "90th": [
                0.9728641117906861,
                0.9872673849167483
            ],
            "95th": [
                0.9714853069537387,
                0.9883506413025108
            ],
            "99th": [
                0.96850251901775,
                0.9914213696582348
            ],
            "mean": 0.9806673390767191,
            "median": 0.9809322033898304
        },
        "precision": {
            "90th": [
                0.9514120767670463,
                0.9781746031746031
            ],
            "95th": [
                0.9490001217878455,
                0.9802381286494999
            ],
            "99th": [
                0.9436323038431232,
                0.984440702010376
            ],
            "mean": 0.9660202017102754,
            "median": 0.9665354330708661
        },
        "producer_accuracy": {
            "90th": [
                95.14120767670464,
                97.81746031746032
            ],
            "95th": [
                94.90001217878455,
                98.02381286494999
            ],
            "99th": [
                94.36323038431232,
                98.4440702010376
            ],
            "mean": 96.60202017102755,
            "median": 96.65354330708661
        },
        "recall": {
            "90th": [
                0.99,
                1.0
            ],
            "95th": [
                0.989406779661017,
                1.0
            ],
            "99th": [
                0.9860832212314933,
                1.0
            ],
            "mean": 0.9958060848105978,
            "median": 0.9959016393442623
        },
        "support": {
            "90th": [
                458.95,
                512.0
            ],
            "95th": [
                454.0,
                517.0
            ],
            "99th": [
                446.0,
                526.0199999999995
            ],
            "mean": 485.0085,
            "median": 485.0
        },
        "user_accuracy": {
            "90th": [
                99.0,
                100.0
            ],
            "95th": [
                98.9406779661017,
                100.0
            ],
            "99th": [
                98.60832212314934,
                100.0
            ],
            "mean": 99.58060848105978,
            "median": 99.59016393442623
        }
    },
    "accuracy": {
        "90th": [
            0.973,
            0.987
        ],
        "95th": [
            0.972,
            0.988
        ],
        "99th": [
            0.969,
            0.992
        ],
        "mean": 0.9809765,
        "median": 0.981
    },
    "cohen_kappa": {
        "90th": [
            0.9460278496131994,
            0.9740031196256449
        ],
        "95th": [
            0.9439998711881492,
            0.9760020302279059
        ],
        "99th": [
            0.937950610974371,
            0.983913205383134
        ],
        "mean": 0.9619174279123542,
        "median": 0.9620019758966454
    },
    "macro avg": {
        "f1-score": {
            "90th": [
                0.972999962199865,
                0.9869999869999868
            ],
            "95th": [
                0.9719863769693373,
                0.9879999531998127
            ],
            "99th": [
                0.9689526701351864,
                0.9919560862130965
            ],
            "mean": 0.980953621051422,
            "median": 0.9809967884572492
        },
        "precision": {
            "90th": [
                0.973449149388304,
                0.9873684210526316
            ],
            "95th": [
                0.9722371632942652,
                0.9884458624880452
            ],
            "99th": [
                0.9690831282750988,
                0.9914360222840235
            ],
            "mean": 0.9809747010606034,
            "median": 0.9811676650616268
        },
        "recall": {
            "90th": [
                0.9741629622251812,
                0.9876237484289517
            ],
            "95th": [
                0.9727201095779716,
                0.9887656142112862
            ],
            "99th": [
                0.9700808423520642,
                0.9918998373463115
            ],
            "mean": 0.9814097941201627,
            "median": 0.9815705128205128
        }
    },
    "weighted avg": {
        "f1-score": {
            "90th": [
                0.9730254113772144,
                0.9870087914757563
            ],
            "95th": [
                0.9720060738017353,
                0.9880089624516643
            ],
            "99th": [
                0.9690227337589545,
                0.9919991076204994
            ],
            "mean": 0.9809810263053654,
            "median": 0.98100712945591
        },
        "precision": {
            "90th": [
                0.9743648411545904,
                0.9873403538031468
            ],
            "95th": [
                0.9729435590861824,
                0.9883031578947369
            ],
            "99th": [
                0.9702238881852542,
                0.9920079826788356
            ],
            "mean": 0.9814614252561658,
            "median": 0.9815634405949765
        },
        "recall": {
            "90th": [
                0.973,
                0.987
            ],
            "95th": [
                0.972,
                0.988
            ],