{
    "Mangrove": {
        "f1-score": {
            "90th": [
                0.9517942267376229,
                0.9722236496517072
            ],
            "95th": [
                0.9492127710459184,
                0.9738438993417139
            ],
            "99th": [
                0.9445031308369958,
                0.9767451190781647
            ],
            "mean": 0.9626425197818135,
            "median": 0.9628865979381444
        },
        "precision": {
            "90th": [
                0.9678682536989003,
                0.989451476793249
            ],
            "95th": [
                0.9650924024640657,
                0.9901622305657739
            ],
            "99th": [
                0.9594879917999108,
                0.99382728698644
            ],
            "mean": 0.9791683086300029,
            "median": 0.9795918367346939
        },
        "producer_accuracy": {
            "90th": [
                96.78682536989002,
                98.94514767932489
            ],
            "95th": [
                96.50924024640656,
                99.01622305657739
            ],
            "99th": [
                95.9487991799911,
                99.38272869864399
            ],
            "mean": 97.9168308630003,
            "median": 97.95918367346938
        },
        "recall": {
            "90th": [
                0.9299542630896307,
                0.9629629629629629
            ],
            "95th": [
                0.9256850256025978,
                0.966206129559278
            ],
            "99th": [
                0.9173385545905708,
                0.9709302325581395
            ],
            "mean": 0.9467388277448805,
            "median": 0.9468503937007874
        },
        "support": {
            "90th": [
                477.0,
                529.0
            ],
            "95th": [
                472.0,
                535.0
            ],
            "99th": [
                462.995,
                545.0
            ],
            "mean": 503.2305,
            "median": 503.0
        },
        "user_accuracy": {
            "90th": [
                92.99542630896306,
                96.29629629629629
            ],
            "95th": [
                92.56850256025977,
                96.6206129559278
            ],
            "99th": [
                91.73385545905707,
                97.09302325581395
            ],
            "mean": 94.67388277448806,
            "median": 94.68503937007874
        }
    },
    "Other": {
        "f1-score": {
            "90th": [
                0.9524771496360961,
                0.9727719387827469
            ],
            "95th": [
                0.950354609929078,
                0.9743131027993414
            ],
            "99th": [
                0.9456046176545672,
                0.9774732858265764
            ],
            "mean": 0.9633942623261532,
            "median": 0.9636274246893717
        },
        "precision": {
            "90th": [
                0.9309017212053118,
                0.9638783269961977
            ],
            "95th": [
                0.9264413518886679,
                0.9666063698206555
            ],
            "99th": [
                0.9201564677486074,
                0.9714834298306256
            ],
            "mean": 0.9477910499227716,
            "median": 0.9479360285006195
        },
        "producer_accuracy": {
            "90th": [
                93.09017212053118,
                96.38783269961976
            ],
            "95th": [
                92.6441351888668,
                96.66063698206554
            ],
            "99th": [
                92.01564677486074,
                97.14834298306258
            ],
            "mean": 94.77910499227717,
            "median": 94.79360285006196
        },
        "recall": {
            "90th": [
                0.968282101397773,
                0.9898167006109979
            ],
            "95th": [
                0.9657933683471277,
                0.9905307505585151
            ],
            "99th": [
                0.9610127007093909,
                0.9940477951535645
            ],
            "mean": 0.9795956088783715,
            "median": 0.9799196787148594
        },
        "support": {
            "90th": [
                471.0,
                523.0
            ],
            "95th": [
                465.0,
                528.0
            ],
            "99th": [
                455.0,
                537.0049999999999
            ],
            "mean": 496.7695,
            "median": 497.0
        },
        "user_accuracy": {
            "90th": [
                96.8282101397773,
                98.98167006109979
            ],
            "95th": [
                96.57933683471276,
                99.05307505585152
            ],
            "99th": [
                96.1012700709391,
                99.40477951535645
            ],
            "mean": 97.95956088783714,
            "median": 97.99196787148594
        }
    },
    "accuracy": {
        "90th": [
            0.952,
            0.972
        ],
        "95th": [
            0.95,
            0.974
        ],
        "99th": [
            0.946,
            0.977
        ],
        "mean": 0.9630574999999999,
        "median": 0.963
    },
    "cohen_kappa": {
        "90th": [
            0.9040735755657199,
            0.9440074134182932
        ],
        "95th": [
            0.9001258898355233,
            0.9479888383455592
        ],
        "99th": [
            0.8919575787836437,
            0.954001841766241
        ],
        "mean": 0.9260613834347052,
        "median": 0.9260115421982335
    },
    "macro avg": {
        "f1-score": {
            "90th": [
                0.9519992319877119,
                0.9719989919637106
            ],
            "95th": [
                0.9499991399823994,
                0.9739933813132617
            ],
            "99th": [
                0.9459572191120386,
                0.9769972212641457
            ],
            "mean": 0.9630183910539832,
            "median": 0.9629962626077204
        },
        "precision": {
            "90th": [
                0.9531077696522496,
                0.9724805490802938
            ],
            "95th": [
                0.9510746328555281,
                0.9741352728682942
            ],
            "99th": [
                0.946936413674726,
                0.9774160071113531
            ],
            "mean": 0.9634796792763873,
            "median": 0.9637046028491981
        },
        "recall": {
            "90th": [
                0.9525595612454978,
                0.9723691275946855
            ],
            "95th": [
                0.950695217836141,
                0.9740013752527539
            ],
            "99th": [
                0.9461182819608661,
                0.9770260444326856
            ],
            "mean": 0.963167218311626,
            "median": 0.9634613029443726
        }
    },
    "weighted avg": {
        "f1-score": {
            "90th": [
                0.9520805900972689,
                0.9720045701059448
            ],
            "95th": [
                0.9500987354567537,
                0.9739971996854572
            ],
            "99th": [
                0.9459635993159127,
                0.9769977310057995
            ],
            "mean": 0.9630511508320949,
            "median": 0.9630119544548374
        },
        "precision": {
            "90th": [
                0.9533396226501378,
                0.9725071798584748
            ],
            "95th": [
                0.9516633491817781,
                0.9741933070446874
            ],
            "99th": [
                0.9468152998535981,
                0.9773168884447995
            ],
            "mean": 0.9636538924404819,
            "median": 0.9639294729440112
        },