{
    "Mangrove": {
        "f1-score": {
            "90th": [
                0.9247578015469194,
                0.9565217391304347
            ],
            "95th": [
                0.9212724095962727,
                0.9586543182867839
            ],
            "99th": [
                0.9138190953386613,
                0.965398520462952
            ],
            "mean": 0.9408518975282744,
            "median": 0.9409937888198757
        },
        "precision": {
            "90th": [
                0.9448051948051948,
                0.9808306709265175
            ],
            "95th": [
                0.9415579420579421,
                0.9835526315789473
            ],
            "99th": [
                0.9337528950205646,
                0.9893998492673405
            ],
            "mean": 0.9640714503918126,
            "median": 0.9644012944983819
        },
        "producer_accuracy": {
            "90th": [
                94.48051948051948,
                98.08306709265176
            ],
            "95th": [
                94.15579420579421,
                98.35526315789474
            ],
            "99th": [
                93.37528950205646,
                98.93998492673406
            ],
            "mean": 96.40714503918126,
            "median": 96.44012944983818
        },
        "recall": {
            "90th": [
                0.8948788875598086,
                0.9419401589527816
            ],
            "95th": [
                0.89016826608302,
                0.9463103127051002
            ],
            "99th": [
                0.8803979722392457,
                0.9544079856313898
            ],
            "mean": 0.9188782682696279,
            "median": 0.918918918918919
        },
        "support": {
            "90th": [
                301.0,
                341.04999999999995
            ],
            "95th": [
                297.0,
                345.02499999999986
            ],
            "99th": [
                288.995,
                353.0
            ],
            "mean": 321.2115,
            "median": 321.0
        },
        "user_accuracy": {
            "90th": [
                89.48788875598086,
                94.19401589527816
            ],
            "95th": [
                89.016826608302,
                94.63103127051001
            ],
            "99th": [
                88.03979722392457,
                95.44079856313898
            ],
            "mean": 91.8878268269628,
            "median": 91.8918918918919
        }
    },
    "Other": {
        "f1-score": {
            "90th": [
                0.9184360978433926,
                0.9515570934256055
            ],
            "95th": [
                0.9140767824497257,
                0.9541630067384064
            ],
            "99th": [
                0.9039500194302454,
                0.9621623479149253
            ],
            "mean": 0.9352006778650422,
            "median": 0.9353233830845771
        },
        "precision": {
            "90th": [
                0.8852459016393442,
                0.9366220657276995
            ],
            "95th": [
                0.8799931271477663,
                0.9413793103448276
            ],
            "99th": [
                0.868326042902333,
                0.9493737742913173
            ],
            "mean": 0.9113307931459149,
            "median": 0.9116127016177495
        },
        "producer_accuracy": {
            "90th": [
                88.52459016393442,
                93.66220657276996
            ],
            "95th": [
                87.99931271477664,
                94.13793103448276
            ],
            "99th": [
                86.83260429023329,
                94.93737742913174
            ],
            "mean": 91.1330793145915,
            "median": 91.16127016177497
        },
        "recall": {
            "90th": [
                0.9402906243430734,
                0.9788769458858414
            ],
            "95th": [
                0.935251798561151,
                0.9820804531490016
            ],
            "99th": [
                0.9275326970661011,
                0.9889302947974535
            ],
            "mean": 0.9605569473192945,
            "median": 0.9609235001640544
        },
        "support": {
            "90th": [
                258.95,
                299.0
            ],
            "95th": [
                254.975,
                303.0
            ],
            "99th": [
                247.0,
                311.0049999999999
            ],
            "mean": 278.7885,
            "median": 279.0
        },
        "user_accuracy": {
            "90th": [
                94.02906243430735,
                97.88769458858414
            ],
            "95th": [
                93.5251798561151,
                98.20804531490015
            ],
            "99th": [
                92.75326970661011,
                98.89302947974535
            ],
            "mean": 96.05569473192945,
            "median": 96.09235001640545
        }
    },
    "accuracy": {
        "90th": [
            0.9216666666666666,
            0.9533333333333334
        ],
        "95th": [
            0.92,
            0.9566666666666667
        ],
        "99th": [
            0.9116583333333333,
            0.9633416666666665
        ],
        "mean": 0.9382558333333334,
        "median": 0.9383333333333334
    },
    "cohen_kappa": {
        "90th": [
            0.8433850162449182,
            0.906655828304941
        ],
        "95th": [
            0.8384929484032432,
            0.9130554730569297
        ],
        "99th": [
            0.8208152133271843,
            0.9266169997740369
        ],
        "mean": 0.8761456864035582,
        "median": 0.8763286313473908
    },
    "macro avg": {
        "f1-score": {
            "90th": [
                0.9216486022706726,
                0.9533005139106246
            ],
            "95th": [
                0.9191891037692153,
                0.9565105272181355
            ],
            "99th": [
                0.9103348455839804,
                0.9633068512050558
            ],
            "mean": 0.9380262876966584,
            "median": 0.9381227789004251
        },
        "precision": {
            "90th": [
                0.921738174089865,
                0.9532561472905254
            ],
            "95th": [
                0.9186594217985204,
                0.9560085794997207
            ],
            "99th": [
                0.9085770402596107,
                0.9631599004775387
            ],
            "mean": 0.9377011217688637,
            "median": 0.9375946477391686
        },
        "recall": {
            "90th": [
                0.9234054722399851,
                0.9551721724377008
            ],
            "95th": [
                0.9208758541629203,
                0.9574385722054904
            ],
            "99th": [
                0.9133328627378329,
                0.9640305157232633
            ],
            "mean": 0.9397176077944611,
            "median": 0.9397100840336134
        }
    },
    "weighted avg": {
        "f1-score": {
            "90th": [
                0.921754642247653,
                0.9534113234913235
            ],
            "95th": [
                0.919967616133681,
                0.9566988506455039
            ],
            "99th": [
                0.9116224346457185,
                0.9633848660275041
            ],
            "mean": 0.9383281229763135,
            "median": 0.938390842568801
        },
        "precision": {
            "90th": [
                0.9238823351832675,
                0.9547568072362792
            ],
            "95th": [
                0.9209532347254076,
                0.9575376952864015
            ],
            "99th": [
                0.9137550605656524,
                0.9636234412822061
            ],