{
    "Mangrove": {
        "f1-score": 0.91899852724595,
        "precision": 0.975,
        "recall": 0.8690807799442897,
        "support": 359
    },
    "Other": {
        "f1-score": 0.9330085261875761,
        "precision": 0.8906976744186047,
        "recall": 0.979539641943734,
        "support": 391
    },
    "accuracy": 0.9266666666666666,
    "accuracy_conf_interval": [
        0.015610819419971618,
        0.018656832965331934,
        0.022178786127154803,
        0.02455848420946755
    ],
    "cls_confidence_intervals": {
        "Mangrove": [
            0.01431334604486317,
            0.01710619405361696,
            0.02033542456373853,
            0.022517337070577428
        ],
        "Other": [
            0.02467683633032146,
            0.02949182878501833,
            0.03505916381076159,
            0.03882087666599352
        ]
    },
    "cohen_kappa": 0.852409746323661,
    "confusion_matrix": [
        [
            312,
            47
        ],
        [
            8,
            383
        ]
    ],
    "macro avg": {
        "f1-score": 0.926003526716763,
        "precision": 0.9328488372093023,
        "recall": 0.9243102109440118,
        "support": 750
    },
    "producer_accuracy": [
        97.5,
        89.06976744186046
    ],
    "user_accuracy": [
        86.90807799442896,
        97.9539641943734
    ],
    "weighted avg": {
        "f1-score": 0.9263024066941844,
        "precision": 0.9310503875968992,
        "recall": 0.9266666666666666,
        "support": 750
    }
}