overall accuracy,0.9625
cohen kappa,0.9249061326658323
""
Confidence Interval,90%,95%,98%,99%
Overall Accuracy,0.015578651257409926,0.01861838808812406,0.022133083798637276,0.024507878197632692
""
class,f1-score,precision,recall,support
Mangrove,0.963855421686747,0.9523809523809523,0.975609756097561,205
Other,0.9610389610389611,0.9736842105263158,0.9487179487179487,195
""
macro avg,0.9624471913628541,0.963032581453634,0.9621638524077548,400
weighted (pixel) avg,0.9624823971209514,0.9627662907268172,0.9625,400
""
Confidence Interval,90%,95%,98%,99%
Mangrove,0.02410071370836487,0.02880329199292387,0.03424064813444521,0.03791453741925693
Other,0.019045146292885076,0.022761272398813873,0.027058043208794045,0.029961266729050917
""
Point Count Confusion Matrix
,Mangrove,Other,User Acc
Mangrove,200,5,97.5609756097561
Other,10,185,94.87179487179486
Producer,95.23809523809523,97.36842105263158
""
