{
    "Mangrove": {
        "f1-score": {
            "90th": [
                0.9311647716208623,
                0.9560229445506692
            ],
            "95th": [
                0.9285049665205183,
                0.9580645174955521
            ],
            "99th": [
                0.9232386443610953,
                0.9615396581196582
            ],
            "mean": 0.9439307695748373,
            "median": 0.9441056533663941
        },
        "precision": {
            "90th": [
                0.9207902110965814,
                0.9561911713590545
            ],
            "95th": [
                0.9176430139835895,
                0.9590364484460596
            ],
            "99th": [
                0.9094289169949548,
                0.9644860366089698
            ],
            "mean": 0.9394606046636186,
            "median": 0.9400386847195358
        },
        "producer_accuracy": {
            "90th": [
                92.07902110965814,
                95.61911713590546
            ],
            "95th": [
                91.76430139835895,
                95.90364484460596
            ],
            "99th": [
                90.94289169949548,
                96.44860366089698
            ],
            "mean": 93.94606046636186,
            "median": 94.00386847195358
        },
        "recall": {
            "90th": [
                0.9321327157006741,
                0.9640598296008407
            ],
            "95th": [
                0.9293661522286057,
                0.9671195753642563
            ],
            "99th": [
                0.9203880849158372,
                0.9721115537848606
            ],
            "mean": 0.948549291625421,
            "median": 0.948670883946297
        },
        "support": {
            "90th": [
                496.0,
                550.0
            ],
            "95th": [
                491.0,
                555.0
            ],
            "99th": [
                477.0,
                564.0049999999999
            ],
            "mean": 522.95,
            "median": 523.0
        },
        "user_accuracy": {
            "90th": [
                93.2132715700674,
                96.40598296008406
            ],
            "95th": [
                92.93661522286057,
                96.71195753642563
            ],
            "99th": [
                92.03880849158372,
                97.21115537848605
            ],
            "mean": 94.8549291625421,
            "median": 94.86708839462969
        }
    },
    "Other": {
        "f1-score": {
            "90th": [
                0.9239008268582783,
                0.9511941848390446
            ],
            "95th": [
                0.9213465216351899,
                0.9533689983664442
            ],
            "99th": [
                0.9162128540840324,
                0.9580348004094167
            ],
            "mean": 0.9379311799346941,
            "median": 0.9380165289256198
        },
        "precision": {
            "90th": [
                0.9249946351931331,
                0.9601602439798329
            ],
            "95th": [
                0.9215686274509803,
                0.963045112448499
            ],
            "99th": [
                0.9148927097037608,
                0.9698332200600943
            ],
            "mean": 0.9429981189116832,
            "median": 0.9431578947368421
        },
        "producer_accuracy": {
            "90th": [
                92.49946351931331,
                96.0160243979833
            ],
            "95th": [
                92.15686274509804,
                96.30451124484989
            ],
            "99th": [
                91.48927097037608,
                96.98332200600943
            ],
            "mean": 94.29981189116833,
            "median": 94.3157894736842
        },
        "recall": {
            "90th": [
                0.9126975876975877,
                0.9516483516483516
            ],
            "95th": [
                0.9088939001959638,
                0.9544468546637744
            ],
            "99th": [
                0.9010071251938472,
                0.961452786340795
            ],
            "mean": 0.9330431416447054,
            "median": 0.9334698377037087
        },
        "support": {
            "90th": [
                450.0,
                504.0
            ],
            "95th": [
                445.0,
                509.0
            ],
            "99th": [
                435.995,
                523.0
            ],
            "mean": 477.05,
            "median": 477.0
        },
        "user_accuracy": {
            "90th": [
                91.26975876975877,
                95.16483516483515
            ],
            "95th": [
                90.88939001959638,
                95.44468546637745
            ],
            "99th": [
                90.10071251938471,
                96.1452786340795
            ],
            "mean": 93.30431416447053,
            "median": 93.34698377037087
        }
    },
    "accuracy": {
        "90th": [
            0.928,
            0.95305
        ],
        "95th": [
            0.926,
            0.9550249999999998
        ],
        "99th": [
            0.921,
            0.959
        ],
        "mean": 0.941141,
        "median": 0.941
    },
    "cohen_kappa": {
        "90th": [
            0.8558288076872512,
            0.9060309982246553
        ],
        "95th": [
            0.8513592522914735,
            0.9100263675101449
        ],
        "99th": [
            0.8412811826586288,
            0.9179751661361998
        ],
        "mean": 0.8818724439990637,
        "median": 0.8818596492462721
    },
    "macro avg": {
        "f1-score": {
            "90th": [
                0.9279138549695117,
                0.9530150121298312
            ],
            "95th": [
                0.9256746992075168,
                0.9550109212776295
            ],
            "99th": [
                0.9206398770898728,
                0.958978391416499
            ],
            "mean": 0.9409309747547656,
            "median": 0.9409191182729157
        },
        "precision": {
            "90th": [
                0.9284379214437477,
                0.9538007528883065
            ],
            "95th": [
                0.9259019974669594,
                0.955749419939384
            ],
            "99th": [
                0.920817755459544,
                0.959685284342034
            ],
            "mean": 0.9412293617876507,
            "median": 0.9413373262430478
        },
        "recall": {
            "90th": [
                0.9278721620157631,
                0.9531048443319287
            ],
            "95th": [
                0.925269976477722,
                0.9553706842940315
            ],
            "99th": [
                0.92035883540777,
                0.9591082416986472
            ],
            "mean": 0.9407962166350632,
            "median": 0.9408179985352407
        }
    },
    "weighted avg": {
        "f1-score": {
            "90th": [
                0.927991108345601,
                0.9530699927564723
            ],
            "95th": [
                0.9259354104048099,
                0.9550482985847725
            ],
            "99th": [
                0.9209749494830031,
                0.9590105460259846
            ],
            "mean": 0.941126332832232,
            "median": 0.9409987609314958
        },
        "precision": {
            "90th": [
                0.9282561984428566,
                0.9533540118116461
            ],
            "95th": [
                0.9260523205346636,
                0.9554834035640761
            ],
            "99th": [
                0.9209847354865138,
                0.9594043180640145
            ],
            "mean": 0.9412744519653645,
            "median": 0.9411911355271764
        },