{
    "Mangrove": {
        "f1-score": {
            "90th": [
                0.946678515746804,
                0.9681050656660413
            ],
            "95th": [
                0.9443339960238569,
                0.9699262226861713
            ],
            "99th": [
                0.9395695334983768,
                0.972763224635831
            ],
            "mean": 0.9577808418700863,
            "median": 0.9580615097856477
        },
        "precision": {
            "90th": [
                0.9877036557040428,
                1.0
            ],
            "95th": [
                0.9860828059531259,
                1.0
            ],
            "99th": [
                0.9836733024498143,
                1.0
            ],
            "mean": 0.9940446370860518,
            "median": 0.9941060903732809
        },
        "producer_accuracy": {
            "90th": [
                98.77036557040428,
                100.0
            ],
            "95th": [
                98.60828059531259,
                100.0
            ],
            "99th": [
                98.36733024498143,
                100.0
            ],
            "mean": 99.40446370860518,
            "median": 99.41060903732809
        },
        "recall": {
            "90th": [
                0.9042553191489362,
                0.9429640766044367
            ],
            "95th": [
                0.900562851782364,
                0.946236559139785
            ],
            "99th": [
                0.8907096607897721,
                0.9512217789464139
            ],
            "mean": 0.9241461595866727,
            "median": 0.9246142016052381
        },
        "support": {
            "90th": [
                513.0,
                566.0
            ],
            "95th": [
                508.0,
                571.0
            ],
            "99th": [
                497.995,
                579.0049999999999
            ],
            "mean": 539.8005,
            "median": 540.0
        },
        "user_accuracy": {
            "90th": [
                90.42553191489363,
                94.29640766044366
            ],
            "95th": [
                90.0562851782364,
                94.6236559139785
            ],
            "99th": [
                89.07096607897721,
                95.1221778946414
            ],
            "mean": 92.41461595866726,
            "median": 92.46142016052382
        }
    },
    "Other": {
        "f1-score": {
            "90th": [
                0.94200347710012,
                0.965006065922173
            ],
            "95th": [
                0.9395232641478367,
                0.9667369137626373
            ],
            "99th": [
                0.9331927204572892,
                0.9697564550042053
            ],
            "mean": 0.9541024122375066,
            "median": 0.9545454545454545
        },
        "precision": {
            "90th": [
                0.8965417962803627,
                0.9377593360995851
            ],
            "95th": [
                0.8915608106470146,
                0.9405047287353706
            ],
            "99th": [
                0.8798366160509422,
                0.9466418085020569
            ],
            "mean": 0.9177957407517938,
            "median": 0.918244972140517
        },
        "producer_accuracy": {
            "90th": [
                89.65417962803627,
                93.7759336099585
            ],
            "95th": [
                89.15608106470147,
                94.05047287353707
            ],
            "99th": [
                87.98366160509423,
                94.6641808502057
            ],
            "mean": 91.77957407517938,
            "median": 91.8244972140517
        },
        "recall": {
            "90th": [
                0.9866651818856719,
                1.0
            ],
            "95th": [
                0.9846491228070176,
                1.0
            ],
            "99th": [
                0.9823399558498896,
                1.0
            ],
            "mean": 0.9935064080952141,
            "median": 0.9936034115138592
        },
        "support": {
            "90th": [
                434.0,
                487.0
            ],
            "95th": [
                429.0,
                492.0
            ],
            "99th": [
                420.995,
                502.0049999999999
            ],
            "mean": 460.1995,
            "median": 460.0
        },
        "user_accuracy": {
            "90th": [
                98.6665181885672,
                100.0
            ],
            "95th": [
                98.46491228070175,
                100.0
            ],
            "99th": [
                98.23399558498896,
                100.0
            ],
            "mean": 99.3506408095214,
            "median": 99.36034115138592
        }
    },
    "accuracy": {
        "90th": [
            0.945,
            0.967
        ],
        "95th": [
            0.942,
            0.968
        ],
        "99th": [
            0.937,
            0.9710049999999999
        ],
        "mean": 0.9560605,
        "median": 0.956
    },
    "cohen_kappa": {
        "90th": [
            0.8897249236273534,
            0.9330707836863495
        ],
        "95th": [
            0.8841523938569427,
            0.9360163925562273
        ],
        "99th": [
            0.8742885178872379,
            0.9420391828276061
        ],
        "mean": 0.9120203425111849,
        "median": 0.912115129079444
    },
    "macro avg": {
        "f1-score": {
            "90th": [
                0.9447188712650736,
                0.9665027477158101
            ],
            "95th": [
                0.9419309184575263,
                0.967989683071245
            ],
            "99th": [
                0.9369538374711477,
                0.9710015192952576
            ],
            "mean": 0.9559416270537964,
            "median": 0.9559936630874846
        },
        "precision": {
            "90th": [
                0.9446587247197872,
                0.9660642725101861
            ],
            "95th": [
                0.9426880955983857,
                0.9678077410786788
            ],
            "99th": [
                0.9371239777966541,
                0.9707426245644927
            ],
            "mean": 0.9559201889189229,
            "median": 0.9562324243672773
        },
        "recall": {
            "90th": [
                0.9483652170988562,
                0.9685251856296164
            ],
            "95th": [
                0.9462567768726107,
                0.9704377130425195
            ],
            "99th": [
                0.9419500657635193,
                0.973195370993239
            ],
            "mean": 0.9588262838409433,
            "median": 0.9590735467421176
        }
    },
    "weighted avg": {
        "f1-score": {
            "90th": [
                0.9450019085019085,
                0.9669635021460945
            ],
            "95th": [
                0.9422071503553459,
                0.9680794633642932
            ],
            "99th": [
                0.9371374970638862,
                0.9710492780710842
            ],
            "mean": 0.9561320822080718,
            "median": 0.9561310857145224
        },
        "precision": {
            "90th": [
                0.9492651414140109,
                0.9681145741836176
            ],
            "95th": [
                0.9473205450102785,
                0.9699372425433569
            ],
            "99th": [
                0.9433703745457339,
                0.9724878579872294
            ],
            "mean": 0.9590422695268728,
            "median": 0.9592210720494418
        },
        "recall": {
            "90th": [
                0.945,
                0.967
            ],