overall accuracy,0.954
cohen kappa,0.908
""
Confidence Interval,90%,95%,98%,99%
Overall Accuracy,0.010864179969054272,0.012984019963016081,0.015435084956034423,0.017091209951317087
""
class,f1-score,precision,recall,support
Mangrove,0.9524793388429752,0.9850427350427351,0.922,500
Other,0.9554263565891473,0.9266917293233082,0.986,500
""
macro avg,0.9539528477160613,0.9558672321830217,0.954,1000
weighted (pixel) avg,0.9539528477160613,0.9558672321830216,0.954,1000
""
Confidence Interval,90%,95%,98%,99%
Mangrove,0.009201837321437633,0.010997317774401074,0.013073342048140054,0.014476061152017742
Other,0.018532421224870428,0.02214850341508905,0.02632959844752933,0.029154662658637625
""
Point Count Confusion Matrix
,Mangrove,Other,User Acc
Mangrove,461,39,92.2
Other,7,493,98.6
Producer,98.50427350427351,92.66917293233082
""
