{
    "Mangrove": {
        "f1-score": {
            "90th": [
                0.0,
                0.0
            ],
            "95th": [
                0.0,
                0.0
            ],
            "99th": [
                0.0,
                0.0
            ],
            "mean": 0.0,
            "median": 0.0
        },
        "precision": {
            "90th": [
                0.0,
                0.0
            ],
            "95th": [
                0.0,
                0.0
            ],
            "99th": [
                0.0,
                0.0
            ],
            "mean": 0.0,
            "median": 0.0
        },
        "producer_accuracy": {
            "90th": [
                NaN,
                NaN
            ],
            "95th": [
                NaN,
                NaN
            ],
            "99th": [
                NaN,
                NaN
            ],
            "mean": NaN,
            "median": NaN
        },
        "recall": {
            "90th": [
                0.0,
                0.0
            ],
            "95th": [
                0.0,
                0.0
            ],
            "99th": [
                0.0,
                0.0
            ],
            "mean": 0.0,
            "median": 0.0
        },
        "support": {
            "90th": [
                109.0,
                134.0
            ],
            "95th": [
                107.0,
                136.0
            ],
            "99th": [
                101.0,
                141.0
            ],
            "mean": 121.082,
            "median": 121.0
        },
        "user_accuracy": {
            "90th": [
                0.0,
                0.0
            ],
            "95th": [
                0.0,
                0.0
            ],
            "99th": [
                0.0,
                0.0
            ],
            "mean": 0.0,
            "median": 0.0
        }
    },
    "Other": {
        "f1-score": {
            "90th": [
                0.6338797814207651,
                0.7212276214833758
            ],
            "95th": [
                0.6263736263736264,
                0.727735368956743
            ],
            "99th": [
                0.6072423398328691,
                0.7468671679197995
            ],
            "mean": 0.6799010274525485,
            "median": 0.6807387862796834
        },
        "precision": {
            "90th": [
                0.464,
                0.564
            ],
            "95th": [
                0.456,
                0.572
            ],
            "99th": [
                0.436,
                0.596
            ],
            "mean": 0.515672,
            "median": 0.516
        },
        "producer_accuracy": {
            "90th": [
                46.400000000000006,
                56.39999999999999
            ],
            "95th": [
                45.6,
                57.199999999999996
            ],
            "99th": [
                43.6,
                59.599999999999994
            ],
            "mean": 51.5672,
            "median": 51.6
        },
        "recall": {
            "90th": [
                1.0,
                1.0
            ],
            "95th": [
                1.0,
                1.0
            ],
            "99th": [
                1.0,
                1.0
            ],
            "mean": 1.0,
            "median": 1.0
        },
        "support": {
            "90th": [
                116.0,
                141.0
            ],
            "95th": [
                114.0,
                143.0
            ],
            "99th": [
                109.0,
                149.0
            ],
            "mean": 128.918,
            "median": 129.0
        },
        "user_accuracy": {
            "90th": [
                100.0,
                100.0
            ],
            "95th": [
                100.0,
                100.0
            ],
            "99th": [
                100.0,
                100.0
            ],
            "mean": 100.0,
            "median": 100.0
        }
    },
    "accuracy": {
        "90th": [
            0.464,
            0.564
        ],
        "95th": [
            0.456,
            0.572
        ],
        "99th": [
            0.436,
            0.596
        ],
        "mean": 0.515672,
        "median": 0.516
    },
    "cohen_kappa": {
        "90th": [
            0.0,
            0.0
        ],
        "95th": [
            0.0,
            0.0
        ],
        "99th": [
            0.0,
            0.0
        ],
        "mean": 0.0,
        "median": 0.0
    },
    "macro avg": {
        "f1-score": {
            "90th": [
                0.31693989071038253,
                0.3606138107416879
            ],
            "95th": [
                0.3131868131868132,
                0.3638676844783715
            ],
            "99th": [
                0.30362116991643456,
                0.37343358395989973
            ],
            "mean": 0.3399505137262743,
            "median": 0.3403693931398417
        },
        "precision": {
            "90th": [
                0.232,
                0.282
            ],
            "95th": [
                0.228,
                0.286
            ],
            "99th": [
                0.218,
                0.298
            ],
            "mean": 0.257836,
            "median": 0.258
        },
        "recall": {
            "90th": [
                0.5,
                0.5
            ],
            "95th": [
                0.5,
                0.5
            ],
            "99th": [
                0.5,
                0.5
            ],
            "mean": 0.5,
            "median": 0.5
        }
    },
    "weighted avg": {
        "f1-score": {
            "90th": [
                0.294120218579235,
                0.40677237851662396
            ],
            "95th": [
                0.2856263736263736,
                0.416264631043257
            ],
            "99th": [
                0.2647576601671309,
                0.4451328320802005
            ],
            "mean": 0.35144297254745144,
            "median": 0.35126121372031666
        },
        "precision": {
            "90th": [
                0.21529600000000002,
                0.31809599999999993
            ],
            "95th": [
                0.207936,
                0.327184
            ],
            "99th": [
                0.19009600000000001,
                0.35521600000000003
            ],
            "mean": 0.266877328,
            "median": 0.26625600000000005
        },
        "recall": {
            "90th": [
                0.464,
                0.564
            ],
            "95th": [
                0.456,
                0.572
            ],
            "99th": [
                0.436,
                0.596
            ],
            "mean": 0.515672,
            "median": 0.516
        }
    }
}