{
    "Mangrove": {
        "f1-score": {
            "90th": [
                0.9144845917148894,
                0.9485549210005706
            ],
            "95th": [
                0.9108538432833743,
                0.9517476232003467
            ],
            "99th": [
                0.9035354216367596,
                0.9580106034681961
            ],
            "mean": 0.9324540823432301,
            "median": 0.9331103678929766
        },
        "precision": {
            "90th": [
                0.9830508474576272,
                1.0
            ],
            "95th": [
                0.9819494584837545,
                1.0
            ],
            "99th": [
                0.9782576249188839,
                1.0
            ],
            "mean": 0.9928371587457868,
            "median": 0.9930555555555556
        },
        "producer_accuracy": {
            "90th": [
                98.30508474576271,
                100.0
            ],
            "95th": [
                98.19494584837545,
                100.0
            ],
            "99th": [
                97.82576249188838,
                100.0
            ],
            "mean": 99.28371587457869,
            "median": 99.30555555555556
        },
        "recall": {
            "90th": [
                0.8488691397721408,
                0.9072544283413849
            ],
            "95th": [
                0.8424310237527227,
                0.9126536519911421
            ],
            "99th": [
                0.8318236160688991,
                0.9238114674441205
            ],
            "mean": 0.8791792583103674,
            "median": 0.8801261829652997
        },
        "support": {
            "90th": [
                302.0,
                343.0
            ],
            "95th": [
                298.0,
                347.0
            ],
            "99th": [
                291.995,
                354.0
            ],
            "mean": 323.019,
            "median": 323.0
        },
        "user_accuracy": {
            "90th": [
                84.88691397721408,
                90.72544283413849
            ],
            "95th": [
                84.24310237527227,
                91.26536519911421
            ],
            "99th": [
                83.18236160688991,
                92.38114674441205
            ],
            "mean": 87.91792583103674,
            "median": 88.01261829652996
        }
    },
    "Other": {
        "f1-score": {
            "90th": [
                0.9125577095610391,
                0.9473684210526315
            ],
            "95th": [
                0.9087717729027398,
                0.9500806538784538
            ],
            "99th": [
                0.9008107881078811,
                0.956229717748296
            ],
            "mean": 0.9303876890249237,
            "median": 0.930728241563055
        },
        "precision": {
            "90th": [
                0.8451591180623439,
                0.9049180327868852
            ],
            "95th": [
                0.837995565212215,
                0.9106531685433317
            ],
            "99th": [
                0.8249983766233766,
                0.9220841458860627
            ],
            "mean": 0.8756928772014442,
            "median": 0.8762214983713354
        },
        "producer_accuracy": {
            "90th": [
                84.51591180623439,
                90.49180327868852
            ],
            "95th": [
                83.79955652122149,
                91.06531685433316
            ],
            "99th": [
                82.49983766233767,
                92.20841458860627
            ],
            "mean": 87.5692877201444,
            "median": 87.62214983713355
        },
        "recall": {
            "90th": [
                0.9829931972789115,
                1.0
            ],
            "95th": [
                0.981549815498155,
                1.0
            ],
            "99th": [
                0.977269632118854,
                1.0
            ],
            "mean": 0.992622167930188,
            "median": 0.9928571428571429
        },
        "support": {
            "90th": [
                257.0,
                298.0
            ],
            "95th": [
                253.0,
                302.0
            ],
            "99th": [
                246.0,
                308.0049999999999
            ],
            "mean": 276.981,
            "median": 277.0
        },
        "user_accuracy": {
            "90th": [
                98.29931972789116,
                100.0
            ],
            "95th": [
                98.1549815498155,
                100.0
            ],
            "99th": [
                97.72696321188539,
                100.0
            ],
            "mean": 99.2622167930188,
            "median": 99.28571428571429
        }
    },
    "accuracy": {
        "90th": [
            0.915,
            0.9466666666666667
        ],
        "95th": [
            0.9116666666666666,
            0.9500416666666665
        ],
        "99th": [
            0.9016666666666666,
            0.9566666666666667
        ],
        "mean": 0.9315450000000001,
        "median": 0.9316666666666666
    },
    "cohen_kappa": {
        "90th": [
            0.8306585500830106,
            0.8935993349958438
        ],
        "95th": [
            0.8240366977028245,
            0.900276377812483
        ],
        "99th": [
            0.8049277663851325,
            0.9130453123793343
        ],
        "mean": 0.8634000036374448,
        "median": 0.8637481444708636
    },
    "macro avg": {
        "f1-score": {
            "90th": [
                0.9147995418044358,
                0.9466666666666667
            ],
            "95th": [
                0.9115117130659219,
                0.9500330119725988
            ],
            "99th": [
                0.901659760984708,
                0.9564740273639032
            ],
            "mean": 0.9314208856840769,
            "median": 0.931634572896721
        },
        "precision": {
            "90th": [
                0.9185277348056392,
                0.9492864027761847
            ],
            "95th": [
                0.9154857205214322,
                0.9520028360288388
            ],
            "99th": [
                0.907982183935737,
                0.9576153758273982
            ],
            "mean": 0.9342650179736155,
            "median": 0.9345071361878085
        },
        "recall": {
            "90th": [
                0.9199927405871121,
                0.9505291750083418
            ],
            "95th": [
                0.9169138526201231,
                0.953456277956278
            ],
            "99th": [
                0.9104246464982689,
                0.9591994290876625
            ],
            "mean": 0.9359007131202777,
            "median": 0.9363325031133249
        }
    },
    "weighted avg": {
        "f1-score": {
            "90th": [
                0.9149001025230677,
                0.9468679424596216
            ],
            "95th": [
                0.9115949590767487,
                0.9502681661605467
            ],
            "99th": [
                0.9018546888877322,
                0.9566829613231661
            ],
            "mean": 0.9316102036633381,
            "median": 0.9318074606295018
        },
        "precision": {
            "90th": [
                0.9254844206416346,
                0.9518502194353621
            ],
            "95th": [
                0.9226371295292136,
                0.9545233710061074
            ],
            "99th": [
                0.9165943105541356,
                0.9592736166212716
            ],
            "mean": 0.9389596027094121,
            "median": 0.939046071623018
        },