overall accuracy,0.93
cohen kappa,0.8591722457556079
""
Confidence Interval,90%,95%,98%,99%
Overall Accuracy,0.017082786657919714,0.02041601332287966,0.024270056654239598,0.026874139986239554
""
class,f1-score,precision,recall,support
Mangrove,0.924187725631769,0.924187725631769,0.924187725631769,277
Other,0.934984520123839,0.934984520123839,0.934984520123839,323
""
macro avg,0.929586122877804,0.929586122877804,0.929586122877804,600
weighted (pixel) avg,0.93,0.93,0.93,600
""
Confidence Interval,90%,95%,98%,99%
Mangrove,0.026082776770146216,0.031172099066760113,0.03705662797221993,0.04103266101644954
Other,0.02249848027359425,0.026888427644051666,0.03196430429114305,0.03539395067431291
""
Point Count Confusion Matrix
,Mangrove,Other,User Acc
Mangrove,256,21,92.4187725631769
Other,21,302,93.49845201238391
Producer,92.4187725631769,93.49845201238391
""
