{
    "Mangrove": {
        "f1-score": {
            "90th": [
                0.831629479377958,
                0.8855534709193247
            ],
            "95th": [
                0.825460382647241,
                0.8901960784313725
            ],
            "99th": [
                0.8136241588868794,
                0.8996149193690178
            ],
            "mean": 0.8592179592855257,
            "median": 0.859344894026975
        },
        "precision": {
            "90th": [
                0.8024146661665416,
                0.8759705426356589
            ],
            "95th": [
                0.7962888888888888,
                0.883538806388344
            ],
            "99th": [
                0.7822555043522785,
                0.8972470355731222
            ],
            "mean": 0.8398467884317747,
            "median": 0.8404669260700389
        },
        "producer_accuracy": {
            "90th": [
                80.24146661665415,
                87.5970542635659
            ],
            "95th": [
                79.6288888888889,
                88.35388063883441
            ],
            "99th": [
                78.22555043522785,
                89.72470355731222
            ],
            "mean": 83.98467884317748,
            "median": 84.04669260700389
        },
        "recall": {
            "90th": [
                0.8461386439647309,
                0.9125623539261172
            ],
            "95th": [
                0.8393538861327664,
                0.9177008476137829
            ],
            "99th": [
                0.8199165817934915,
                0.9268325265313722
            ],
            "mean": 0.879981296886118,
            "median": 0.8800826446280992
        },
        "support": {
            "90th": [
                231.0,
                270.0
            ],
            "95th": [
                227.0,
                274.0
            ],
            "99th": [
                220.995,
                283.0
            ],
            "mean": 250.405,
            "median": 250.0
        },
        "user_accuracy": {
            "90th": [
                84.61386439647309,
                91.25623539261171
            ],
            "95th": [
                83.93538861327663,
                91.7700847613783
            ],
            "99th": [
                81.99165817934914,
                92.68325265313722
            ],
            "mean": 87.99812968861181,
            "median": 88.0082644628099
        }
    },
    "Other": {
        "f1-score": {
            "90th": [
                0.8744326777609683,
                0.9141277897517902
            ],
            "95th": [
                0.8700536396590576,
                0.9172536598935936
            ],
            "99th": [
                0.8618572862803632,
                0.9242003035719469
            ],
            "mean": 0.8950262314352481,
            "median": 0.8951841359773371
        },
        "precision": {
            "90th": [
                0.8847262247838616,
                0.936231884057971
            ],
            "95th": [
                0.8783327305457146,
                0.9397650602409638
            ],
            "99th": [
                0.8695602484472049,
                0.9454550664235478
            ],
            "mean": 0.9110361596916503,
            "median": 0.9115448953162097
        },
        "producer_accuracy": {
            "90th": [
                88.47262247838617,
                93.6231884057971
            ],
            "95th": [
                87.83327305457145,
                93.97650602409638
            ],
            "99th": [
                86.9560248447205,
                94.54550664235478
            ],
            "mean": 91.10361596916502,
            "median": 91.15448953162098
        },
        "recall": {
            "90th": [
                0.8502912431268254,
                0.9071886661459689
            ],
            "95th": [
                0.8461484593837535,
                0.9120274064781969
            ],
            "99th": [
                0.8356529698263641,
                0.9241635886771369
            ],
            "mean": 0.8798264954989172,
            "median": 0.8799441340782124
        },
        "support": {
            "90th": [
                330.0,
                369.0
            ],
            "95th": [
                326.0,
                373.0
            ],
            "99th": [
                317.0,
                379.0049999999999
            ],
            "mean": 349.595,
            "median": 350.0
        },
        "user_accuracy": {
            "90th": [
                85.02912431268254,
                90.71886661459689
            ],
            "95th": [
                84.61484593837535,
                91.2027406478197
            ],
            "99th": [
                83.5652969826364,
                92.4163588677137
            ],
            "mean": 87.98264954989172,
            "median": 87.99441340782124
        }
    },
    "accuracy": {
        "90th": [
            0.8583333333333333,
            0.9
        ],
        "95th": [
            0.8533333333333334,
            0.905
        ],
        "99th": [
            0.8449916666666667,
            0.9133333333333333
        ],
        "mean": 0.8799058333333334,
        "median": 0.88
    },
    "cohen_kappa": {
        "90th": [
            0.7104298615950984,
            0.7965836072856973
        ],
        "95th": [
            0.6996120229357975,
            0.8043799330381588
        ],
        "99th": [
            0.6815863048105588,
            0.8233859626267823
        ],
        "mean": 0.7543951454506028,
        "median": 0.7548745269752781
    },
    "macro avg": {
        "f1-score": {
            "90th": [
                0.8551135774213671,
                0.8982853702893963
            ],
            "95th": [
                0.849638829892039,
                0.9021513459958542
            ],
            "99th": [
                0.8407126134098957,
                0.9116837826515246
            ],
            "mean": 0.8771220953603868,
            "median": 0.8772700918792447
        },
        "precision": {
            "90th": [
                0.8532371347530503,
                0.89713049857305
            ],
            "95th": [
                0.8477523604202777,
                0.9009255414487384
            ],
            "99th": [
                0.8385323868758529,
                0.9111248791941033
            ],
            "mean": 0.8754414740617125,
            "median": 0.8755235626612452
        },
        "recall": {
            "90th": [
                0.8575257470283714,
                0.9014378149308458
            ],
            "95th": [
                0.8530158471612518,
                0.9047365438172885
            ],
            "99th": [
                0.8427014545313685,
                0.9128996613772634
            ],
            "mean": 0.8799038961925175,
            "median": 0.8799110366888763
        }
    },
    "weighted avg": {
        "f1-score": {
            "90th": [
                0.8587630879294805,
                0.900577637252084
            ],
            "95th": [
                0.8535966777345187,
                0.9050283771717506
            ],
            "99th": [
                0.845040230774323,
                0.9133759254941932
            ],
            "mean": 0.8802649949226975,
            "median": 0.8804059515027367
        },
        "precision": {
            "90th": [
                0.86,
                0.9020750877716717
            ],
            "95th": [
                0.8554851279523098,
                0.9055999128760605
            ],
            "99th": [
                0.8460016358892868,
                0.9134399572209839
            ],
            "mean": 0.8816708896977532,