overall accuracy,0.679
cohen kappa,0.3930616165359512
""
Confidence Interval,90%,95%,98%,99%
Overall Accuracy,0.0171204924929162,0.02046107639397302,0.02432362652956997,0.026933457702270607
""
class,f1-score,precision,recall,support
Mangrove,0.6032138442521633,0.9721115537848606,0.43727598566308246,1116
Other,0.7304785894206549,0.5807743658210948,0.9841628959276018,884
""
macro avg,0.6668462168364091,0.7764429598029776,0.7107194407953421,2000
weighted (pixel) avg,0.6594648616166366,0.7991405167048761,0.679,2000
""
Confidence Interval,90%,95%,98%,99%
Mangrove,0.012052085421827133,0.01440371184559828,0.01712277989808367,0.01895998804165488
Other,0.020908148508174625,0.024987787241476992,0.029704869526857854,0.03289208728725033
""
Point Count Confusion Matrix
,Mangrove,Other,User Acc
Mangrove,488,628,43.727598566308245
Other,14,870,98.41628959276018
Producer,97.21115537848605,58.07743658210948
""
