{
    "Mangrove": {
        "f1-score": {
            "90th": [
                0.9844357976653696,
                0.9949854568711138
            ],
            "95th": [
                0.9830160265266648,
                0.9958419958419957
            ],
            "99th": [
                0.9801755299972741,
                0.9969419581179466
            ],
            "mean": 0.9899631278876825,
            "median": 0.9900990099009901
        },
        "precision": {
            "90th": [
                0.9789272030651341,
                0.9958767129099317
            ],
            "95th": [
                0.9774590163934426,
                0.996078623230114
            ],
            "99th": [
                0.9745759388501163,
                0.9980392348720311
            ],
            "mean": 0.9879868172004913,
            "median": 0.9881889763779528
        },
        "producer_accuracy": {
            "90th": [
                97.89272030651341,
                99.58767129099317
            ],
            "95th": [
                97.74590163934425,
                99.6078623230114
            ],
            "99th": [
                97.45759388501163,
                99.80392348720311
            ],
            "mean": 98.79868172004912,
            "median": 98.81889763779527
        },
        "recall": {
            "90th": [
                0.9849330719527242,
                0.998
            ],
            "95th": [
                0.983330223880597,
                0.9980732177263969
            ],
            "99th": [
                0.9805821457635459,
                1.0
            ],
            "mean": 0.9919674593940192,
            "median": 0.9920792079207921
        },
        "support": {
            "90th": [
                472.0,
                524.0
            ],
            "95th": [
                467.0,
                530.0249999999999
            ],
            "99th": [
                454.995,
                540.0049999999999
            ],
            "mean": 498.6485,
            "median": 499.0
        },
        "user_accuracy": {
            "90th": [
                98.49330719527241,
                99.8
            ],
            "95th": [
                98.3330223880597,
                99.8073217726397
            ],
            "99th": [
                98.05821457635459,
                100.0
            ],
            "mean": 99.19674593940191,
            "median": 99.20792079207921
        }
    },
    "Other": {
        "f1-score": {
            "90th": [
                0.9845185230245148,
                0.995004995004995
            ],
            "95th": [
                0.9831164896571457,
                0.99586798159666
            ],
            "99th": [
                0.9805064512178718,
                0.997032699419684
            ],
            "mean": 0.9899784903326152,
            "median": 0.9901185770750989
        },
        "precision": {
            "90th": [
                0.9853135204478308,
                0.998019801980198
            ],
            "95th": [
                0.9830848852919658,
                0.9980879541108987
            ],
            "99th": [
                0.9795079863331875,
                1.0
            ],
            "mean": 0.9919704500654279,
            "median": 0.9920948616600791
        },
        "producer_accuracy": {
            "90th": [
                98.53135204478309,
                99.8019801980198
            ],
            "95th": [
                98.30848852919658,
                99.80879541108987
            ],
            "99th": [
                97.95079863331874,
                100.0
            ],
            "mean": 99.19704500654281,
            "median": 99.2094861660079
        },
        "recall": {
            "90th": [
                0.9791247528840122,
                0.9958940636508317
            ],
            "95th": [
                0.9775510204081632,
                0.9961089494163424
            ],
            "99th": [
                0.974707924697173,
                0.9980507012234433
            ],
            "mean": 0.9880142768261251,
            "median": 0.9881656804733728
        },
        "support": {
            "90th": [
                476.0,
                528.0
            ],
            "95th": [
                469.975,
                533.0
            ],
            "99th": [
                459.995,
                545.0049999999999
            ],
            "mean": 501.3515,
            "median": 501.0
        },
        "user_accuracy": {
            "90th": [
                97.91247528840123,
                99.58940636508316
            ],
            "95th": [
                97.75510204081633,
                99.61089494163424
            ],
            "99th": [
                97.47079246971731,
                99.80507012234433
            ],
            "mean": 98.8014276826125,
            "median": 98.81656804733728
        }
    },
    "accuracy": {
        "90th": [
            0.984,
            0.995
        ],
        "95th": [
            0.983,
            0.996
        ],
        "99th": [
            0.981,
            0.997
        ],
        "mean": 0.989981,
        "median": 0.99
    },
    "cohen_kappa": {
        "90th": [
            0.9680014783297314,
            0.9899956020666381
        ],
        "95th": [
            0.9659971981614888,
            0.9919871802897424
        ],
        "99th": [
            0.9619366636493468,
            0.9939968303264124
        ],
        "mean": 0.9799419341805717,
        "median": 0.9799949187092721
    },
    "macro avg": {
        "f1-score": {
            "90th": [
                0.983999935999744,
                0.9949977940271659
            ],
            "95th": [
                0.9829985616697221,
                0.9959935897435896
            ],
            "99th": [
                0.9809678575229475,
                0.9969984121600326
            ],
            "mean": 0.9899708091101488,
            "median": 0.9899974393444722
        },
        "precision": {
            "90th": [
                0.9842944643633204,
                0.994996123937983
            ],
            "95th": [
                0.983003383157151,
                0.9958999077892072
            ],
            "99th": [
                0.9809089693371162,
                0.9969765810062178
            ],
            "mean": 0.9899786336329596,
            "median": 0.9900231020500893
        },
        "recall": {
            "90th": [
                0.9844504169076537,
                0.9950058202095275
            ],
            "95th": [
                0.9830568288522216,
                0.9959411482048794
            ],
            "99th": [
                0.9808202338007621,
                0.9970000761795019
            ],
            "mean": 0.9899908681100722,
            "median": 0.9900304047728692
        }
    },
    "weighted avg": {
        "f1-score": {
            "90th": [
                0.9840053852359255,
                0.9950000150000151
            ],
            "95th": [
                0.9830010632617731,
                0.9959997609864437
            ],
            "99th": [
                0.9809964782726689,
                0.9969999972400476
            ],
            "mean": 0.9899810715655921,
            "median": 0.990000200020002
        },
        "precision": {
            "90th": [
                0.9842722578584994,
                0.9950023895828886
            ],
            "95th": [
                0.983042430848129,
                0.996
            ],
            "99th": [
                0.981002075248301,
                0.997001988489955
            ],
            "mean": 0.9900089666454674,
            "median": 0.9900300973360656
        },