{
    "Mangrove": {
        "f1-score": 0.7181628392484343,
        "precision": 0.5657894736842105,
        "recall": 0.9828571428571429,
        "support": 175
    },
    "Other": {
        "f1-score": 0.8127600554785022,
        "precision": 0.9898648648648649,
        "recall": 0.6894117647058824,
        "support": 425
    },
    "accuracy": 0.775,
    "accuracy_conf_interval": [
        0.027958272478821,
        0.03341354515761534,
        0.0397212041924713,
        0.043983135972779384
    ],
    "cls_confidence_intervals": {
        "Mangrove": [
            0.04662133031141252,
            0.055718175250224725,
            0.06623640221072633,
            0.07334331231917336
        ],
        "Other": [
            0.009547742968417743,
            0.011410717206157791,
            0.013564781168544723,
            0.015020229791779135
        ]
    },
    "cohen_kappa": 0.5524861878453039,
    "confusion_matrix": [
        [
            172,
            3
        ],
        [
            132,
            293
        ]
    ],
    "macro avg": {
        "f1-score": 0.7654614473634682,
        "precision": 0.7778271692745378,
        "recall": 0.8361344537815126,
        "support": 600
    },
    "producer_accuracy": [
        56.57894736842105,
        98.98648648648648
    ],
    "user_accuracy": [
        98.28571428571429,
        68.94117647058823
    ],
    "weighted avg": {
        "f1-score": 0.7851692007447324,
        "precision": 0.8661762091038409,
        "recall": 0.775,
        "support": 600
    }
}