overall accuracy,0.986
cohen kappa,0.972
""
Confidence Interval,90%,95%,98%,99%
Overall Accuracy,0.006093212486037232,0.007282131995507912,0.008656820178333385,0.009585663545107353
""
class,f1-score,precision,recall,support
Mangrove,0.9858870967741936,0.978,0.9939024390243902,492
Other,0.9861111111111112,0.994,0.9783464566929134,508
""
macro avg,0.9859991039426523,0.986,0.9861244478586518,1000
weighted (pixel) avg,0.9860008960573478,0.9861279999999999,0.986,1000
""
Confidence Interval,90%,95%,98%,99%
Mangrove,0.010758199998140957,0.012857360973387973,0.015284515851017337,0.01692448536292907
Other,0.00566405762682544,0.006769239602791379,0.008047106262501998,0.008910529681225387
""
Point Count Confusion Matrix
,Mangrove,Other,User Acc
Mangrove,489,3,99.39024390243902
Other,11,497,97.83464566929135
Producer,97.8,99.4
""
