overall accuracy,0.972
cohen kappa,0.9440020159274266
""
Confidence Interval,90%,95%,98%,99%
Overall Accuracy,0.008555708830950248,0.010225115432111274,0.012155366814703708,0.013459590721860759
""
class,f1-score,precision,recall,support
Mangrove,0.9717741935483872,0.9620758483033932,0.9816700610997964,491
Other,0.9722222222222221,0.9819639278557114,0.962671905697446,509
""
macro avg,0.9719982078853047,0.9720198880795523,0.9721709833986212,1000
weighted (pixel) avg,0.9720022401433691,0.9721988807955232,0.972,1000
""
Confidence Interval,90%,95%,98%,99%
Mangrove,0.013995472938675488,0.01672629692670973,0.019883812162874322,0.022017268403526073
Other,0.009770399555805128,0.01167681898132808,0.013881116442088995,0.0153705066182788
""
Point Count Confusion Matrix
,Mangrove,Other,User Acc
Mangrove,482,9,98.16700610997964
Other,19,490,96.2671905697446
Producer,96.20758483033931,98.19639278557113
""
