overall accuracy,0.964
cohen kappa,0.9280161243881371
""
Confidence Interval,90%,95%,98%,99%
Overall Accuracy,0.009661256564236354,0.011546379796282473,0.013726053533335798,0.015198806058371827
""
class,f1-score,precision,recall,support
Mangrove,0.9630390143737166,0.9342629482071713,0.9936440677966102,472
Other,0.9649122807017544,0.9939759036144579,0.9375,528
""
macro avg,0.9639756475377355,0.9641194259108146,0.9655720338983051,1000
weighted (pixel) avg,0.9640280989949206,0.9657913886622187,0.964,1000
""
Confidence Interval,90%,95%,98%,99%
Mangrove,0.018139765298036053,0.021679231697652842,0.02577173972220976,0.028536947846910375
Other,0.005686735916495694,0.006796342924592414,0.008079326027704248,0.00894620650277981
""
Point Count Confusion Matrix
,Mangrove,Other,User Acc
Mangrove,469,3,99.36440677966102
Other,33,495,93.75
Producer,93.42629482071713,99.3975903614458
""
