{
    "Mangrove": {
        "f1-score": {
            "90th": [
                0.9397318287205927,
                0.963257604928764
            ],
            "95th": [
                0.9375592154916617,
                0.9648258846892437
            ],
            "99th": [
                0.9322827890145103,
                0.969349805797134
            ],
            "mean": 0.9516881849692561,
            "median": 0.9518072289156627
        },
        "precision": {
            "90th": [
                0.9308872717036742,
                0.9635332240241827
            ],
            "95th": [
                0.9277264994959677,
                0.9664031620553359
            ],
            "99th": [
                0.9219992184368738,
                0.9737915008378717
            ],
            "mean": 0.9477859315967155,
            "median": 0.9482930006169877
        },
        "producer_accuracy": {
            "90th": [
                93.08872717036743,
                96.35332240241827
            ],
            "95th": [
                92.77264994959677,
                96.6403162055336
            ],
            "99th": [
                92.19992184368738,
                97.37915008378718
            ],
            "mean": 94.77859315967156,
            "median": 94.82930006169877
        },
        "recall": {
            "90th": [
                0.9396256325833792,
                0.9707035336035564
            ],
            "95th": [
                0.936127744510978,
                0.9731804716198602
            ],
            "99th": [
                0.9295486172883434,
                0.9790486465125469
            ],
            "mean": 0.9557181593122912,
            "median": 0.9559252604826511
        },
        "support": {
            "90th": [
                470.0,
                522.0
            ],
            "95th": [
                465.0,
                527.0
            ],
            "99th": [
                456.0,
                535.0
            ],
            "mean": 495.5945,
            "median": 495.0
        },
        "user_accuracy": {
            "90th": [
                93.96256325833791,
                97.07035336035565
            ],
            "95th": [
                93.6127744510978,
                97.31804716198602
            ],
            "99th": [
                92.95486172883433,
                97.9048646512547
            ],
            "mean": 95.57181593122911,
            "median": 95.59252604826511
        }
    },
    "Other": {
        "f1-score": {
            "90th": [
                0.9403548856117029,
                0.963639040057097
            ],
            "95th": [
                0.938121986116263,
                0.9651758585424417
            ],
            "99th": [
                0.9325396825396827,
                0.96884496124031
            ],
            "mean": 0.952135674696264,
            "median": 0.9524271396240358
        },
        "precision": {
            "90th": [
                0.9399546505018319,
                0.970873786407767
            ],
            "95th": [
                0.9365376984126984,
                0.9735261068399549
            ],
            "99th": [
                0.9306034524481729,
                0.9786376902230559
            ],
            "mean": 0.9561416048021614,
            "median": 0.9564315352697096
        },
        "producer_accuracy": {
            "90th": [
                93.99546505018318,
                97.0873786407767
            ],
            "95th": [
                93.65376984126985,
                97.3526106839955
            ],
            "99th": [
                93.0603452448173,
                97.86376902230559
            ],
            "mean": 95.61416048021614,
            "median": 95.64315352697096
        },
        "recall": {
            "90th": [
                0.931365807619708,
                0.9642857142857143
            ],
            "95th": [
                0.9285714285714286,
                0.966669921875
            ],
            "99th": [
                0.9230737833594977,
                0.974360473834158
            ],
            "mean": 0.9482558043568106,
            "median": 0.9486123689177408
        },
        "support": {
            "90th": [
                478.0,
                530.0
            ],
            "95th": [
                473.0,
                535.0
            ],
            "99th": [
                465.0,
                544.0
            ],
            "mean": 504.4055,
            "median": 505.0
        },
        "user_accuracy": {
            "90th": [
                93.1365807619708,
                96.42857142857143
            ],
            "95th": [
                92.85714285714286,
                96.6669921875
            ],
            "99th": [
                92.30737833594976,
                97.4360473834158
            ],
            "mean": 94.82558043568108,
            "median": 94.86123689177407
        }
    },
    "accuracy": {
        "90th": [
            0.94,
            0.963
        ],
        "95th": [
            0.938,
            0.965
        ],
        "99th": [
            0.932,
            0.9690049999999999
        ],
        "mean": 0.9519584999999999,
        "median": 0.952
    },
    "cohen_kappa": {
        "90th": [
            0.8800209962686678,
            0.9259970990853843
        ],
        "95th": [
            0.875964277711981,
            0.9299849607656397
        ],
        "99th": [
            0.8639957209811401,
            0.93800845029092
        ],
        "mean": 0.903830413456586,
        "median": 0.9039848296026931
    },
    "macro avg": {
        "f1-score": {
            "90th": [
                0.9399990399846399,
                0.9629981869111586
            ],
            "95th": [
                0.9379799054893787,
                0.9649847963354127
            ],
            "99th": [
                0.9319954027136998,
                0.9690039378924163
            ],
            "mean": 0.9519119298327601,
            "median": 0.9519877088534665
        },
        "precision": {
            "90th": [
                0.9402049594243082,
                0.9631050590198974
            ],
            "95th": [
                0.9380058289125431,
                0.9649927595582548
            ],
            "99th": [
                0.932018693063968,
                0.9691068521109184
            ],
            "mean": 0.9519637681994385,
            "median": 0.952074606622898
        },
        "recall": {
            "90th": [
                0.9404429731980591,
                0.9630883619616092
            ],
            "95th": [
                0.9379997751964031,
                0.9650057948944398
            ],
            "99th": [
                0.9321999208093957,
                0.9690252708011374
            ],
            "mean": 0.951986981834551,
            "median": 0.9520683913934427
        }
    },
    "weighted avg": {
        "f1-score": {
            "90th": [
                0.9400249532741025,
                0.9630035405702709
            ],
            "95th": [
                0.9379999937999751,
                0.9650002467617763
            ],
            "99th": [
                0.9320151949332423,
                0.969005409784148
            ],
            "mean": 0.9519591936428892,
            "median": 0.9520023042396446
        },
        "precision": {
            "90th": [
                0.9404081669189562,
                0.9631136759008837
            ],
            "95th": [
                0.9380526174478534,
                0.9650151258802881
            ],
            "99th": [
                0.9321970873268438,
                0.969047387631686
            ],
            "mean": 0.952086534550391,
            "median": 0.9521326133414756
        },