overall accuracy,0.975
cohen kappa,0.95
""
Confidence Interval,90%,95%,98%,99%
Overall Accuracy,0.008096851239833919,0.00967672465248444,0.011503453285861604,0.012737729389494823
""
class,f1-score,precision,recall,support
Mangrove,0.9745158002038735,0.956,0.9937629937629938,481
Other,0.9754661432777233,0.994,0.9576107899807321,519
""
macro avg,0.9749909717407984,0.975,0.975686891871863,1000
weighted (pixel) avg,0.9750090282592017,0.975722,0.975,1000
""
Confidence Interval,90%,95%,98%,99%
Mangrove,0.01504229599496035,0.017977378140318467,0.021371066870888793,0.02366409979694982
Other,0.00566405762682544,0.006769239602791379,0.008047106262501998,0.008910529681225387
""
Point Count Confusion Matrix
,Mangrove,Other,User Acc
Mangrove,478,3,99.37629937629939
Other,22,497,95.76107899807322
Producer,95.6,99.4
""
