{
    "Mangrove": {
        "f1-score": 0.9326765188834155,
        "precision": 0.993006993006993,
        "recall": 0.8792569659442725,
        "support": 323
    },
    "Other": {
        "f1-score": 0.9306260575296108,
        "precision": 0.8757961783439491,
        "recall": 0.9927797833935018,
        "support": 277
    },
    "accuracy": 0.9316666666666666,
    "accuracy_conf_interval": [
        0.01689331206698653,
        0.020189568080057074,
        0.02400086409516989,
        0.026576064105381252
    ],
    "cls_confidence_intervals": {
        "Mangrove": [
            0.008081071813723443,
            0.009657866313962165,
            0.011481034954863186,
            0.012712905658174687
        ],
        "Other": [
            0.03052446257722215,
            0.03648045527521672,
            0.04336707183227294,
            0.04802019112758119
        ]
    },
    "cohen_kappa": 0.8638205531321272,
    "confusion_matrix": [
        [
            284,
            39
        ],
        [
            2,
            275
        ]
    ],
    "macro avg": {
        "f1-score": 0.9316512882065131,
        "precision": 0.934401585675471,
        "recall": 0.9360183746688872,
        "support": 600
    },
    "producer_accuracy": [
        99.3006993006993,
        87.57961783439491
    ],
    "user_accuracy": [
        87.92569659442725,
        99.27797833935018
    ],
    "weighted avg": {
        "f1-score": 0.9317298892250756,
        "precision": 0.9388946669042211,
        "recall": 0.9316666666666666,
        "support": 600
    }
}