overall accuracy,0.87
cohen kappa,0.7329529243937232
""
Confidence Interval,90%,95%,98%,99%
Overall Accuracy,0.022516429557103406,0.026909879226782122,0.03198980540734814,0.03542218796178463
""
class,f1-score,precision,recall,support
Mangrove,0.8374999999999999,0.9804878048780488,0.730909090909091,275
Other,0.8916666666666667,0.8126582278481013,0.9876923076923076,325
""
macro avg,0.8645833333333333,0.896573016363075,0.8593006993006993,600
weighted (pixel) avg,0.8668402777777777,0.8895801173201605,0.87,600
""
Confidence Interval,90%,95%,98%,99%
Mangrove,0.015843133466861305,0.018934476582346437,0.022508842059626125,0.024923953868598886
Other,0.032197086968256294,0.0384794454010868,0.04574342233904706,0.050651514864695886
""
Point Count Confusion Matrix
,Mangrove,Other,User Acc
Mangrove,201,74,73.0909090909091
Other,4,321,98.76923076923076
Producer,98.04878048780488,81.26582278481013
""
