{
    "Mangrove": {
        "f1-score": {
            "90th": [
                0.7929793510324484,
                0.8509248782544067
            ],
            "95th": [
                0.7862428476032105,
                0.8557778776978416
            ],
            "99th": [
                0.7744320024660581,
                0.8655177801724139
            ],
            "mean": 0.8214947009925648,
            "median": 0.8217302499480718
        },
        "precision": {
            "90th": [
                0.7388535031847133,
                0.8184818481848185
            ],
            "95th": [
                0.7326388888888888,
                0.8273671796023813
            ],
            "99th": [
                0.717947014226084,
                0.8397448717948718
            ],
            "mean": 0.7800364409397098,
            "median": 0.7810457516339869
        },
        "producer_accuracy": {
            "90th": [
                73.88535031847134,
                81.84818481848185
            ],
            "95th": [
                73.26388888888889,
                82.73671796023812
            ],
            "99th": [
                71.7947014226084,
                83.97448717948718
            ],
            "mean": 78.00364409397098,
            "median": 78.10457516339869
        },
        "recall": {
            "90th": [
                0.8333042973286876,
                0.9015271132376396
            ],
            "95th": [
                0.8260711462450593,
                0.9077503860144984
            ],
            "99th": [
                0.8140477799076139,
                0.9185324833029748
            ],
            "mean": 0.8681772519715314,
            "median": 0.868421052631579
        },
        "support": {
            "90th": [
                251.0,
                293.0
            ],
            "95th": [
                248.0,
                296.02499999999986
            ],
            "99th": [
                243.0,
                301.0049999999999
            ],
            "mean": 271.488,
            "median": 271.0
        },
        "user_accuracy": {
            "90th": [
                83.33042973286877,
                90.15271132376395
            ],
            "95th": [
                82.60711462450593,
                90.77503860144985
            ],
            "99th": [
                81.40477799076139,
                91.85324833029748
            ],
            "mean": 86.81772519715314,
            "median": 86.8421052631579
        }
    },
    "Other": {
        "f1-score": {
            "90th": [
                0.8097521636506688,
                0.8626260727933345
            ],
            "95th": [
                0.8052373158756138,
                0.8686275598918083
            ],
            "99th": [
                0.7966637574768897,
                0.8776792469237792
            ],
            "mean": 0.8365475630170682,
            "median": 0.8367670364500793
        },
        "precision": {
            "90th": [
                0.8471739636455975,
                0.91
            ],
            "95th": [
                0.8413695625685391,
                0.9153650025417267
            ],
            "99th": [
                0.8276946239717979,
                0.9253282770284377
            ],
            "mean": 0.8798503380149341,
            "median": 0.88
        },
        "producer_accuracy": {
            "90th": [
                84.71739636455975,
                91.0
            ],
            "95th": [
                84.1369562568539,
                91.53650025417268
            ],
            "99th": [
                82.7694623971798,
                92.53282770284378
            ],
            "mean": 87.98503380149342,
            "median": 88.0
        },
        "recall": {
            "90th": [
                0.760932944606414,
                0.8347838912402206
            ],
            "95th": [
                0.7538940809968847,
                0.8406338398318042
            ],
            "99th": [
                0.7439004592968007,
                0.8525073746312685
            ],
            "mean": 0.7977033699916934,
            "median": 0.7976709101079789
        },
        "support": {
            "90th": [
                307.0,
                349.0
            ],
            "95th": [
                303.975,
                352.0
            ],
            "99th": [
                298.995,
                357.0
            ],
            "mean": 328.512,
            "median": 329.0
        },
        "user_accuracy": {
            "90th": [
                76.0932944606414,
                83.47838912402206
            ],
            "95th": [
                75.38940809968847,
                84.06338398318043
            ],
            "99th": [
                74.39004592968007,
                85.25073746312685
            ],
            "mean": 79.77033699916934,
            "median": 79.76709101079788
        }
    },
    "accuracy": {
        "90th": [
            0.8033333333333333,
            0.855
        ],
        "95th": [
            0.8,
            0.86
        ],
        "99th": [
            0.7916583333333334,
            0.87
        ],
        "mean": 0.8295966666666666,
        "median": 0.83
    },
    "cohen_kappa": {
        "90th": [
            0.6077210242696706,
            0.710190950814602
        ],
        "95th": [
            0.599350612638108,
            0.7206741064361387
        ],
        "99th": [
            0.5832754326501436,
            0.7399453740234049
        ],
        "mean": 0.6590469492559797,
        "median": 0.6595309085783596
    },
    "macro avg": {
        "f1-score": {
            "90th": [
                0.8030685699662881,
                0.8546627361353508
            ],
            "95th": [
                0.799353751131119,
                0.8599859985998599
            ],
            "99th": [
                0.7909949887662783,
                0.8698555323818132
            ],
            "mean": 0.8290211320048165,
            "median": 0.829278218196241
        },
        "precision": {
            "90th": [
                0.804094473938224,
                0.8552174293255156
            ],
            "95th": [
                0.7999234182411942,
                0.8604183023121261
            ],
            "99th": [
                0.7903084214002247,
                0.8691278389276267
            ],
            "mean": 0.8299433894773219,
            "median": 0.83015318561944
        },
        "recall": {
            "90th": [
                0.8067973904779124,
                0.8586779491007169
            ],
            "95th": [
                0.8030515886792503,
                0.8635996484707357
            ],
            "99th": [
                0.7949537193459587,
                0.8717859166026911
            ],
            "mean": 0.8329403109816124,
            "median": 0.83296872615199
        }
    },
    "weighted avg": {
        "f1-score": {
            "90th": [
                0.8036874372029376,
                0.855627605363197
            ],
            "95th": [
                0.8003082221057595,
                0.8603586644872374
            ],
            "99th": [
                0.7919852654357032,
                0.8704487984218077
            ],
            "mean": 0.8299857228447264,
            "median": 0.830151185871226
        },
        "precision": {
            "90th": [
                0.8098545398390603,
                0.8602757871138949
            ],
            "95th": [
                0.8055206623329155,
                0.8653666295614882
            ],
            "99th": [
                0.7982247162100093,
                0.8729849928611295
            ],
            "mean": 0.8351640380715455,
            "median": 0.835236694514318
        },