{
    "Mangrove": {
        "f1-score": {
            "90th": [
                0.924731182795699,
                0.9565217391304348
            ],
            "95th": [
                0.9215669544268219,
                0.9589062702562551
            ],
            "99th": [
                0.9141905257404721,
                0.9633027522935779
            ],
            "mean": 0.9410373539978534,
            "median": 0.9413629160063393
        },
        "precision": {
            "90th": [
                0.9463034151728825,
                0.9807073954983923
            ],
            "95th": [
                0.941978421226467,
                0.9837133550488599
            ],
            "99th": [
                0.9353672459082644,
                0.9897263768521106
            ],
            "mean": 0.9642166792793468,
            "median": 0.964516129032258
        },
        "producer_accuracy": {
            "90th": [
                94.63034151728824,
                98.07073954983923
            ],
            "95th": [
                94.1978421226467,
                98.37133550488599
            ],
            "99th": [
                93.53672459082644,
                98.97263768521107
            ],
            "mean": 96.42166792793468,
            "median": 96.45161290322581
        },
        "recall": {
            "90th": [
                0.8934169278996865,
                0.944281045751634
            ],
            "95th": [
                0.888242814969176,
                0.9487220447284345
            ],
            "99th": [
                0.8808773277419087,
                0.9550907290849611
            ],
            "mean": 0.9191160977817822,
            "median": 0.9195046439628483
        },
        "support": {
            "90th": [
                301.0,
                341.0
            ],
            "95th": [
                297.0,
                344.0
            ],
            "99th": [
                288.995,
                351.0
            ],
            "mean": 320.461,
            "median": 320.0
        },
        "user_accuracy": {
            "90th": [
                89.34169278996865,
                94.4281045751634
            ],
            "95th": [
                88.8242814969176,
                94.87220447284344
            ],
            "99th": [
                88.08773277419087,
                95.50907290849611
            ],
            "mean": 91.91160977817823,
            "median": 91.95046439628483
        }
    },
    "Other": {
        "f1-score": {
            "90th": [
                0.918365495018334,
                0.9522184300341298
            ],
            "95th": [
                0.9138817344403369,
                0.9551293103448276
            ],
            "99th": [
                0.9067618961063476,
                0.9591556089576148
            ],
            "mean": 0.9357200237578032,
            "median": 0.9361334656230478
        },
        "precision": {
            "90th": [
                0.8847392438070405,
                0.9389873033230058
            ],
            "95th": [
                0.8790829321052264,
                0.9438943894389439
            ],
            "99th": [
                0.8678523281326183,
                0.9507050901902643
            ],
            "mean": 0.9120092124636899,
            "median": 0.9125874125874126
        },
        "producer_accuracy": {
            "90th": [
                88.47392438070405,
                93.89873033230059
            ],
            "95th": [
                87.90829321052264,
                94.38943894389439
            ],
            "99th": [
                86.78523281326183,
                95.07050901902643
            ],
            "mean": 91.20092124636899,
            "median": 91.25874125874127
        },
        "recall": {
            "90th": [
                0.9413793103448276,
                0.9787985865724381
            ],
            "95th": [
                0.9372822299651568,
                0.9817518248175182
            ],
            "99th": [
                0.9309167970187707,
                0.9888067932396839
            ],
            "mean": 0.9609188032289341,
            "median": 0.9613287835118821
        },
        "support": {
            "90th": [
                259.0,
                299.0
            ],
            "95th": [
                256.0,
                303.0
            ],
            "99th": [
                249.0,
                311.0049999999999
            ],
            "mean": 279.539,
            "median": 280.0
        },
        "user_accuracy": {
            "90th": [
                94.13793103448276,
                97.87985865724382
            ],
            "95th": [
                93.72822299651567,
                98.17518248175182
            ],
            "99th": [
                93.09167970187708,
                98.8806793239684
            ],
            "mean": 96.09188032289342,
            "median": 96.13287835118821
        }
    },
    "accuracy": {
        "90th": [
            0.9233333333333333,
            0.9533333333333334
        ],
        "95th": [
            0.9183333333333333,
            0.9566666666666667
        ],
        "99th": [
            0.9116666666666666,
            0.9600083333333331
        ],
        "mean": 0.9385875,
        "median": 0.9383333333333334
    },
    "cohen_kappa": {
        "90th": [
            0.8455766704616459,
            0.9066961091927619
        ],
        "95th": [
            0.8361459749871815,
            0.9132457838574053
        ],
        "99th": [
            0.823543490190532,
            0.9200636448095469
        ],
        "mean": 0.8768510713482294,
        "median": 0.8766776284116742
    },
    "macro avg": {
        "f1-score": {
            "90th": [
                0.9226519254050136,
                0.9533252170937814
            ],
            "95th": [
                0.9180215876485858,
                0.9566184649610678
            ],
            "99th": [
                0.9116111583155908,
                0.959978265425552
            ],
            "mean": 0.9383786888778283,
            "median": 0.9383043706628944
        },
        "precision": {
            "90th": [
                0.9221759231852518,
                0.9534869186346162
            ],
            "95th": [
                0.9176268924528779,
                0.9564499314378502
            ],
            "99th": [
                0.9114052425984065,
                0.9602149565533544
            ],
            "mean": 0.9381129458715184,
            "median": 0.9381935668038617
        },
        "recall": {
            "90th": [
                0.9241279677413379,
                0.9552460648637793
            ],
            "95th": [
                0.9204535419768438,
                0.9577285591459433
            ],
            "99th": [
                0.9129419864403622,
                0.9621588805045412
            ],
            "mean": 0.940017450505358,
            "median": 0.9400497066857731
        }
    },
    "weighted avg": {
        "f1-score": {
            "90th": [
                0.9233536509527017,
                0.953425438398016
            ],
            "95th": [
                0.9184597167190418,
                0.9566977374698734
            ],
            "99th": [
                0.9117659935614686,
                0.9601003383963416
            ],
            "mean": 0.9386556744707731,
            "median": 0.9384301533797388
        },
        "precision": {
            "90th": [
                0.9245487612030259,
                0.9550025655898753
            ],
            "95th": [
                0.9208250142121583,
                0.9574620644942283
            ],
            "99th": [
                0.9139320226626583,
                0.9621057452574969
            ],