{
    "Mangrove": {
        "f1-score": {
            "90th": [
                0.0,
                0.0
            ],
            "95th": [
                0.0,
                0.0
            ],
            "99th": [
                0.0,
                0.0
            ],
            "mean": 0.0,
            "median": 0.0
        },
        "precision": {
            "90th": [
                0.0,
                0.0
            ],
            "95th": [
                0.0,
                0.0
            ],
            "99th": [
                0.0,
                0.0
            ],
            "mean": 0.0,
            "median": 0.0
        },
        "producer_accuracy": {
            "90th": [
                NaN,
                NaN
            ],
            "95th": [
                NaN,
                NaN
            ],
            "99th": [
                NaN,
                NaN
            ],
            "mean": NaN,
            "median": NaN
        },
        "recall": {
            "90th": [
                0.0,
                0.0
            ],
            "95th": [
                0.0,
                0.0
            ],
            "99th": [
                0.0,
                0.0
            ],
            "mean": 0.0,
            "median": 0.0
        },
        "support": {
            "90th": [
                214.0,
                250.0
            ],
            "95th": [
                209.0,
                254.0
            ],
            "99th": [
                203.0,
                260.0049999999999
            ],
            "mean": 231.6115,
            "median": 231.5
        },
        "user_accuracy": {
            "90th": [
                0.0,
                0.0
            ],
            "95th": [
                0.0,
                0.0
            ],
            "99th": [
                0.0,
                0.0
            ],
            "mean": 0.0,
            "median": 0.0
        }
    },
    "Other": {
        "f1-score": {
            "90th": [
                0.6666666666666666,
                0.727735368956743
            ],
            "95th": [
                0.6595174262734584,
                0.7357774968394437
            ],
            "99th": [
                0.6486395055407235,
                0.7452948557089084
            ],
            "mean": 0.6982999842965567,
            "median": 0.6987632748157782
        },
        "precision": {
            "90th": [
                0.5,
                0.572
            ],
            "95th": [
                0.492,
                0.582
            ],
            "99th": [
                0.47998999999999997,
                0.594
            ],
            "mean": 0.5367770000000001,
            "median": 0.537
        },
        "producer_accuracy": {
            "90th": [
                50.0,
                57.199999999999996
            ],
            "95th": [
                49.2,
                58.199999999999996
            ],
            "99th": [
                47.999,
                59.4
            ],
            "mean": 53.677699999999994,
            "median": 53.7
        },
        "recall": {
            "90th": [
                1.0,
                1.0
            ],
            "95th": [
                1.0,
                1.0
            ],
            "99th": [
                1.0,
                1.0
            ],
            "mean": 1.0,
            "median": 1.0
        },
        "support": {
            "90th": [
                250.0,
                286.0
            ],
            "95th": [
                246.0,
                291.0
            ],
            "99th": [
                239.995,
                297.0
            ],
            "mean": 268.3885,
            "median": 268.5
        },
        "user_accuracy": {
            "90th": [
                100.0,
                100.0
            ],
            "95th": [
                100.0,
                100.0
            ],
            "99th": [
                100.0,
                100.0
            ],
            "mean": 100.0,
            "median": 100.0
        }
    },
    "accuracy": {
        "90th": [
            0.5,
            0.572
        ],
        "95th": [
            0.492,
            0.582
        ],
        "99th": [
            0.47998999999999997,
            0.594
        ],
        "mean": 0.5367770000000001,
        "median": 0.537
    },
    "cohen_kappa": {
        "90th": [
            0.0,
            0.0
        ],
        "95th": [
            0.0,
            0.0
        ],
        "99th": [
            0.0,
            0.0
        ],
        "mean": 0.0,
        "median": 0.0
    },
    "macro avg": {
        "f1-score": {
            "90th": [
                0.3333333333333333,
                0.3638676844783715
            ],
            "95th": [
                0.3297587131367292,
                0.36788874841972186
            ],
            "99th": [
                0.32431975277036174,
                0.3726474278544542
            ],
            "mean": 0.34914999214827835,
            "median": 0.3493816374078891
        },
        "precision": {
            "90th": [
                0.25,
                0.286
            ],
            "95th": [
                0.246,
                0.291
            ],
            "99th": [
                0.23999499999999999,
                0.297
            ],
            "mean": 0.26838850000000003,
            "median": 0.2685
        },
        "recall": {
            "90th": [
                0.5,
                0.5
            ],
            "95th": [
                0.5,
                0.5
            ],
            "99th": [
                0.5,
                0.5
            ],
            "mean": 0.5,
            "median": 0.5
        }
    },
    "weighted avg": {
        "f1-score": {
            "90th": [
                0.3333333333333333,
                0.416264631043257
            ],
            "95th": [
                0.32448257372654155,
                0.42822250316055627
            ],
            "99th": [
                0.3113404944592766,
                0.4427051442910916
            ],
            "mean": 0.3752540157034433,
            "median": 0.3752367251842219
        },
        "precision": {
            "90th": [
                0.25,
                0.327184
            ],
            "95th": [
                0.242064,
                0.33872399999999997
            ],
            "99th": [
                0.23039041999999996,
                0.352836
            ],
            "mean": 0.288628422,
            "median": 0.28837
        },
        "recall": {
            "90th": [
                0.5,
                0.572
            ],
            "95th": [
                0.492,
                0.582
            ],
            "99th": [
                0.47998999999999997,
                0.594
            ],
            "mean": 0.5367770000000001,
            "median": 0.537
        }
    }
}