{
    "Mangrove": {
        "f1-score": {
            "90th": [
                0.0,
                0.0
            ],
            "95th": [
                0.0,
                0.0
            ],
            "99th": [
                0.0,
                0.0
            ],
            "mean": 0.0,
            "median": 0.0
        },
        "precision": {
            "90th": [
                0.0,
                0.0
            ],
            "95th": [
                0.0,
                0.0
            ],
            "99th": [
                0.0,
                0.0
            ],
            "mean": 0.0,
            "median": 0.0
        },
        "producer_accuracy": {
            "90th": [
                NaN,
                NaN
            ],
            "95th": [
                NaN,
                NaN
            ],
            "99th": [
                NaN,
                NaN
            ],
            "mean": NaN,
            "median": NaN
        },
        "recall": {
            "90th": [
                0.0,
                0.0
            ],
            "95th": [
                0.0,
                0.0
            ],
            "99th": [
                0.0,
                0.0
            ],
            "mean": 0.0,
            "median": 0.0
        },
        "support": {
            "90th": [
                279.0,
                319.0
            ],
            "95th": [
                274.975,
                323.0
            ],
            "99th": [
                266.0,
                332.0
            ],
            "mean": 299.1085,
            "median": 299.0
        },
        "user_accuracy": {
            "90th": [
                0.0,
                0.0
            ],
            "95th": [
                0.0,
                0.0
            ],
            "99th": [
                0.0,
                0.0
            ],
            "mean": 0.0,
            "median": 0.0
        }
    },
    "Other": {
        "f1-score": {
            "90th": [
                0.637911464245176,
                0.6970684039087948
            ],
            "95th": [
                0.6316989737742303,
                0.7027377269277916
            ],
            "99th": [
                0.6175115207373272,
                0.715203426124197
            ],
            "mean": 0.6677274173233579,
            "median": 0.6681465038845728
        },
        "precision": {
            "90th": [
                0.4683333333333333,
                0.535
            ],
            "95th": [
                0.46166666666666667,
                0.5417083333333331
            ],
            "99th": [
                0.44666666666666666,
                0.5566666666666666
            ],
            "mean": 0.5014858333333333,
            "median": 0.5016666666666667
        },
        "producer_accuracy": {
            "90th": [
                46.833333333333336,
                53.5
            ],
            "95th": [
                46.166666666666664,
                54.170833333333306
            ],
            "99th": [
                44.666666666666664,
                55.666666666666664
            ],
            "mean": 50.148583333333335,
            "median": 50.16666666666667
        },
        "recall": {
            "90th": [
                1.0,
                1.0
            ],
            "95th": [
                1.0,
                1.0
            ],
            "99th": [
                1.0,
                1.0
            ],
            "mean": 1.0,
            "median": 1.0
        },
        "support": {
            "90th": [
                281.0,
                321.0
            ],
            "95th": [
                277.0,
                325.02499999999986
            ],
            "99th": [
                268.0,
                334.0
            ],
            "mean": 300.8915,
            "median": 301.0
        },
        "user_accuracy": {
            "90th": [
                100.0,
                100.0
            ],
            "95th": [
                100.0,
                100.0
            ],
            "99th": [
                100.0,
                100.0
            ],
            "mean": 100.0,
            "median": 100.0
        }
    },
    "accuracy": {
        "90th": [
            0.4683333333333333,
            0.535
        ],
        "95th": [
            0.46166666666666667,
            0.5417083333333331
        ],
        "99th": [
            0.44666666666666666,
            0.5566666666666666
        ],
        "mean": 0.5014858333333333,
        "median": 0.5016666666666667
    },
    "cohen_kappa": {
        "90th": [
            0.0,
            0.0
        ],
        "95th": [
            0.0,
            0.0
        ],
        "99th": [
            0.0,
            0.0
        ],
        "mean": 0.0,
        "median": 0.0
    },
    "macro avg": {
        "f1-score": {
            "90th": [
                0.318955732122588,
                0.3485342019543974
            ],
            "95th": [
                0.31584948688711517,
                0.3513688634638958
            ],
            "99th": [
                0.3087557603686636,
                0.3576017130620985
            ],
            "mean": 0.33386370866167897,
            "median": 0.3340732519422864
        },
        "precision": {
            "90th": [
                0.23416666666666666,
                0.2675
            ],
            "95th": [
                0.23083333333333333,
                0.27085416666666656
            ],
            "99th": [
                0.22333333333333333,
                0.2783333333333333
            ],
            "mean": 0.25074291666666665,
            "median": 0.25083333333333335
        },
        "recall": {
            "90th": [
                0.5,
                0.5
            ],
            "95th": [
                0.5,
                0.5
            ],
            "99th": [
                0.5,
                0.5
            ],
            "mean": 0.5,
            "median": 0.5
        }
    },
    "weighted avg": {
        "f1-score": {
            "90th": [
                0.29875520242149073,
                0.37293159609120524
            ],
            "95th": [
                0.291634359559103,
                0.3806789397388747
            ],
            "99th": [
                0.27582181259600613,
                0.3981299072091363
            ],
            "mean": 0.3352442493433089,
            "median": 0.33518682944876066
        },
        "precision": {
            "90th": [
                0.2193361111111111,
                0.286225
            ],
            "95th": [
                0.2131361111111111,
                0.29344798611111084
            ],
            "99th": [
                0.1995111111111111,
                0.30987777777777775
            ],
            "mean": 0.25192566805555555,
            "median": 0.25166944444444445
        },
        "recall": {
            "90th": [
                0.4683333333333333,
                0.535
            ],
            "95th": [
                0.46166666666666667,
                0.5417083333333331
            ],
            "99th": [
                0.44666666666666666,
                0.5566666666666666
            ],
            "mean": 0.5014858333333333,
            "median": 0.5016666666666667
        }
    }
}