{
    "Mangrove": {
        "f1-score": 0.8816029143897997,
        "precision": 0.9565217391304348,
        "recall": 0.8175675675675675,
        "support": 296
    },
    "Other": {
        "f1-score": 0.9001536098310292,
        "precision": 0.8443804034582133,
        "recall": 0.9638157894736842,
        "support": 304
    },
    "accuracy": 0.8916666666666667,
    "accuracy_conf_interval": [
        0.02080896797412471,
        0.024869254408100266,
        0.0295639605973845,
        0.0327360593739279
    ],
    "cls_confidence_intervals": {
        "Mangrove": [
            0.02102650505165489,
            0.02512923774466072,
            0.029873022420948716,
            0.03307828233735952
        ],
        "Other": [
            0.03191393277962505,
            0.03814104161467385,
            0.045341136205199015,
            0.05020606498258088
        ]
    },
    "cohen_kappa": 0.7828797933461007,
    "confusion_matrix": [
        [
            242,
            54
        ],
        [
            11,
            293
        ]
    ],
    "macro avg": {
        "f1-score": 0.8908782621104144,
        "precision": 0.9004510712943241,
        "recall": 0.8906916785206258,
        "support": 600
    },
    "producer_accuracy": [
        95.65217391304348,
        84.43804034582134
    ],
    "user_accuracy": [
        81.75675675675676,
        96.38157894736842
    ],
    "weighted avg": {
        "f1-score": 0.8910019334133559,
        "precision": 0.8997034623898426,
        "recall": 0.8916666666666667,
        "support": 600
    }
}