{
    "Mangrove": {
        "f1-score": {
            "90th": [
                0.8144453222726973,
                0.8787921468203158
            ],
            "95th": [
                0.8080793609446905,
                0.8845258248743503
            ],
            "99th": [
                0.7923486522993799,
                0.8936186331399097
            ],
            "mean": 0.8481708843173942,
            "median": 0.8484069486640181
        },
        "precision": {
            "90th": [
                0.9056436306799152,
                0.9662921348314607
            ],
            "95th": [
                0.8988747324772606,
                0.9715909090909091
            ],
            "99th": [
                0.8888857852265672,
                0.9784951986659767
            ],
            "mean": 0.9372142236858285,
            "median": 0.9382022471910112
        },
        "producer_accuracy": {
            "90th": [
                90.56436306799152,
                96.62921348314607
            ],
            "95th": [
                89.88747324772605,
                97.1590909090909
            ],
            "99th": [
                88.88857852265673,
                97.84951986659766
            ],
            "mean": 93.72142236858285,
            "median": 93.82022471910112
        },
        "recall": {
            "90th": [
                0.7272516835016836,
                0.8225182863113898
            ],
            "95th": [
                0.7175796070460704,
                0.8296112192232844
            ],
            "99th": [
                0.6962575311921818,
                0.8433193919671522
            ],
            "mean": 0.7751179420951765,
            "median": 0.7752293577981652
        },
        "support": {
            "90th": [
                195.0,
                230.0
            ],
            "95th": [
                192.0,
                234.0
            ],
            "99th": [
                187.995,
                239.00499999999988
            ],
            "mean": 212.612,
            "median": 213.0
        },
        "user_accuracy": {
            "90th": [
                72.72516835016836,
                82.25182863113898
            ],
            "95th": [
                71.75796070460704,
                82.96112192232845
            ],
            "99th": [
                69.62575311921817,
                84.33193919671523
            ],
            "mean": 77.51179420951766,
            "median": 77.52293577981652
        }
    },
    "Other": {
        "f1-score": {
            "90th": [
                0.8600823045267489,
                0.9076937563378241
            ],
            "95th": [
                0.8544719469454348,
                0.912156385023888
            ],
            "99th": [
                0.8458324964763919,
                0.9206352276565043
            ],
            "mean": 0.8847929267465886,
            "median": 0.8853118712273642
        },
        "precision": {
            "90th": [
                0.7886100687929956,
                0.8625954198473282
            ],
            "95th": [
                0.7821428571428571,
                0.8678588274932615
            ],
            "99th": [
                0.7653364702064658,
                0.8795627298172438
            ],
            "mean": 0.8256481473665683,
            "median": 0.825925925925926
        },
        "producer_accuracy": {
            "90th": [
                78.86100687929957,
                86.25954198473282
            ],
            "95th": [
                78.21428571428571,
                86.78588274932615
            ],
            "99th": [
                76.53364702064657,
                87.95627298172438
            ],
            "mean": 82.56481473665683,
            "median": 82.5925925925926
        },
        "recall": {
            "90th": [
                0.9300303227203812,
                0.975103734439834
            ],
            "95th": [
                0.9245973389355743,
                0.9790794979079498
            ],
            "99th": [
                0.9177435064935066,
                0.9837404930500918
            ],
            "mean": 0.953507566502596,
            "median": 0.9539459730443669
        },
        "support": {
            "90th": [
                220.0,
                255.0
            ],
            "95th": [
                216.0,
                258.0
            ],
            "99th": [
                210.995,
                262.0049999999999
            ],
            "mean": 237.388,
            "median": 237.0
        },
        "user_accuracy": {
            "90th": [
                93.00303227203811,
                97.5103734439834
            ],
            "95th": [
                92.45973389355743,
                97.90794979079497
            ],
            "99th": [
                91.77435064935065,
                98.37404930500918
            ],
            "mean": 95.35075665025961,
            "median": 95.3945973044367
        }
    },
    "accuracy": {
        "90th": [
            0.8422222222222222,
            0.8955555555555555
        ],
        "95th": [
            0.8377777777777777,
            0.8977777777777778
        ],
        "99th": [
            0.8266666666666667,
            0.9066666666666666
        ],
        "mean": 0.8692488888888888,
        "median": 0.8688888888888889
    },
    "cohen_kappa": {
        "90th": [
            0.6814977610228375,
            0.7848142118863741
        ],
        "95th": [
            0.6716881704223749,
            0.7939123143542202
        ],
        "99th": [
            0.6494500381241799,
            0.8109955135776034
        ],
        "mean": 0.7348917209592271,
        "median": 0.7353073120385628
    },
    "macro avg": {
        "f1-score": {
            "90th": [
                0.8392687356310274,
                0.8920121899004788
            ],
            "95th": [
                0.8340968278480447,
                0.8966037559082389
            ],
            "99th": [
                0.8228553360721671,
                0.9053074766556147
            ],
            "mean": 0.8664819055319916,
            "median": 0.8668209164633026
        },
        "precision": {
            "90th": [
                0.856838786518658,
                0.9041119753729021
            ],
            "95th": [
                0.8520825959828977,
                0.9087186787550735
            ],
            "99th": [
                0.8426507500274868,
                0.916126905271296
            ],
            "mean": 0.8814311855261985,
            "median": 0.8818486729992707
        },
        "recall": {
            "90th": [
                0.8374000588140575,
                0.8893529062497877
            ],
            "95th": [
                0.8320742001993314,
                0.8942263233812168
            ],
            "99th": [
                0.8213554216753978,
                0.9020689669127169
            ],
            "mean": 0.8643127542988863,
            "median": 0.8644323009114299
        }
    },
    "weighted avg": {
        "f1-score": {
            "90th": [
                0.8406508303742675,
                0.8941805448441899
            ],
            "95th": [
                0.8360673488566605,
                0.8970283436271326
            ],
            "99th": [
                0.8242095277862777,
                0.9061696623755187
            ],
            "mean": 0.8677333450146395,
            "median": 0.8681849976797059
        },
        "precision": {
            "90th": [
                0.8548905982338001,
                0.9009618818187162
            ],
            "95th": [
                0.8505864410564007,
                0.9053967717071909
            ],