{
    "Mangrove": {
        "f1-score": {
            "90th": [
                0.9219251336898396,
                0.9483305921530568
            ],
            "95th": [
                0.9196314355538405,
                0.9505953216237497
            ],
            "99th": [
                0.9134000464286843,
                0.9548517182934251
            ],
            "mean": 0.9353005720614103,
            "median": 0.9355489052754677
        },
        "precision": {
            "90th": [
                0.9034907597535934,
                0.9421174180564491
            ],
            "95th": [
                0.8988321057995183,
                0.9462614820400328
            ],
            "99th": [
                0.8913929971489665,
                0.9525691699604744
            ],
            "mean": 0.9239911784379401,
            "median": 0.9244715381182294
        },
        "producer_accuracy": {
            "90th": [
                90.34907597535934,
                94.21174180564492
            ],
            "95th": [
                89.88321057995184,
                94.62614820400327
            ],
            "99th": [
                89.13929971489665,
                95.25691699604744
            ],
            "mean": 92.399117843794,
            "median": 92.44715381182294
        },
        "recall": {
            "90th": [
                0.9306079484425348,
                0.9638310689566778
            ],
            "95th": [
                0.9272697170379289,
                0.9665274025631734
            ],
            "99th": [
                0.9179993223819303,
                0.9707134106888667
            ],
            "mean": 0.9470160615239149,
            "median": 0.9470468431771895
        },
        "support": {
            "90th": [
                462.0,
                514.0
            ],
            "95th": [
                456.0,
                519.0
            ],
            "99th": [
                448.995,
                530.0
            ],
            "mean": 488.758,
            "median": 489.0
        },
        "user_accuracy": {
            "90th": [
                93.0607948442535,
                96.38310689566777
            ],
            "95th": [
                92.72697170379288,
                96.65274025631734
            ],
            "99th": [
                91.79993223819302,
                97.07134106888668
            ],
            "mean": 94.70160615239148,
            "median": 94.70468431771894
        }
    },
    "Other": {
        "f1-score": {
            "90th": [
                0.9237105121516996,
                0.949655147845342
            ],
            "95th": [
                0.9212810318932768,
                0.9516166437249387
            ],
            "99th": [
                0.916910649129429,
                0.9558394217286388
            ],
            "mean": 0.9366243977362706,
            "median": 0.9366582755823432
        },
        "precision": {
            "90th": [
                0.9315310868692277,
                0.9648760330578512
            ],
            "95th": [
                0.9284258591875044,
                0.967482966327639
            ],
            "99th": [
                0.9202453390943163,
                0.9721672741329799
            ],
            "mean": 0.9481048771587309,
            "median": 0.9481037924151696
        },
        "producer_accuracy": {
            "90th": [
                93.15310868692278,
                96.48760330578511
            ],
            "95th": [
                92.84258591875044,
                96.7482966327639
            ],
            "99th": [
                92.02453390943163,
                97.21672741329799
            ],
            "mean": 94.81048771587311,
            "median": 94.81037924151696
        },
        "recall": {
            "90th": [
                0.9059500959692899,
                0.9438476256522302
            ],
            "95th": [
                0.9021085412667946,
                0.9475679932794288
            ],
            "99th": [
                0.8952340736678549,
                0.9532199661020754
            ],
            "mean": 0.9255329317197284,
            "median": 0.9254602032017396
        },
        "support": {
            "90th": [
                486.0,
                538.0
            ],
            "95th": [
                481.0,
                544.0
            ],
            "99th": [
                470.0,
                551.0049999999999
            ],
            "mean": 511.242,
            "median": 511.0
        },
        "user_accuracy": {
            "90th": [
                90.59500959692899,
                94.38476256522303
            ],
            "95th": [
                90.21085412667945,
                94.75679932794287
            ],
            "99th": [
                89.52340736678549,
                95.32199661020752
            ],
            "mean": 92.55329317197284,
            "median": 92.54602032017397
        }
    },
    "accuracy": {
        "90th": [
            0.923,
            0.949
        ],
        "95th": [
            0.921,
            0.951
        ],
        "99th": [
            0.916,
            0.955
        ],
        "mean": 0.9360299999999999,
        "median": 0.936
    },
    "cohen_kappa": {
        "90th": [
            0.8461024956327015,
            0.8972187496433278
        ],
        "95th": [
            0.8419645047716763,
            0.9018692893418181
        ],
        "99th": [
            0.8319852545528561,
            0.909991402374628
        ],
        "mean": 0.8719528351527412,
        "median": 0.8719390429844606
    },
    "macro avg": {
        "f1-score": {
            "90th": [
                0.9229978593290182,
                0.9486042558602228
            ],
            "95th": [
                0.9209762925145736,
                0.9509331708848756
            ],
            "99th": [
                0.9159591493508962,
                0.9549945705438296
            ],
            "mean": 0.9359624848988405,
            "median": 0.9359631147540983
        },
        "precision": {
            "90th": [
                0.9234138590654839,
                0.9485573770138657
            ],
            "95th": [
                0.9210374523771152,
                0.9507899318503666
            ],
            "99th": [
                0.9159587817149006,
                0.9550960750755417
            ],
            "mean": 0.9360480277983355,
            "median": 0.9360062429622535
        },
        "recall": {
            "90th": [
                0.923948298282534,
                0.9488571695673028
            ],
            "95th": [
                0.9213939946362175,
                0.9510124694086879
            ],
            "99th": [
                0.9164372101765735,
                0.955073262652054
            ],
            "mean": 0.9362744966218216,
            "median": 0.9361253924683766
        }
    },
    "weighted avg": {
        "f1-score": {
            "90th": [
                0.923070707940644,
                0.9489529101593206
            ],
            "95th": [
                0.9210252951252488,
                0.9509992649935319
            ],
            "99th": [
                0.9160201528771031,
                0.9550027140534392
            ],
            "mean": 0.9360385203148875,
            "median": 0.9359996159861755
        },
        "precision": {
            "90th": [
                0.9241132127712058,
                0.9490006129090258
            ],
            "95th": [
                0.9213829599114364,
                0.9510465745587077
            ],
            "99th": [
                0.9166215169081351,
                0.9554046285154691
            ],
            "mean": 0.9364435953485544,
            "median": 0.936245186784382
        },