{
    "Mangrove": {
        "f1-score": {
            "90th": [
                0.8144220572640509,
                0.8571428571428571
            ],
            "95th": [
                0.8104148706896551,
                0.8607607432491535
            ],
            "99th": [
                0.8017107241270751,
                0.8674717600892643
            ],
            "mean": 0.8358921959661717,
            "median": 0.8358674425312032
        },
        "precision": {
            "90th": [
                0.9346224344323505,
                0.9684755383185877
            ],
            "95th": [
                0.9306194866254289,
                0.9720930232558139
            ],
            "99th": [
                0.9239559087713818,
                0.9781553398058253
            ],
            "mean": 0.9521366377438579,
            "median": 0.9524940617577197
        },
        "producer_accuracy": {
            "90th": [
                93.46224344323505,
                96.84755383185876
            ],
            "95th": [
                93.06194866254289,
                97.20930232558139
            ],
            "99th": [
                92.39559087713818,
                97.81553398058253
            ],
            "mean": 95.2136637743858,
            "median": 95.24940617577197
        },
        "recall": {
            "90th": [
                0.7129772836279464,
                0.7769245067200458
            ],
            "95th": [
                0.7079482439926063,
                0.7818995056213187
            ],
            "99th": [
                0.6970288428103438,
                0.7918238505904219
            ],
            "mean": 0.7451761515803329,
            "median": 0.745228938129161
        },
        "support": {
            "90th": [
                513.0,
                563.05
            ],
            "95th": [
                506.0,
                569.0
            ],
            "99th": [
                497.0,
                577.0
            ],
            "mean": 538.1765,
            "median": 539.0
        },
        "user_accuracy": {
            "90th": [
                71.29772836279464,
                77.69245067200458
            ],
            "95th": [
                70.79482439926062,
                78.18995056213187
            ],
            "99th": [
                69.70288428103439,
                79.1823850590422
            ],
            "mean": 74.51761515803328,
            "median": 74.5228938129161
        }
    },
    "Other": {
        "f1-score": {
            "90th": [
                0.8291744723606527,
                0.8673588769405882
            ],
            "95th": [
                0.8265601929572621,
                0.871270977857193
            ],
            "99th": [
                0.8179218303145852,
                0.8779130770804446
            ],
            "mean": 0.8487299726833912,
            "median": 0.8487712665406428
        },
        "precision": {
            "90th": [
                0.7353901354356176,
                0.7915194346289752
            ],
            "95th": [
                0.7299580773445291,
                0.796234462201928
            ],
            "99th": [
                0.7201242715516242,
                0.8031640208591432
            ],
            "mean": 0.7630883387654291,
            "median": 0.7631133671742809
        },
        "producer_accuracy": {
            "90th": [
                73.53901354356177,
                79.15194346289752
            ],
            "95th": [
                72.99580773445291,
                79.62344622019279
            ],
            "99th": [
                72.01242715516241,
                80.3164020859143
            ],
            "mean": 76.30883387654292,
            "median": 76.31133671742809
        },
        "recall": {
            "90th": [
                0.9397784575454209,
                0.9711122565864834
            ],
            "95th": [
                0.9363965047530721,
                0.9746572844882256
            ],
            "99th": [
                0.9311111111111111,
                0.979956778188404
            ],
            "mean": 0.9563257224058259,
            "median": 0.9567967895901661
        },
        "support": {
            "90th": [
                436.95,
                487.0
            ],
            "95th": [
                431.0,
                494.0
            ],
            "99th": [
                423.0,
                503.0
            ],
            "mean": 461.8235,
            "median": 461.0
        },
        "user_accuracy": {
            "90th": [
                93.97784575454209,
                97.11122565864834
            ],
            "95th": [
                93.63965047530722,
                97.46572844882256
            ],
            "99th": [
                93.11111111111111,
                97.9956778188404
            ],
            "mean": 95.63257224058258,
            "median": 95.67967895901661
        }
    },
    "accuracy": {
        "90th": [
            0.824,
            0.861
        ],
        "95th": [
            0.82,
            0.864
        ],
        "99th": [
            0.814,
            0.871
        ],
        "mean": 0.8427055,
        "median": 0.842
    },
    "cohen_kappa": {
        "90th": [
            0.6526195317165123,
            0.7248535977184305
        ],
        "95th": [
            0.646654127192941,
            0.7305955501714917
        ],
        "99th": [
            0.6332250029590913,
            0.7435616012443357
        ],
        "mean": 0.6889736402121007,
        "median": 0.688663270640875
    },
    "macro avg": {
        "f1-score": {
            "90th": [
                0.8237133873400476,
                0.860971984940528
            ],
            "95th": [
                0.8199732658877629,
                0.8637852000452306
            ],
            "99th": [
                0.8138277022177997,
                0.8703763101438382
            ],
            "mean": 0.8423110843247814,
            "median": 0.8419943117952247
        },
        "precision": {
            "90th": [
                0.8408930547042286,
                0.8739235853778289
            ],
            "95th": [
                0.8385194700345021,
                0.8770053222929127
            ],
            "99th": [
                0.8313318264561456,
                0.8828529916606562
            ],
            "mean": 0.8576124882546435,
            "median": 0.8574535036299704
        },
        "recall": {
            "90th": [
                0.8336465658290524,
                0.8681355303005815
            ],
            "95th": [
                0.8301728861328967,
                0.8708943870025126
            ],
            "99th": [
                0.8229122422398667,
                0.8774012484882389
            ],
            "mean": 0.8507509369930794,
            "median": 0.8507373607311237
        }
    },
    "weighted avg": {
        "f1-score": {
            "90th": [
                0.8231482246263605,
                0.8607824940746515
            ],
            "95th": [
                0.8195163683753199,
                0.8634881446159443
            ],
            "99th": [
                0.8131717467803538,
                0.8704902921529485
            ],
            "mean": 0.8419482652963729,
            "median": 0.8417235599351605
        },
        "precision": {
            "90th": [
                0.8502819436492487,
                0.8798092222289031
            ],
            "95th": [
                0.847142919834693,
                0.8823271016715203
            ],
            "99th": [
                0.8405390281774788,
                0.8886586676502268
            ],
            "mean": 0.865036147126818,
            "median": 0.8651908197150382
        },