{
    "Mangrove": {
        "f1-score": {
            "90th": [
                0.9738430583501007,
                0.9878542510121457
            ],
            "95th": [
                0.9722500570971794,
                0.9892478363493312
            ],
            "99th": [
                0.9689432862334478,
                0.9913379909327225
            ],
            "mean": 0.9810311955844823,
            "median": 0.9812108559498957
        },
        "precision": {
            "90th": [
                0.9559118236472945,
                0.9803959865196078
            ],
            "95th": [
                0.9526580350342726,
                0.9825251185369157
            ],
            "99th": [
                0.9475785540685563,
                0.9865902942294756
            ],
            "mean": 0.9684703035052126,
            "median": 0.9687804580896686
        },
        "producer_accuracy": {
            "90th": [
                95.59118236472945,
                98.03959865196077
            ],
            "95th": [
                95.26580350342726,
                98.25251185369157
            ],
            "99th": [
                94.75785540685564,
                98.65902942294755
            ],
            "mean": 96.84703035052127,
            "median": 96.87804580896686
        },
        "recall": {
            "90th": [
                0.9876796714579056,
                1.0
            ],
            "95th": [
                0.9861639451826589,
                1.0
            ],
            "99th": [
                0.9834023170952632,
                1.0
            ],
            "mean": 0.9939594400135643,
            "median": 0.9939516129032258
        },
        "support": {
            "90th": [
                464.0,
                514.0
            ],
            "95th": [
                459.0,
                519.0
            ],
            "99th": [
                449.995,
                526.0049999999999
            ],
            "mean": 488.5865,
            "median": 488.0
        },
        "user_accuracy": {
            "90th": [
                98.76796714579056,
                100.0
            ],
            "95th": [
                98.61639451826589,
                100.0
            ],
            "99th": [
                98.34023170952631,
                100.0
            ],
            "mean": 99.39594400135641,
            "median": 99.39516129032258
        }
    },
    "Other": {
        "f1-score": {
            "90th": [
                0.9740394600207685,
                0.9881434618892813
            ],
            "95th": [
                0.9724946378039329,
                0.9894736842105263
            ],
            "99th": [
                0.969449594618848,
                0.9912196828557207
            ],
            "mean": 0.9813965728791137,
            "median": 0.9814995131450828
        },
        "precision": {
            "90th": [
                0.9878787878787879,
                1.0
            ],
            "95th": [
                0.9861926117360901,
                1.0
            ],
            "99th": [
                0.9830508474576272,
                1.0
            ],
            "mean": 0.9940781178058912,
            "median": 0.9940886642128314
        },
        "producer_accuracy": {
            "90th": [
                98.7878787878788,
                100.0
            ],
            "95th": [
                98.619261173609,
                100.0
            ],
            "99th": [
                98.30508474576271,
                100.0
            ],
            "mean": 99.40781178058913,
            "median": 99.40886642128314
        },
        "recall": {
            "90th": [
                0.9563492063492064,
                0.9807710763324966
            ],
            "95th": [
                0.9533458694090812,
                0.9832097369298758
            ],
            "99th": [
                0.947469235392743,
                0.9864611248155449
            ],
            "mean": 0.9690690021058592,
            "median": 0.9694889219884565
        },
        "support": {
            "90th": [
                486.0,
                536.0
            ],
            "95th": [
                481.0,
                541.0
            ],
            "99th": [
                473.995,
                550.0049999999999
            ],
            "mean": 511.4135,
            "median": 512.0
        },
        "user_accuracy": {
            "90th": [
                95.63492063492063,
                98.07710763324965
            ],
            "95th": [
                95.33458694090812,
                98.32097369298758
            ],
            "99th": [
                94.7469235392743,
                98.64611248155448
            ],
            "mean": 96.90690021058593,
            "median": 96.94889219884564
        }
    },
    "accuracy": {
        "90th": [
            0.974,
            0.988
        ],
        "95th": [
            0.972,
            0.989
        ],
        "99th": [
            0.9699949999999999,
            0.991
        ],
        "mean": 0.9812329999999999,
        "median": 0.981
    },
    "cohen_kappa": {
        "90th": [
            0.9480043260394413,
            0.9759923415565003
        ],
        "95th": [
            0.9440365999850706,
            0.9780003607939457
        ],
        "99th": [
            0.9398676619433883,
            0.9819962581021923
        ],
        "mean": 0.9624353261984995,
        "median": 0.9620041035562081
    },
    "macro avg": {
        "f1-score": {
            "90th": [
                0.9739933422956277,
                0.987995243712264
            ],
            "95th": [
                0.9719998795993839,
                0.9889997293932744
            ],
            "99th": [
                0.969926059182484,
                0.9909974011295746
            ],
            "mean": 0.981213884231798,
            "median": 0.9809990689543788
        },
        "precision": {
            "90th": [
                0.9743146723183035,
                0.9879672587818241
            ],
            "95th": [
                0.9727905757476696,
                0.9892607514350525
            ],
            "99th": [
                0.9698496105599504,
                0.9912534458509593
            ],
            "mean": 0.9812742106555518,
            "median": 0.9814094585681765
        },
        "recall": {
            "90th": [
                0.974427710405899,
                0.9881955153664669
            ],
            "95th": [
                0.9729115644811381,
                0.9893035019104034
            ],
            "99th": [
                0.9699221389867142,
                0.9912150694943201
            ],
            "mean": 0.9815142210597118,
            "median": 0.981595479478456
        }
    },
    "weighted avg": {
        "f1-score": {
            "90th": [
                0.9740050293610428,
                0.9880012121243809
            ],
            "95th": [
                0.9720604467403438,
                0.989003069924922
            ],
            "99th": [
                0.9699721891929456,
                0.9910013783910026
            ],
            "mean": 0.9812353779032885,
            "median": 0.9810109093640127
        },
        "precision": {
            "90th": [
                0.9746348372687866,
                0.9881977387738774
            ],
            "95th": [
                0.9733166626550475,
                0.9892305204277487
            ],
            "99th": [
                0.9703323372230429,
                0.9911540389657182
            ],
            "mean": 0.9815976074173025,
            "median": 0.9815671824615994
        },
        "recall": {
            "90th": [
                0.974,
                0.988
            ],