{
    "Mangrove": {
        "f1-score": {
            "90th": [
                0.9458413926499033,
                0.9674418604651162
            ],
            "95th": [
                0.9436857970560601,
                0.9689932160862393
            ],
            "99th": [
                0.9396373583423234,
                0.9728684697503364
            ],
            "mean": 0.9572228336327362,
            "median": 0.9572902305222665
        },
        "precision": {
            "90th": [
                0.9738955823293173,
                0.9922630560928434
            ],
            "95th": [
                0.9717741935483871,
                0.9940479137199434
            ],
            "99th": [
                0.9683785036814685,
                0.9962277030749047
            ],
            "mean": 0.9841725370843533,
            "median": 0.9844961240310077
        },
        "producer_accuracy": {
            "90th": [
                97.38955823293173,
                99.22630560928434
            ],
            "95th": [
                97.17741935483872,
                99.40479137199435
            ],
            "99th": [
                96.83785036814685,
                99.62277030749048
            ],
            "mean": 98.41725370843533,
            "median": 98.44961240310077
        },
        "recall": {
            "90th": [
                0.9131274131274131,
                0.9495534153556541
            ],
            "95th": [
                0.9092517736347138,
                0.9525665257212866
            ],
            "99th": [
                0.9015423829587328,
                0.9590656786760493
            ],
            "mean": 0.9317885816681248,
            "median": 0.9321705426356589
        },
        "support": {
            "90th": [
                503.0,
                555.0
            ],
            "95th": [
                498.975,
                559.0
            ],
            "99th": [
                489.995,
                569.0099999999998
            ],
            "mean": 528.788,
            "median": 529.0
        },
        "user_accuracy": {
            "90th": [
                91.31274131274131,
                94.95534153556542
            ],
            "95th": [
                90.92517736347138,
                95.25665257212867
            ],
            "99th": [
                90.15423829587327,
                95.90656786760493
            ],
            "mean": 93.17885816681249,
            "median": 93.21705426356588
        }
    },
    "Other": {
        "f1-score": {
            "90th": [
                0.9428853285862631,
                0.9654471544715446
            ],
            "95th": [
                0.9405495101950065,
                0.96748132390046
            ],
            "99th": [
                0.9365421596261544,
                0.9711945914168136
            ],
            "mean": 0.9546287243750015,
            "median": 0.9546926395333266
        },
        "precision": {
            "90th": [
                0.9087151085344071,
                0.9465346534653465
            ],
            "95th": [
                0.9043803302415339,
                0.9495145631067962
            ],
            "99th": [
                0.8977907402105799,
                0.9561921325051759
            ],
            "mean": 0.9277783785332334,
            "median": 0.9282743653593415
        },
        "producer_accuracy": {
            "90th": [
                90.8715108534407,
                94.65346534653465
            ],
            "95th": [
                90.43803302415338,
                94.95145631067962
            ],
            "99th": [
                89.779074021058,
                95.61921325051759
            ],
            "mean": 92.77783785332333,
            "median": 92.82743653593414
        },
        "recall": {
            "90th": [
                0.9720265734265734,
                0.9917703923407779
            ],
            "95th": [
                0.9699554663343947,
                0.9936440677966102
            ],
            "99th": [
                0.9662160019427461,
                0.9960009865205022
            ],
            "mean": 0.9831774698725715,
            "median": 0.983640081799591
        },
        "support": {
            "90th": [
                445.0,
                497.0
            ],
            "95th": [
                441.0,
                501.02499999999986
            ],
            "99th": [
                430.99,
                510.0049999999999
            ],
            "mean": 471.212,
            "median": 471.0
        },
        "user_accuracy": {
            "90th": [
                97.20265734265735,
                99.1770392340778
            ],
            "95th": [
                96.99554663343947,
                99.36440677966102
            ],
            "99th": [
                96.62160019427462,
                99.6000986520502
            ],
            "mean": 98.31774698725715,
            "median": 98.3640081799591
        }
    },
    "accuracy": {
        "90th": [
            0.945,
            0.966
        ],
        "95th": [
            0.942,
            0.968
        ],
        "99th": [
            0.939,
            0.972
        ],
        "mean": 0.9560055,
        "median": 0.956
    },
    "cohen_kappa": {
        "90th": [
            0.8898553139350204,
            0.9320176754043948
        ],
        "95th": [
            0.8841847600500823,
            0.9360092914472888
        ],
        "99th": [
            0.8779794029076652,
            0.9439785381689406
        ],
        "mean": 0.9119284742606856,
        "median": 0.9119890866467442
    },
    "macro avg": {
        "f1-score": {
            "90th": [
                0.9448670744113811,
                0.965996660870004
            ],
            "95th": [
                0.9419978713207691,
                0.9679954777519069
            ],
            "99th": [
                0.9388870020668215,
                0.9719780845998389
            ],
            "mean": 0.9559257790038689,
            "median": 0.9559548978153629
        },
        "precision": {
            "90th": [
                0.9450480182163948,
                0.9662798504624054
            ],
            "95th": [
                0.9425435344111573,
                0.968050160688585
            ],
            "99th": [
                0.9389416357665431,
                0.971838581601124
            ],
            "mean": 0.9559754578087933,
            "median": 0.9559374423448653
        },
        "recall": {
            "90th": [
                0.9467454299873092,
                0.967344100425964
            ],
            "95th": [
                0.944309380444673,
                0.9691141813907598
            ],
            "99th": [
                0.9405253870602277,
                0.9728986047427631
            ],
            "mean": 0.9574830257703482,
            "median": 0.9575463606616652
        }
    },
    "weighted avg": {
        "f1-score": {
            "90th": [
                0.945000879998306,
                0.9660463211377873
            ],
            "95th": [
                0.9421809366290057,
                0.9680385011069933
            ],
            "99th": [
                0.9390191348087727,
                0.9720157372386874
            ],
            "mean": 0.9560424911192651,
            "median": 0.9560410534472921
        },
        "precision": {
            "90th": [
                0.947370622435646,
                0.9673389992341259
            ],
            "95th": [
                0.945151017178076,
                0.9691968439733142
            ],
            "99th": [
                0.9415743117564521,
                0.972809103500657
            ],
            "mean": 0.9576779342728386,