{
    "Mangrove": {
        "f1-score": 0.924187725631769,
        "precision": 0.924187725631769,
        "recall": 0.924187725631769,
        "support": 277
    },
    "Other": {
        "f1-score": 0.934984520123839,
        "precision": 0.934984520123839,
        "recall": 0.934984520123839,
        "support": 323
    },
    "accuracy": 0.93,
    "accuracy_conf_interval": [
        0.017082786657919714,
        0.02041601332287966,
        0.024270056654239598,
        0.026874139986239554
    ],
    "cls_confidence_intervals": {
        "Mangrove": [
            0.026082776770146216,
            0.031172099066760113,
            0.03705662797221993,
            0.04103266101644954
        ],
        "Other": [
            0.02249848027359425,
            0.026888427644051666,
            0.03196430429114305,
            0.03539395067431291
        ]
    },
    "cohen_kappa": 0.8591722457556079,
    "confusion_matrix": [
        [
            256,
            21
        ],
        [
            21,
            302
        ]
    ],
    "macro avg": {
        "f1-score": 0.929586122877804,
        "precision": 0.929586122877804,
        "recall": 0.929586122877804,
        "support": 600
    },
    "producer_accuracy": [
        92.4187725631769,
        93.49845201238391
    ],
    "user_accuracy": [
        92.4187725631769,
        93.49845201238391
    ],
    "weighted avg": {
        "f1-score": 0.93,
        "precision": 0.93,
        "recall": 0.93,
        "support": 600
    }
}