{
    "Mangrove": {
        "f1-score": {
            "90th": [
                0.8134467750326748,
                0.8562310303514377
            ],
            "95th": [
                0.8093171988184823,
                0.8593316490475318
            ],
            "99th": [
                0.8017290476890023,
                0.8670543698433871
            ],
            "mean": 0.8355621440853568,
            "median": 0.8356605800214824
        },
        "precision": {
            "90th": [
                0.9350330626450115,
                0.9694117647058823
            ],
            "95th": [
                0.9311887061056627,
                0.972676147724045
            ],
            "99th": [
                0.9225352112676056,
                0.9787755503144654
            ],
            "mean": 0.9524965333391687,
            "median": 0.9528301886792453
        },
        "producer_accuracy": {
            "90th": [
                93.50330626450116,
                96.94117647058823
            ],
            "95th": [
                93.11887061056628,
                97.2676147724045
            ],
            "99th": [
                92.25352112676056,
                97.87755503144653
            ],
            "mean": 95.24965333391688,
            "median": 95.28301886792453
        },
        "recall": {
            "90th": [
                0.7131807403527779,
                0.774633115867872
            ],
            "95th": [
                0.7069548872180451,
                0.7809537652270211
            ],
            "99th": [
                0.6952550335115187,
                0.791513266385169
            ],
            "mean": 0.7444403717166688,
            "median": 0.74487895716946
        },
        "support": {
            "90th": [
                513.0,
                565.0
            ],
            "95th": [
                508.0,
                570.0249999999999
            ],
            "99th": [
                498.0,
                582.0049999999999
            ],
            "mean": 538.4985,
            "median": 538.0
        },
        "user_accuracy": {
            "90th": [
                71.31807403527779,
                77.4633115867872
            ],
            "95th": [
                70.69548872180452,
                78.09537652270211
            ],
            "99th": [
                69.52550335115187,
                79.15132663851689
            ],
            "mean": 74.44403717166688,
            "median": 74.487895716946
        }
    },
    "Other": {
        "f1-score": {
            "90th": [
                0.8276500016788101,
                0.8672574416733708
            ],
            "95th": [
                0.82421655323364,
                0.8703170028818443
            ],
            "99th": [
                0.816666344916345,
                0.8770579589570418
            ],
            "mean": 0.8484012773680154,
            "median": 0.8485427759866289
        },
        "precision": {
            "90th": [
                0.7328708077468116,
                0.7908651402607423
            ],
            "95th": [
                0.7277360395550955,
                0.7964927404718694
            ],
            "99th": [
                0.7158057062390988,
                0.8055079843182252
            ],
            "mean": 0.7623622559876949,
            "median": 0.7630206840366308
        },
        "producer_accuracy": {
            "90th": [
                73.28708077468116,
                79.08651402607423
            ],
            "95th": [
                72.77360395550954,
                79.64927404718694
            ],
            "99th": [
                71.58057062390988,
                80.55079843182253
            ],
            "mean": 76.23622559876948,
            "median": 76.30206840366309
        },
        "recall": {
            "90th": [
                0.9403276825747804,
                0.9721057427083437
            ],
            "95th": [
                0.9369536613272311,
                0.9750012993762993
            ],
            "99th": [
                0.9282691414213246,
                0.9803936295548261
            ],
            "mean": 0.9566615762682407,
            "median": 0.956989247311828
        },
        "support": {
            "90th": [
                435.0,
                487.0
            ],
            "95th": [
                429.975,
                492.0
            ],
            "99th": [
                417.995,
                502.0
            ],
            "mean": 461.5015,
            "median": 462.0
        },
        "user_accuracy": {
            "90th": [
                94.03276825747804,
                97.21057427083436
            ],
            "95th": [
                93.69536613272311,
                97.50012993762994
            ],
            "99th": [
                92.82691414213245,
                98.03936295548262
            ],
            "mean": 95.66615762682407,
            "median": 95.6989247311828
        }
    },
    "accuracy": {
        "90th": [
            0.823,
            0.861
        ],
        "95th": [
            0.82,
            0.864
        ],
        "99th": [
            0.813,
            0.87
        ],
        "mean": 0.8423799999999999,
        "median": 0.843
    },
    "cohen_kappa": {
        "90th": [
            0.6507016948221418,
            0.7242829372793271
        ],
        "95th": [
            0.6447656912523442,
            0.7295195587414431
        ],
        "99th": [
            0.6311759341129897,
            0.7420391239428569
        ],
        "mean": 0.6883766627420081,
        "median": 0.6893680635670416
    },
    "macro avg": {
        "f1-score": {
            "90th": [
                0.8224230524975646,
                0.860638732069944
            ],
            "95th": [
                0.8190774677040003,
                0.8635452183120519
            ],
            "99th": [
                0.8115729759841079,
                0.8698501709199112
            ],
            "mean": 0.841981710726686,
            "median": 0.8424731345419765
        },
        "precision": {
            "90th": [
                0.8398238354037965,
                0.8741337825001789
            ],
            "95th": [
                0.836384064272817,
                0.8767274662699848
            ],
            "99th": [
                0.8310881010646262,
                0.8821771158862756
            ],
            "mean": 0.8574293946634318,
            "median": 0.8578002181111265
        },
        "recall": {
            "90th": [
                0.8327607032616421,
                0.8670016022340149
            ],
            "95th": [
                0.8295767714977109,
                0.8704154180675606
            ],
            "99th": [
                0.8230610386277207,
                0.8761254936274989
            ],
            "mean": 0.8505509739924547,
            "median": 0.8506378937604862
        }
    },
    "weighted avg": {
        "f1-score": {
            "90th": [
                0.8218518153575816,
                0.8602181055973566
            ],
            "95th": [
                0.8185029881030483,
                0.8632425775646432
            ],
            "99th": [
                0.8105895566510253,
                0.8695764938132421
            ],
            "mean": 0.8416211574700775,
            "median": 0.8419975941377893
        },
        "precision": {
            "90th": [
                0.8497541878488648,
                0.8798343835694756
            ],
            "95th": [
                0.8466506717976643,
                0.8823396454291966
            ],
            "99th": [
                0.8417283360525204,
                0.887326291623923
            ],
            "mean": 0.8649831802590938,
            "median": 0.8651886582195116
        },