{
    "Mangrove": {
        "f1-score": {
            "90th": [
                0.9400904346764595,
                0.9624505928853754
            ],
            "95th": [
                0.9376823720050701,
                0.964286624435707
            ],
            "99th": [
                0.9336136082478675,
                0.9678762306327676
            ],
            "mean": 0.9517143131846055,
            "median": 0.95194846968148
        },
        "precision": {
            "90th": [
                0.9309662631114192,
                0.9641467812958692
            ],
            "95th": [
                0.9284218952411214,
                0.9676113360323887
            ],
            "99th": [
                0.9226062160641042,
                0.9716604904009403
            ],
            "mean": 0.9478564789070174,
            "median": 0.9478957915831663
        },
        "producer_accuracy": {
            "90th": [
                93.09662631114192,
                96.41467812958692
            ],
            "95th": [
                92.84218952411214,
                96.76113360323887
            ],
            "99th": [
                92.26062160641042,
                97.16604904009404
            ],
            "mean": 94.78564789070174,
            "median": 94.78957915831663
        },
        "recall": {
            "90th": [
                0.9400785123966943,
                0.9703580292306277
            ],
            "95th": [
                0.9372358221469614,
                0.9721683786171857
            ],
            "99th": [
                0.9316399561215754,
                0.9767441860465116
            ],
            "mean": 0.9556990147779433,
            "median": 0.9558232931726908
        },
        "support": {
            "90th": [
                470.0,
                522.0
            ],
            "95th": [
                465.0,
                526.0
            ],
            "99th": [
                455.995,
                534.0049999999999
            ],
            "mean": 495.321,
            "median": 496.0
        },
        "user_accuracy": {
            "90th": [
                94.00785123966942,
                97.03580292306277
            ],
            "95th": [
                93.72358221469614,
                97.21683786171857
            ],
            "99th": [
                93.16399561215754,
                97.67441860465115
            ],
            "mean": 95.56990147779432,
            "median": 95.58232931726907
        }
    },
    "Other": {
        "f1-score": {
            "90th": [
                0.9403430534230444,
                0.9628942418981481
            ],
            "95th": [
                0.9385593484286916,
                0.9645254074784275
            ],
            "99th": [
                0.9345235857500894,
                0.9685186332662501
            ],
            "mean": 0.9522143217040052,
            "median": 0.9524733268671193
        },
        "precision": {
            "90th": [
                0.9409390579136188,
                0.9708747956320772
            ],
            "95th": [
                0.9373737373737374,
                0.9729206963249516
            ],
            "99th": [
                0.9325147885691982,
                0.9766539231611953
            ],
            "mean": 0.9561593392869803,
            "median": 0.95625
        },
        "producer_accuracy": {
            "90th": [
                94.09390579136188,
                97.08747956320772
            ],
            "95th": [
                93.73737373737374,
                97.29206963249516
            ],
            "99th": [
                93.25147885691982,
                97.66539231611952
            ],
            "mean": 95.61593392869803,
            "median": 95.625
        },
        "recall": {
            "90th": [
                0.9316743642830599,
                0.9651389306662657
            ],
            "95th": [
                0.928567878443624,
                0.9676821415429903
            ],
            "99th": [
                0.9236752698245099,
                0.972111831005996
            ],
            "mean": 0.9483933480792893,
            "median": 0.9484940669639483
        },
        "support": {
            "90th": [
                478.0,
                530.0
            ],
            "95th": [
                474.0,
                535.0
            ],
            "99th": [
                465.995,
                544.0049999999999
            ],
            "mean": 504.679,
            "median": 504.0
        },
        "user_accuracy": {
            "90th": [
                93.16743642830599,
                96.51389306662657
            ],
            "95th": [
                92.8567878443624,
                96.76821415429903
            ],
            "99th": [
                92.36752698245098,
                97.21118310059958
            ],
            "mean": 94.83933480792892,
            "median": 94.84940669639482
        }
    },
    "accuracy": {
        "90th": [
            0.941,
            0.96205
        ],
        "95th": [
            0.938,
            0.964
        ],
        "99th": [
            0.935,
            0.9680049999999999
        ],
        "mean": 0.9520095,
        "median": 0.952
    },
    "cohen_kappa": {
        "90th": [
            0.8816651111728897,
            0.9240975021747788
        ],
        "95th": [
            0.876,
            0.9279966014377906
        ],
        "99th": [
            0.8699883040483936,
            0.936005238687321
        ],
        "mean": 0.9039350656434663,
        "median": 0.9039848296026931
    },
    "macro avg": {
        "f1-score": {
            "90th": [
                0.9408076841658548,
                0.9620438253571654
            ],
            "95th": [
                0.9379988777690231,
                0.9639976958525345
            ],
            "99th": [
                0.9349888960615087,
                0.9680024918119244
            ],
            "mean": 0.9519643174443054,
            "median": 0.9519877088534665
        },
        "precision": {
            "90th": [
                0.9407397938369483,
                0.9624917507532057
            ],
            "95th": [
                0.9380280337941629,
                0.9640564484452028
            ],
            "99th": [
                0.9350742774959593,
                0.9681062574422042
            ],
            "mean": 0.9520079090969988,
            "median": 0.9520152168819339
        },
        "recall": {
            "90th": [
                0.9407802796309153,
                0.9626555516819887
            ],
            "95th": [
                0.9381925800789572,
                0.9643167106371386
            ],
            "99th": [
                0.9349899662391804,
                0.9680207878561933
            ],
            "mean": 0.9520461814286164,
            "median": 0.9520786744354621
        }
    },
    "weighted avg": {
        "f1-score": {
            "90th": [
                0.9409849534761068,
                0.962069898492355
            ],
            "95th": [
                0.9380148749800097,
                0.9640055025513924
            ],
            "99th": [
                0.9349923793932704,
                0.9680054758052518
            ],
            "mean": 0.9520105474405992,
            "median": 0.952003746829684
        },
        "precision": {
            "90th": [
                0.9409999109385235,
                0.9624488429532947
            ],
            "95th": [
                0.9381577019728515,
                0.9641745188856202
            ],
            "99th": [
                0.935070499868882,
                0.9680276921153964
            ],
            "mean": 0.9521368020287901,
            "median": 0.95213723638504
        },