{
    "Mangrove": {
        "f1-score": {
            "90th": [
                0.9004648997234228,
                0.9354421162221789
            ],
            "95th": [
                0.896238147297026,
                0.9387146033451165
            ],
            "99th": [
                0.889223933427098,
                0.9448401847983923
            ],
            "mean": 0.9190041567819064,
            "median": 0.9192282363720401
        },
        "precision": {
            "90th": [
                0.9602446483180428,
                0.987987987987988
            ],
            "95th": [
                0.9572333137919055,
                0.990625
            ],
            "99th": [
                0.9510688308633263,
                0.9936711836831872
            ],
            "mean": 0.9752136475182092,
            "median": 0.9757575757575757
        },
        "producer_accuracy": {
            "90th": [
                96.02446483180428,
                98.7987987987988
            ],
            "95th": [
                95.72333137919055,
                99.0625
            ],
            "99th": [
                95.10688308633263,
                99.36711836831871
            ],
            "mean": 97.52136475182091,
            "median": 97.57575757575758
        },
        "recall": {
            "90th": [
                0.84,
                0.8977272727272727
            ],
            "95th": [
                0.8333333333333334,
                0.9025087596076334
            ],
            "99th": [
                0.820440596444217,
                0.9125980257647093
            ],
            "mean": 0.8691109425333695,
            "median": 0.8695652173913043
        },
        "support": {
            "90th": [
                337.0,
                382.0
            ],
            "95th": [
                332.0,
                386.0
            ],
            "99th": [
                325.995,
                396.0049999999999
            ],
            "mean": 359.49,
            "median": 359.0
        },
        "user_accuracy": {
            "90th": [
                84.0,
                89.77272727272727
            ],
            "95th": [
                83.33333333333334,
                90.25087596076334
            ],
            "99th": [
                82.0440596444217,
                91.25980257647092
            ],
            "mean": 86.91109425333696,
            "median": 86.95652173913044
        }
    },
    "Other": {
        "f1-score": {
            "90th": [
                0.9173652694610779,
                0.9471094710947109
            ],
            "95th": [
                0.9134456343676306,
                0.9493994308609291
            ],
            "99th": [
                0.9062064708445434,
                0.9535467368817001
            ],
            "mean": 0.9328453265800553,
            "median": 0.9331742243436754
        },
        "precision": {
            "90th": [
                0.8635291198365203,
                0.9148983768860964
            ],
            "95th": [
                0.8591877037883626,
                0.9190489566613161
            ],
            "99th": [
                0.8486949011390501,
                0.9254086773441612
            ],
            "mean": 0.8904260097832669,
            "median": 0.8909732683827976
        },
        "producer_accuracy": {
            "90th": [
                86.35291198365202,
                91.48983768860964
            ],
            "95th": [
                85.91877037883626,
                91.90489566613161
            ],
            "99th": [
                84.86949011390502,
                92.54086773441611
            ],
            "mean": 89.04260097832669,
            "median": 89.09732683827976
        },
        "recall": {
            "90th": [
                0.9675,
                0.9900497512437811
            ],
            "95th": [
                0.965608303108303,
                0.9921875
            ],
            "99th": [
                0.9599979797979797,
                0.994923922122984
            ],
            "mean": 0.9796818193462741,
            "median": 0.98
        },
        "support": {
            "90th": [
                368.0,
                413.0
            ],
            "95th": [
                364.0,
                418.0
            ],
            "99th": [
                353.995,
                424.0049999999999
            ],
            "mean": 390.51,
            "median": 391.0
        },
        "user_accuracy": {
            "90th": [
                96.75,
                99.00497512437812
            ],
            "95th": [
                96.56083031083031,
                99.21875
            ],
            "99th": [
                95.99979797979798,
                99.4923922122984
            ],
            "mean": 97.96818193462741,
            "median": 98.0
        }
    },
    "accuracy": {
        "90th": [
            0.9106666666666666,
            0.9413333333333334
        ],
        "95th": [
            0.9066666666666666,
            0.944
        ],
        "99th": [
            0.9013266666666666,
            0.9493333333333334
        ],
        "mean": 0.9266613333333333,
        "median": 0.9266666666666666
    },
    "cohen_kappa": {
        "90th": [
            0.8192115595189272,
            0.8821140155721676
        ],
        "95th": [
            0.8129326123238855,
            0.8872551011621012
        ],
        "99th": [
            0.7993094923457053,
            0.897887004542402
        ],
        "mean": 0.8522835258254813,
        "median": 0.8529862500854177
    },
    "macro avg": {
        "f1-score": {
            "90th": [
                0.9093226080606912,
                0.9409065606824483
            ],
            "95th": [
                0.9059798242642767,
                0.9435371742505022
            ],
            "99th": [
                0.8991621284933046,
                0.9489137352380206
            ],
            "mean": 0.9259247416809808,
            "median": 0.9262986183447652
        },
        "precision": {
            "90th": [
                0.9175360525900095,
                0.9463740511999938
            ],
            "95th": [
                0.9146560626603512,
                0.9488766161736863
            ],
            "99th": [
                0.9088500272791428,
                0.9540373750002751
            ],
            "mean": 0.9328198286507381,
            "median": 0.9332212272348686
        },
        "recall": {
            "90th": [
                0.9079711330525836,
                0.938965786611121
            ],
            "95th": [
                0.9045788505885357,
                0.942024732783372
            ],
            "99th": [
                0.8978657857291272,
                0.9475003871271317
            ],
            "mean": 0.9243963809398219,
            "median": 0.9246088396528095
        }
    },
    "weighted avg": {
        "f1-score": {
            "90th": [
                0.9100039947675443,
                0.9411471426836987
            ],
            "95th": [
                0.9061169041206142,
                0.9437956401898959
            ],
            "99th": [
                0.9002924506234112,
                0.9491984998158528
            ],
            "mean": 0.9262965698667054,
            "median": 0.926431083232518
        },
        "precision": {
            "90th": [
                0.9164663635249576,
                0.9444569078318287
            ],
            "95th": [
                0.9138647880655474,
                0.9467616124347804
            ],
            "99th": [
                0.908146177498253,
                0.9512631898416974
            ],
            "mean": 0.9312502272492491,
            "median": 0.9315787808185854
        },