{
    "Mangrove": {
        "f1-score": 0.0,
        "precision": 0.0,
        "recall": 0.0,
        "support": 232
    },
    "Other": {
        "f1-score": 0.6979166666666667,
        "precision": 0.536,
        "recall": 1.0,
        "support": 268
    },
    "accuracy": 0.536,
    "accuracy_conf_interval": [
        0.03657633875608656,
        0.043713185342640036,
        0.0519651642083425,
        0.0575408256040874
    ],
    "cls_confidence_intervals": {
        "Mangrove": [
            NaN,
            NaN,
            NaN,
            NaN
        ],
        "Other": [
            0.03657633875608656,
            0.043713185342640036,
            0.0519651642083425,
            0.0575408256040874
        ]
    },
    "cohen_kappa": 0.0,
    "confusion_matrix": [
        [
            0,
            232
        ],
        [
            0,
            268
        ]
    ],
    "macro avg": {
        "f1-score": 0.34895833333333337,
        "precision": 0.268,
        "recall": 0.5,
        "support": 500
    },
    "producer_accuracy": [
        NaN,
        53.6
    ],
    "user_accuracy": [
        0.0,
        100.0
    ],
    "weighted avg": {
        "f1-score": 0.3740833333333334,
        "precision": 0.287296,
        "recall": 0.536,
        "support": 500
    }
}