overall accuracy,0.941
cohen kappa,0.8816952469561591
""
Confidence Interval,90%,95%,98%,99%
Overall Accuracy,0.01221981597242774,0.014604170308511202,0.017361080009607704,0.019223856834672908
""
class,f1-score,precision,recall,support
Mangrove,0.9438629876308279,0.9393939393939394,0.9483747609942639,523
Other,0.9378292939936776,0.9427966101694916,0.9329140461215933,477
""
macro avg,0.9408461408122528,0.9410952747817155,0.9406444035579287,1000
weighted (pixel) avg,0.9409849157659071,0.9410170133538778,0.941,1000
""
Confidence Interval,90%,95%,98%,99%
Mangrove,0.017029770357900625,0.020352652378954405,0.02419473471579784,0.02679073629474611
Other,0.017530436810830774,0.020951009847090436,0.024906047420265674,0.027578370104843535
""
Point Count Confusion Matrix
,Mangrove,Other,User Acc
Mangrove,496,27,94.83747609942638
Other,32,445,93.29140461215934
Producer,93.93939393939394,94.27966101694916
""
