overall accuracy,0.851
cohen kappa,0.7026707747322042
""
Confidence Interval,90%,95%,98%,99%
Overall Accuracy,0.018467230176721146,0.022070592162422832,0.02623697945839041,0.02905210600971985
""
class,f1-score,precision,recall,support
Mangrove,0.8273464658169177,0.7083333333333334,0.9944289693593314,359
Other,0.8689533861037819,0.9959677419354839,0.7706708268330733,641
""
macro avg,0.8481499259603498,0.8521505376344086,0.8825498980962023,1000
weighted (pixel) avg,0.8540165017207976,0.8927069892473118,0.851,1000
""
Confidence Interval,90%,95%,98%,99%
Mangrove,0.03320403162342462,0.03968286706214162,0.047174020538158154,0.052235610724655816
Other,0.00466659171433756,0.005577146195183913,0.00662997481366251,0.007341345501823723
""
Point Count Confusion Matrix
,Mangrove,Other,User Acc
Mangrove,357,2,99.44289693593315
Other,147,494,77.06708268330733
Producer,70.83333333333334,99.59677419354838
""
