{
    "Mangrove": {
        "f1-score": {
            "90th": [
                0.9628140624291766,
                0.9803940754383945
            ],
            "95th": [
                0.9609836193711393,
                0.9818529612256217
            ],
            "99th": [
                0.956180623174294,
                0.983991823527661
            ],
            "mean": 0.9717805630161483,
            "median": 0.9719042663891778
        },
        "precision": {
            "90th": [
                0.9478764478764479,
                0.9759543086172344
            ],
            "95th": [
                0.9450078100728365,
                0.9780896066389464
            ],
            "99th": [
                0.9388143364420338,
                0.9819284308548937
            ],
            "mean": 0.9622464987421765,
            "median": 0.9621681341859454
        },
        "producer_accuracy": {
            "90th": [
                94.78764478764478,
                97.59543086172344
            ],
            "95th": [
                94.50078100728365,
                97.80896066389464
            ],
            "99th": [
                93.88143364420338,
                98.19284308548937
            ],
            "mean": 96.22464987421766,
            "median": 96.21681341859454
        },
        "recall": {
            "90th": [
                0.9707602339181286,
                0.9904788961038962
            ],
            "95th": [
                0.9688715953307393,
                0.9920638849599246
            ],
            "99th": [
                0.9644963383912356,
                0.9958161161499346
            ],
            "mean": 0.9815585439521376,
            "median": 0.9818548387096774
        },
        "support": {
            "90th": [
                464.0,
                516.0
            ],
            "95th": [
                458.0,
                521.0
            ],
            "99th": [
                447.995,
                533.0
            ],
            "mean": 490.533,
            "median": 491.0
        },
        "user_accuracy": {
            "90th": [
                97.07602339181285,
                99.04788961038962
            ],
            "95th": [
                96.88715953307393,
                99.20638849599247
            ],
            "99th": [
                96.44963383912356,
                99.58161161499346
            ],
            "mean": 98.15585439521374,
            "median": 98.18548387096774
        }
    },
    "Other": {
        "f1-score": {
            "90th": [
                0.9637096774193549,
                0.9806201550387597
            ],
            "95th": [
                0.9614205015927086,
                0.9823110121314873
            ],
            "99th": [
                0.9565217391304348,
                0.9842210626038608
            ],
            "mean": 0.9722945995742487,
            "median": 0.9724502920040977
        },
        "precision": {
            "90th": [
                0.9714838521966831,
                0.9909268216570447
            ],
            "95th": [
                0.9693798653482011,
                0.9921263709914453
            ],
            "99th": [
                0.9652337402230515,
                0.9958932238193019
            ],
            "mean": 0.9818984988421269,
            "median": 0.9822134387351779
        },
        "producer_accuracy": {
            "90th": [
                97.14838521966831,
                99.09268216570447
            ],
            "95th": [
                96.93798653482011,
                99.21263709914454
            ],
            "99th": [
                96.52337402230515,
                99.58932238193019
            ],
            "mean": 98.18984988421269,
            "median": 98.22134387351778
        },
        "recall": {
            "90th": [
                0.9489166592248616,
                0.9760502898585299
            ],
            "95th": [
                0.9460500963391136,
                0.9784324277656268
            ],
            "99th": [
                0.9392150891790901,
                0.9825247778985643
            ],
            "mean": 0.9629261677747033,
            "median": 0.9628543144569471
        },
        "support": {
            "90th": [
                484.0,
                536.0
            ],
            "95th": [
                479.0,
                542.0
            ],
            "99th": [
                467.0,
                552.0049999999999
            ],
            "mean": 509.467,
            "median": 509.0
        },
        "user_accuracy": {
            "90th": [
                94.89166592248615,
                97.605028985853
            ],
            "95th": [
                94.60500963391137,
                97.84324277656268
            ],
            "99th": [
                93.92150891790901,
                98.25247778985643
            ],
            "mean": 96.29261677747033,
            "median": 96.28543144569471
        }
    },
    "accuracy": {
        "90th": [
            0.964,
            0.98
        ],
        "95th": [
            0.961,
            0.982
        ],
        "99th": [
            0.9569949999999999,
            0.984
        ],
        "mean": 0.9720675,
        "median": 0.972
    },
    "cohen_kappa": {
        "90th": [
            0.9277898272302253,
            0.9600022078387384
        ],
        "95th": [
            0.9220447618878785,
            0.9639753699603154
        ],
        "99th": [
            0.9137181019854698,
            0.9679938567408399
        ],
        "mean": 0.9440824453971138,
        "median": 0.9439976478956111
    },
    "macro avg": {
        "f1-score": {
            "90th": [
                0.9638911177142079,
                0.97999991999968
            ],
            "95th": [
                0.9609996333963104,
                0.981985925598545
            ],
            "99th": [
                0.956855506739778,
                0.9839959029511555
            ],
            "mean": 0.9720375812951983,
            "median": 0.9719959674193084
        },
        "precision": {
            "90th": [
                0.9634468563471986,
                0.9803926163521547
            ],
            "95th": [
                0.9615450068335246,
                0.9819840171454959
            ],
            "99th": [
                0.9569528732364779,
                0.9840122817359437
            ],
            "mean": 0.9720724987921517,
            "median": 0.9721588560552095
        },
        "recall": {
            "90th": [
                0.9639340200383304,
                0.980570159216291
            ],
            "95th": [
                0.9616874638297372,
                0.9820454603416287
            ],
            "99th": [
                0.9569301129930862,
                0.9839963244510841
            ],
            "mean": 0.9722423558634204,
            "median": 0.9723326713543613
        }
    },
    "weighted avg": {
        "f1-score": {
            "90th": [
                0.9639869980841049,
                0.9800111868195815
            ],
            "95th": [
                0.9610441794397437,
                0.9820001548031682
            ],
            "99th": [
                0.9569798388345965,
                0.984000005121311
            ],
            "mean": 0.9720701205397299,
            "median": 0.9720073402520348
        },
        "precision": {
            "90th": [
                0.9640081728901492,
                0.9803849134719133
            ],
            "95th": [
                0.9620373568248936,
                0.9821171394912961
            ],
            "99th": [
                0.9571987189166701,
                0.9840832068961706
            ],
            "mean": 0.9723118690567432,
            "median": 0.9722981474017458
        },