{
    "Mangrove": {
        "f1-score": 0.9397590361445783,
        "precision": 0.9069767441860465,
        "recall": 0.975,
        "support": 280
    },
    "Other": {
        "f1-score": 0.9434571890145397,
        "precision": 0.9765886287625418,
        "recall": 0.9125,
        "support": 320
    },
    "accuracy": 0.9416666666666667,
    "accuracy_conf_interval": [
        0.015691888680792073,
        0.0187537206185076,
        0.02229396379649118,
        0.024686019997831436
    ],
    "cls_confidence_intervals": {
        "Mangrove": [
            0.0274570859905521,
            0.03281456618383056,
            0.03900915265730878,
            0.04319468405830758
        ],
        "Other": [
            0.014340936450106553,
            0.01713916795256637,
            0.02037462312728553,
            0.02256074148858226
        ]
    },
    "cohen_kappa": 0.8833592534992224,
    "confusion_matrix": [
        [
            273,
            7
        ],
        [
            28,
            292
        ]
    ],
    "macro avg": {
        "f1-score": 0.941608112579559,
        "precision": 0.9417826864742942,
        "recall": 0.94375,
        "support": 600
    },
    "producer_accuracy": [
        90.69767441860465,
        97.65886287625418
    ],
    "user_accuracy": [
        97.5,
        91.25
    ],
    "weighted avg": {
        "f1-score": 0.9417313843418911,
        "precision": 0.944103082626844,
        "recall": 0.9416666666666667,
        "support": 600
    }
}