{
    "Mangrove": {
        "f1-score": 0.0,
        "precision": 0.0,
        "recall": 0.0,
        "support": 121
    },
    "Other": {
        "f1-score": 0.6807387862796834,
        "precision": 0.516,
        "recall": 1.0,
        "support": 129
    },
    "accuracy": 0.516,
    "accuracy_conf_interval": [
        0.05183479381265059,
        0.061948899922436074,
        0.07364333511187554,
        0.08154498051014544
    ],
    "cls_confidence_intervals": {
        "Mangrove": [
            NaN,
            NaN,
            NaN,
            NaN
        ],
        "Other": [
            0.05183479381265059,
            0.061948899922436074,
            0.07364333511187554,
            0.08154498051014544
        ]
    },
    "cohen_kappa": 0.0,
    "confusion_matrix": [
        [
            0,
            121
        ],
        [
            0,
            129
        ]
    ],
    "macro avg": {
        "f1-score": 0.3403693931398417,
        "precision": 0.258,
        "recall": 0.5,
        "support": 250
    },
    "producer_accuracy": [
        NaN,
        51.6
    ],
    "user_accuracy": [
        0.0,
        100.0
    ],
    "weighted avg": {
        "f1-score": 0.35126121372031666,
        "precision": 0.26625600000000005,
        "recall": 0.516,
        "support": 250
    }
}