{
    "Mangrove": {
        "f1-score": {
            "90th": [
                0.976837670644317,
                0.9901205222370919
            ],
            "95th": [
                0.9754085737368297,
                0.9912027751949075
            ],
            "99th": [
                0.9722222222222222,
                0.9928501365556112
            ],
            "mean": 0.9839462965770258,
            "median": 0.984189723320158
        },
        "precision": {
            "90th": [
                0.9690711679195996,
                0.9899000081459759
            ],
            "95th": [
                0.9667919825945481,
                0.9917868684148518
            ],
            "99th": [
                0.9632641969831411,
                0.9940476190476191
            ],
            "mean": 0.9802411234117825,
            "median": 0.9807321772639692
        },
        "producer_accuracy": {
            "90th": [
                96.90711679195995,
                98.9900008145976
            ],
            "95th": [
                96.67919825945481,
                99.17868684148516
            ],
            "99th": [
                96.32641969831411,
                99.40476190476191
            ],
            "mean": 98.02411234117825,
            "median": 98.07321772639692
        },
        "recall": {
            "90th": [
                0.9792509553920342,
                0.9957627118644068
            ],
            "95th": [
                0.9775510204081632,
                0.996
            ],
            "99th": [
                0.9735097310447357,
                0.9979879477669228
            ],
            "mean": 0.9877106162221555,
            "median": 0.988
        },
        "support": {
            "90th": [
                470.0,
                522.0
            ],
            "95th": [
                466.0,
                527.0
            ],
            "99th": [
                452.995,
                537.0049999999999
            ],
            "mean": 496.053,
            "median": 496.0
        },
        "user_accuracy": {
            "90th": [
                97.92509553920341,
                99.57627118644068
            ],
            "95th": [
                97.75510204081633,
                99.6
            ],
            "99th": [
                97.35097310447358,
                99.79879477669228
            ],
            "mean": 98.77106162221556,
            "median": 98.8
        }
    },
    "Other": {
        "f1-score": {
            "90th": [
                0.976976976976977,
                0.9903100775193798
            ],
            "95th": [
                0.9755047139301045,
                0.9912370373104035
            ],
            "99th": [
                0.972572377713602,
                0.9930901029031987
            ],
            "mean": 0.9840815287279198,
            "median": 0.9841897233201581
        },
        "precision": {
            "90th": [
                0.9791646900695762,
                0.9957814771478212
            ],
            "95th": [
                0.9779548051927147,
                0.9960319424799623
            ],
            "99th": [
                0.9742058353886043,
                0.9980040514209675
            ],
            "mean": 0.9878156109473573,
            "median": 0.9880478087649402
        },
        "producer_accuracy": {
            "90th": [
                97.91646900695761,
                99.57814771478212
            ],
            "95th": [
                97.79548051927148,
                99.60319424799623
            ],
            "99th": [
                97.42058353886044,
                99.80040514209675
            ],
            "mean": 98.78156109473572,
            "median": 98.80478087649402
        },
        "recall": {
            "90th": [
                0.9695098678086017,
                0.99
            ],
            "95th": [
                0.9671814671814671,
                0.9918212878447803
            ],
            "99th": [
                0.963999639278557,
                0.9940594646421164
            ],
            "mean": 0.9804055471390338,
            "median": 0.9808245269559718
        },
        "support": {
            "90th": [
                478.0,
                530.0
            ],
            "95th": [
                473.0,
                534.0
            ],
            "99th": [
                462.995,
                547.0049999999999
            ],
            "mean": 503.947,
            "median": 504.0
        },
        "user_accuracy": {
            "90th": [
                96.95098678086018,
                99.0
            ],
            "95th": [
                96.71814671814671,
                99.18212878447802
            ],
            "99th": [
                96.39996392785571,
                99.40594646421164
            ],
            "mean": 98.0405547139034,
            "median": 98.08245269559717
        }
    },
    "accuracy": {
        "90th": [
            0.977,
            0.99
        ],
        "95th": [
            0.976,
            0.991
        ],
        "99th": [
            0.973,
            0.993
        ],
        "mean": 0.9840305,
        "median": 0.984
    },
    "cohen_kappa": {
        "90th": [
            0.9539870427489994,
            0.979999767997248
        ],
        "95th": [
            0.9519382643431349,
            0.9819992799711988
        ],
        "99th": [
            0.9459410692299663,
            0.9859939549905278
        ],
        "mean": 0.9680288723382253,
        "median": 0.9679940468915694
    },
    "macro avg": {
        "f1-score": {
            "90th": [
                0.9769916940015345,
                0.9899998399974399
            ],
            "95th": [
                0.9759676090331668,
                0.99099955897839
            ],
            "99th": [
                0.9729705064727089,
                0.9929969144402794
            ],
            "mean": 0.9840139126524728,
            "median": 0.9839968633852234
        },
        "precision": {
            "90th": [
                0.9770114356153131,
                0.9900478201456798
            ],
            "95th": [
                0.9758006849676657,
                0.9910513648889194
            ],
            "99th": [
                0.9728745639087792,
                0.9929609228422339
            ],
            "mean": 0.9840283671795699,
            "median": 0.984052923427827
        },
        "recall": {
            "90th": [
                0.9770136780717276,
                0.9901252581712271
            ],
            "95th": [
                0.9758020477574082,
                0.9910778223422975
            ],
            "99th": [
                0.9729751910439891,
                0.9930126970131169
            ],
            "mean": 0.9840580816805947,
            "median": 0.9840565045876692
        }
    },
    "weighted avg": {
        "f1-score": {
            "90th": [
                0.9769998803990523,
                0.9900011248588401
            ],
            "95th": [
                0.9759949252714503,
                0.991000676774881
            ],
            "99th": [
                0.9730008830559609,
                0.9930000917165639
            ],
            "mean": 0.9840307842742532,
            "median": 0.9840007680491552
        },
        "precision": {
            "90th": [
                0.9770623199843878,
                0.990071044546851
            ],
            "95th": [
                0.9760056849160209,
                0.9910485946681953
            ],
            "99th": [
                0.9730156805138364,
                0.9930025236781189
            ],
            "mean": 0.9840895675698261,
            "median": 0.9840636754646623
        },