{
    "Mangrove": {
        "f1-score": {
            "90th": [
                0.7919985401459855,
                0.851792523756951
            ],
            "95th": [
                0.7852962176619922,
                0.8566249463214943
            ],
            "99th": [
                0.7752780121685838,
                0.868142896180196
            ],
            "mean": 0.8224012404360481,
            "median": 0.8227648405651422
        },
        "precision": {
            "90th": [
                0.8799922480620155,
                0.9414331764974032
            ],
            "95th": [
                0.8728813559322034,
                0.9471370115683536
            ],
            "99th": [
                0.8608692466953337,
                0.9531929737753587
            ],
            "mean": 0.912564754515216,
            "median": 0.9132325748141439
        },
        "producer_accuracy": {
            "90th": [
                87.99922480620155,
                94.14331764974031
            ],
            "95th": [
                87.28813559322035,
                94.71370115683536
            ],
            "99th": [
                86.08692466953337,
                95.31929737753588
            ],
            "mean": 91.25647545152161,
            "median": 91.32325748141439
        },
        "recall": {
            "90th": [
                0.7068403908794788,
                0.7916937229437229
            ],
            "95th": [
                0.6992939099735216,
                0.8006775807762649
            ],
            "99th": [
                0.6843835940383906,
                0.8125064655172413
            ],
            "mean": 0.7489306370633327,
            "median": 0.7490909090909091
        },
        "support": {
            "90th": [
                274.95,
                315.0
            ],
            "95th": [
                270.0,
                320.0
            ],
            "99th": [
                263.0,
                327.0
            ],
            "mean": 294.51,
            "median": 294.0
        },
        "user_accuracy": {
            "90th": [
                70.68403908794788,
                79.16937229437228
            ],
            "95th": [
                69.92939099735217,
                80.0677580776265
            ],
            "99th": [
                68.43835940383906,
                81.25064655172412
            ],
            "mean": 74.89306370633328,
            "median": 74.90909090909092
        }
    },
    "Other": {
        "f1-score": {
            "90th": [
                0.8314588352121224,
                0.8795197597111134
            ],
            "95th": [
                0.8270395663193467,
                0.8839381225945211
            ],
            "99th": [
                0.8187700309936546,
                0.8933739256841192
            ],
            "mean": 0.8565691796899445,
            "median": 0.8571428571428572
        },
        "precision": {
            "90th": [
                0.7566726419937868,
                0.829418449197861
            ],
            "95th": [
                0.7506397637795276,
                0.836567874973212
            ],
            "99th": [
                0.7391175021554378,
                0.8480322156370547
            ],
            "mean": 0.7936249819704244,
            "median": 0.7946187258687258
        },
        "producer_accuracy": {
            "90th": [
                75.66726419937869,
                82.9418449197861
            ],
            "95th": [
                75.06397637795276,
                83.6567874973212
            ],
            "99th": [
                73.91175021554378,
                84.80322156370546
            ],
            "mean": 79.36249819704244,
            "median": 79.46187258687257
        },
        "recall": {
            "90th": [
                0.9053627760252366,
                0.9543978891716087
            ],
            "95th": [
                0.8999924012158055,
                0.9577922077922078
            ],
            "99th": [
                0.8892580591924304,
                0.9633345474613687
            ],
            "mean": 0.9308263965435533,
            "median": 0.9318181818181818
        },
        "support": {
            "90th": [
                285.0,
                325.04999999999995
            ],
            "95th": [
                280.0,
                330.0
            ],
            "99th": [
                273.0,
                337.0
            ],
            "mean": 305.49,
            "median": 306.0
        },
        "user_accuracy": {
            "90th": [
                90.53627760252367,
                95.43978891716088
            ],
            "95th": [
                89.99924012158054,
                95.77922077922078
            ],
            "99th": [
                88.92580591924303,
                96.33345474613687
            ],
            "mean": 93.08263965435533,
            "median": 93.18181818181817
        }
    },
    "accuracy": {
        "90th": [
            0.8166666666666667,
            0.865
        ],
        "95th": [
            0.8116666666666666,
            0.87
        ],
        "99th": [
            0.8033333333333333,
            0.88
        ],
        "mean": 0.8415283333333334,
        "median": 0.8416666666666667
    },
    "cohen_kappa": {
        "90th": [
            0.6330879179473536,
            0.7288612171118698
        ],
        "95th": [
            0.6230465234253546,
            0.737446969658448
        ],
        "99th": [
            0.6067762202457424,
            0.7565348964000256
        ],
        "mean": 0.6815996998144006,
        "median": 0.6819900170195946
    },
    "macro avg": {
        "f1-score": {
            "90th": [
                0.8146879457316457,
                0.8636905861480565
            ],
            "95th": [
                0.8093854403939266,
                0.8681068926083283
            ],
            "99th": [
                0.800454213738999,
                0.8778692370933342
            ],
            "mean": 0.8394852100629964,
            "median": 0.8397271952259164
        },
        "precision": {
            "90th": [
                0.8295575367841421,
                0.8746012822532214
            ],
            "95th": [
                0.8260441311852704,
                0.8788951805834233
            ],
            "99th": [
                0.8136123366003271,
                0.8874163666083625
            ],
            "mean": 0.8530948682428202,
            "median": 0.8535953043198319
        },
        "recall": {
            "90th": [
                0.8155255538947185,
                0.8634364181644674
            ],
            "95th": [
                0.8105305582041799,
                0.8680080521708472
            ],
            "99th": [
                0.8021607352576845,
                0.8780928958451912
            ],
            "mean": 0.839878516803443,
            "median": 0.8401850663288123
        }
    },
    "weighted avg": {
        "f1-score": {
            "90th": [
                0.8149878816164049,
                0.8643114155317276
            ],
            "95th": [
                0.8095654781465658,
                0.868854328048157
            ],
            "99th": [
                0.8005409843258774,
                0.8787922374789094
            ],
            "mean": 0.8400141121576308,
            "median": 0.8405370743518574
        },
        "precision": {
            "90th": [
                0.8292179758841177,
                0.8735547858694976
            ],
            "95th": [
                0.8254355640807047,
                0.8778992721072852
            ],
            "99th": [
                0.8154577495983506,
                0.8851567328314287
            ],
            "mean": 0.8524330054190647,