{
    "Mangrove": {
        "f1-score": {
            "90th": [
                0.5685495587733411,
                0.6365796898969975
            ],
            "95th": [
                0.5617977528089888,
                0.6419753086419754
            ],
            "99th": [
                0.5493658790057414,
                0.6527786703798915
            ],
            "mean": 0.6024003514018124,
            "median": 0.6022304832713755
        },
        "precision": {
            "90th": [
                0.9553535133565622,
                0.9882352941176471
            ],
            "95th": [
                0.9512195121951219,
                0.991454802259887
            ],
            "99th": [
                0.9435472443515738,
                0.9958851068792589
            ],
            "mean": 0.9725753462676192,
            "median": 0.9732824427480916
        },
        "producer_accuracy": {
            "90th": [
                95.53535133565622,
                98.82352941176471
            ],
            "95th": [
                95.1219512195122,
                99.1454802259887
            ],
            "99th": [
                94.35472443515738,
                99.58851068792589
            ],
            "mean": 97.25753462676192,
            "median": 97.32824427480917
        },
        "recall": {
            "90th": [
                0.4022535582498682,
                0.47222470681773004
            ],
            "95th": [
                0.39612590060791036,
                0.47755904475948735
            ],
            "99th": [
                0.382041133162612,
                0.48904576581860826
            ],
            "mean": 0.43663777172751517,
            "median": 0.4362968054067531
        },
        "support": {
            "90th": [
                532.0,
                584.0
            ],
            "95th": [
                528.0,
                588.0249999999999
            ],
            "99th": [
                515.995,
                595.0049999999999
            ],
            "mean": 557.973,
            "median": 558.0
        },
        "user_accuracy": {
            "90th": [
                40.22535582498682,
                47.222470681773004
            ],
            "95th": [
                39.612590060791035,
                47.75590447594874
            ],
            "99th": [
                38.2041133162612,
                48.90457658186082
            ],
            "mean": 43.663777172751516,
            "median": 43.62968054067531
        }
    },
    "Other": {
        "f1-score": {
            "90th": [
                0.7067751548100125,
                0.7545912518732928
            ],
            "95th": [
                0.7026075808249721,
                0.7593368254893877
            ],
            "99th": [
                0.6937709265137665,
                0.7680824104905357
            ],
            "mean": 0.7302549441089832,
            "median": 0.7303554744850291
        },
        "precision": {
            "90th": [
                0.5514487214262817,
                0.611645329487258
            ],
            "95th": [
                0.5468082303453822,
                0.617300131061599
            ],
            "99th": [
                0.5368121085902529,
                0.6287635135723174
            ],
            "mean": 0.5805970425741444,
            "median": 0.5803391837380079
        },
        "producer_accuracy": {
            "90th": [
                55.14487214262817,
                61.1645329487258
            ],
            "95th": [
                54.680823034538214,
                61.730013106159895
            ],
            "99th": [
                53.68121085902528,
                62.876351357231734
            ],
            "mean": 58.059704257414445,
            "median": 58.03391837380078
        },
        "recall": {
            "90th": [
                0.9747111887094427,
                0.9932742950010534
            ],
            "95th": [
                0.9722222222222222,
                0.9953810623556582
            ],
            "99th": [
                0.9678104650732574,
                0.9976798679691142
            ],
            "mean": 0.9844574364069086,
            "median": 0.9845814977973568
        },
        "support": {
            "90th": [
                416.0,
                468.0
            ],
            "95th": [
                411.975,
                472.0
            ],
            "99th": [
                404.995,
                484.0049999999999
            ],
            "mean": 442.027,
            "median": 442.0
        },
        "user_accuracy": {
            "90th": [
                97.47111887094427,
                99.32742950010532
            ],
            "95th": [
                97.22222222222221,
                99.53810623556582
            ],
            "99th": [
                96.78104650732574,
                99.76798679691142
            ],
            "mean": 98.44574364069086,
            "median": 98.45814977973568
        }
    },
    "accuracy": {
        "90th": [
            0.654,
            0.704
        ],
        "95th": [
            0.65,
            0.709
        ],
        "99th": [
            0.642995,
            0.7170049999999999
        ],
        "mean": 0.6787930000000001,
        "median": 0.678
    },
    "cohen_kappa": {
        "90th": [
            0.35501242779640924,
            0.432445058636937
        ],
        "95th": [
            0.349280629195105,
            0.4396866615618094
        ],
        "99th": [
            0.33818351849640743,
            0.4529379281655706
        ],
        "mean": 0.3926335512597345,
        "median": 0.3918954130781699
    },
    "macro avg": {
        "f1-score": {
            "90th": [
                0.6413646488956314,
                0.6922399848837077
            ],
            "95th": [
                0.6362806688084038,
                0.6968889507026704
            ],
            "99th": [
                0.6283353253630275,
                0.7055029803959958
            ],
            "mean": 0.6663276477553978,
            "median": 0.6660495522860277
        },
        "precision": {
            "90th": [
                0.7599553740213683,
                0.7944636579606266
            ],
            "95th": [
                0.7566793332777525,
                0.7972735739240884
            ],
            "99th": [
                0.7507544177184213,
                0.8028888375762622
            ],
            "mean": 0.7765861944208818,
            "median": 0.7768295857846177
        },
        "recall": {
            "90th": [
                0.6927440224848774,
                0.7291747164314135
            ],
            "95th": [
                0.6888779764021841,
                0.7327459592984349
            ],
            "99th": [
                0.6845177747101869,
                0.7384018750398905
            ],
            "mean": 0.7105476040672118,
            "median": 0.7103178476153296
        }
    },
    "weighted avg": {
        "f1-score": {
            "90th": [
                0.6323226602087166,
                0.6872671253006328
            ],
            "95th": [
                0.6266096390717649,
                0.6921214181156503
            ],
            "99th": [
                0.6182621658639558,
                0.7010002306084961
            ],
            "mean": 0.6591171149601605,
            "median": 0.6585998070753568
        },
        "precision": {
            "90th": [
                0.7859513578649585,
                0.8122494176370593
            ],
            "95th": [
                0.783425787089922,
                0.8142970357409036
            ],
            "99th": [
                0.7781409227872245,
                0.8178117438432351
            ],
            "mean": 0.7995793905873195,