{
    "Mangrove": {
        "f1-score": {
            "90th": [
                0.8566301655070631,
                0.9047619047619048
            ],
            "95th": [
                0.8518417874396136,
                0.9103226784901823
            ],
            "99th": [
                0.8369339773976676,
                0.9163770485964777
            ],
            "mean": 0.8813162623648095,
            "median": 0.8814814814814814
        },
        "precision": {
            "90th": [
                0.9352226720647774,
                0.9766536964980544
            ],
            "95th": [
                0.9302325581395349,
                0.9800796812749004
            ],
            "99th": [
                0.9201497243727763,
                0.984128528194676
            ],
            "mean": 0.9564283486862757,
            "median": 0.9568627450980393
        },
        "producer_accuracy": {
            "90th": [
                93.52226720647774,
                97.66536964980544
            ],
            "95th": [
                93.02325581395348,
                98.00796812749005
            ],
            "99th": [
                92.01497243727762,
                98.41285281946759
            ],
            "mean": 95.64283486862757,
            "median": 95.68627450980392
        },
        "recall": {
            "90th": [
                0.7797145288921604,
                0.8532468714448237
            ],
            "95th": [
                0.7721014244624024,
                0.8598775026629856
            ],
            "99th": [
                0.7543202998846598,
                0.8762543529979657
            ],
            "mean": 0.8174650857295473,
            "median": 0.8172757475083057
        },
        "support": {
            "90th": [
                275.0,
                316.0
            ],
            "95th": [
                272.0,
                319.0
            ],
            "99th": [
                264.995,
                328.0
            ],
            "mean": 296.023,
            "median": 296.0
        },
        "user_accuracy": {
            "90th": [
                77.97145288921605,
                85.32468714448237
            ],
            "95th": [
                77.21014244624024,
                85.98775026629856
            ],
            "99th": [
                75.43202998846598,
                87.62543529979658
            ],
            "mean": 81.74650857295471,
            "median": 81.72757475083057
        }
    },
    "Other": {
        "f1-score": {
            "90th": [
                0.8797334350389642,
                0.9198184568835098
            ],
            "95th": [
                0.874390567037626,
                0.9233274353103024
            ],
            "99th": [
                0.8641176361400497,
                0.9294117647058824
            ],
            "mean": 0.8999359460705355,
            "median": 0.9001490312965723
        },
        "precision": {
            "90th": [
                0.8123003348062677,
                0.8760575557088932
            ],
            "95th": [
                0.8055494100294985,
                0.8811040202563042
            ],
            "99th": [
                0.7885700756068444,
                0.8907635988527146
            ],
            "mean": 0.844298631091541,
            "median": 0.8442520059032077
        },
        "producer_accuracy": {
            "90th": [
                81.23003348062677,
                87.60575557088931
            ],
            "95th": [
                80.55494100294986,
                88.11040202563042
            ],
            "99th": [
                78.85700756068445,
                89.07635988527147
            ],
            "mean": 84.4298631091541,
            "median": 84.42520059032077
        },
        "recall": {
            "90th": [
                0.945941642279222,
                0.9805226327070987
            ],
            "95th": [
                0.9419316173221387,
                0.9833333333333333
            ],
            "99th": [
                0.9346394514089789,
                0.9873822949526814
            ],
            "mean": 0.9637304579699296,
            "median": 0.9641693811074918
        },
        "support": {
            "90th": [
                284.0,
                325.0
            ],
            "95th": [
                281.0,
                328.0
            ],
            "99th": [
                272.0,
                335.0049999999999
            ],
            "mean": 303.977,
            "median": 304.0
        },
        "user_accuracy": {
            "90th": [
                94.59416422792219,
                98.05226327070989
            ],
            "95th": [
                94.19316173221387,
                98.33333333333333
            ],
            "99th": [
                93.46394514089788,
                98.73822949526813
            ],
            "mean": 96.37304579699295,
            "median": 96.41693811074919
        }
    },
    "accuracy": {
        "90th": [
            0.87,
            0.9116666666666666
        ],
        "95th": [
            0.8666666666666667,
            0.9166666666666666
        ],
        "99th": [
            0.855,
            0.9216749999999998
        ],
        "mean": 0.8915766666666667,
        "median": 0.8916666666666667
    },
    "cohen_kappa": {
        "90th": [
            0.7412780793024887,
            0.8228816731728991
        ],
        "95th": [
            0.7317288374425748,
            0.8310961347722461
        ],
        "99th": [
            0.7082826222137037,
            0.8432921798544996
        ],
        "mean": 0.7824470103525938,
        "median": 0.7825771844235396
    },
    "macro avg": {
        "f1-score": {
            "90th": [
                0.8696242244946848,
                0.9111669809344227
            ],
            "95th": [
                0.8649476458437211,
                0.9152411891636067
            ],
            "99th": [
                0.852676720167008,
                0.9215091843282388
            ],
            "mean": 0.8906261042176725,
            "median": 0.8907486518663772
        },
        "precision": {
            "90th": [
                0.8809599342331715,
                0.9194733227477944
            ],
            "95th": [
                0.8772617768977871,
                0.9231473078770251
            ],
            "99th": [
                0.8679963636363638,
                0.92977129670124
            ],
            "mean": 0.9003634898889084,
            "median": 0.9005600723961418
        },
        "recall": {
            "90th": [
                0.8697693106038539,
                0.9107087058097637
            ],
            "95th": [
                0.8660598951876824,
                0.9151591710070549
            ],
            "99th": [
                0.855639437940181,
                0.9203298683587738
            ],
            "mean": 0.8905977718497383,
            "median": 0.8904944066846678
        }
    },
    "weighted avg": {
        "f1-score": {
            "90th": [
                0.8696489135753297,
                0.9113235491305258
            ],
            "95th": [
                0.8654059042809045,
                0.9161741732372972
            ],
            "99th": [
                0.8531710075657292,
                0.9215253524734488
            ],
            "mean": 0.8909003563144392,
            "median": 0.8909841906746448
        },
        "precision": {
            "90th": [
                0.8811540152806454,
                0.9183157078573265
            ],
            "95th": [
                0.8779294600688957,
                0.9220205882352941
            ],
            "99th": [
                0.8689065142857143,
                0.9278094429768904
            ],