{
    "Mangrove": {
        "f1-score": {
            "90th": [
                0.6726379070632698,
                0.7504839390012654
            ],
            "95th": [
                0.6637066431510875,
                0.7572825689564123
            ],
            "99th": [
                0.6448787314778744,
                0.7695605406523104
            ],
            "mean": 0.7116123309353796,
            "median": 0.7123851664559628
        },
        "precision": {
            "90th": [
                0.9830460323574731,
                1.0
            ],
            "95th": [
                0.9811320754716981,
                1.0
            ],
            "99th": [
                0.9746835443037974,
                1.0
            ],
            "mean": 0.9943544624805102,
            "median": 0.9944444444444445
        },
        "producer_accuracy": {
            "90th": [
                98.30460323574731,
                100.0
            ],
            "95th": [
                98.11320754716981,
                100.0
            ],
            "99th": [
                97.46835443037975,
                100.0
            ],
            "mean": 99.43544624805101,
            "median": 99.44444444444444
        },
        "recall": {
            "90th": [
                0.5091156455506535,
                0.6018563466379
            ],
            "95th": [
                0.49830508474576274,
                0.6112852664576802
            ],
            "99th": [
                0.4786849124756877,
                0.6270665513153256
            ],
            "mean": 0.5545908398468554,
            "median": 0.5548870956068611
        },
        "support": {
            "90th": [
                292.0,
                332.0
            ],
            "95th": [
                288.975,
                336.0
            ],
            "99th": [
                282.0,
                343.0
            ],
            "mean": 312.3295,
            "median": 312.0
        },
        "user_accuracy": {
            "90th": [
                50.91156455506535,
                60.185634663790005
            ],
            "95th": [
                49.83050847457628,
                61.12852664576802
            ],
            "99th": [
                47.86849124756877,
                62.706655131532564
            ],
            "mean": 55.459083984685535,
            "median": 55.48870956068611
        }
    },
    "Other": {
        "f1-score": {
            "90th": [
                0.7761606213120444,
                0.8301939717907327
            ],
            "95th": [
                0.7699059159226289,
                0.8353104116069018
            ],
            "99th": [
                0.7586201998432602,
                0.8422542100428658
            ],
            "mean": 0.8034117669079656,
            "median": 0.803880850475261
        },
        "precision": {
            "90th": [
                0.635713412504366,
                0.7112746951507705
            ],
            "95th": [
                0.6282958104104951,
                0.7189054726368159
            ],
            "99th": [
                0.6125282839140892,
                0.7292735025321612
            ],
            "mean": 0.6732875304930376,
            "median": 0.6737089201877934
        },
        "producer_accuracy": {
            "90th": [
                63.5713412504366,
                71.12746951507704
            ],
            "95th": [
                62.829581041049515,
                71.8905472636816
            ],
            "99th": [
                61.252828391408926,
                72.92735025321612
            ],
            "mean": 67.32875304930376,
            "median": 67.37089201877934
        },
        "recall": {
            "90th": [
                0.9895833333333334,
                1.0
            ],
            "95th": [
                0.9888878562577448,
                1.0
            ],
            "99th": [
                0.9852941176470589,
                1.0
            ],
            "mean": 0.996578210379897,
            "median": 0.9965870307167235
        },
        "support": {
            "90th": [
                268.0,
                308.0
            ],
            "95th": [
                264.0,
                311.02499999999986
            ],
            "99th": [
                257.0,
                318.0
            ],
            "mean": 287.6705,
            "median": 288.0
        },
        "user_accuracy": {
            "90th": [
                98.95833333333334,
                100.0
            ],
            "95th": [
                98.88878562577447,
                100.0
            ],
            "99th": [
                98.52941176470588,
                100.0
            ],
            "mean": 99.65782103798969,
            "median": 99.65870307167235
        }
    },
    "accuracy": {
        "90th": [
            0.7366666666666667,
            0.795
        ],
        "95th": [
            0.7316666666666667,
            0.8
        ],
        "99th": [
            0.7216583333333334,
            0.81
        ],
        "mean": 0.7665041666666667,
        "median": 0.7666666666666667
    },
    "cohen_kappa": {
        "90th": [
            0.48921168597536996,
            0.5916063483631051
        ],
        "95th": [
            0.48085741301836177,
            0.6010463685458157
        ],
        "99th": [
            0.463238041101328,
            0.6206876317712828
        ],
        "mean": 0.5406981866934395,
        "median": 0.5410892122509832
    },
    "macro avg": {
        "f1-score": {
            "90th": [
                0.7269534704671843,
                0.7869820224332718
            ],
            "95th": [
                0.722100013071662,
                0.7926682242760198
            ],
            "99th": [
                0.7107825387830213,
                0.8031928114837674
            ],
            "mean": 0.7575120489216727,
            "median": 0.7578846804422251
        },
        "precision": {
            "90th": [
                0.813865674465529,
                0.8536661020303914
            ],
            "95th": [
                0.8097236621102717,
                0.8569285755444803
            ],
            "99th": [
                0.8023539741665805,
                0.8630253009804094
            ],
            "mean": 0.8338209964867739,
            "median": 0.8341279312043035
        },
        "recall": {
            "90th": [
                0.7516883589891169,
                0.7997011444735329
            ],
            "95th": [
                0.7465747118736602,
                0.8039786723956922
            ],
            "99th": [
                0.7377014931348482,
                0.8118517410091296
            ],
            "mean": 0.7755845251133763,
            "median": 0.7758012866497179
        }
    },
    "weighted avg": {
        "f1-score": {
            "90th": [
                0.7236737121771936,
                0.7867367468710377
            ],
            "95th": [
                0.718364135785768,
                0.7922688631999044
            ],
            "99th": [
                0.7067196993066219,
                0.8031425006284699
            ],
            "mean": 0.755896761915654,
            "median": 0.7562329436083813
        },
        "precision": {
            "90th": [
                0.8271612978112532,
                0.8537655635007216
            ],
            "95th": [
                0.8251994894227478,
                0.8567623864584789
            ],
            "99th": [
                0.8190374553889724,
                0.8611927330139506
            ],
            "mean": 0.840801017249555,
            "median": 0.8408232615988371
        },
        "recall": {
            "90th": [
                0.7366666666666667,
                0.795
            ],