overall accuracy,0.875
cohen kappa,0.7502809339493071
""
Confidence Interval,90%,95%,98%,99%
Overall Accuracy,0.027118950938412056,0.03241045356054124,0.03852875346737811,0.042662739890916526
""
class,f1-score,precision,recall,support
Mangrove,0.8595505617977528,0.9870967741935484,0.7611940298507462,201
Other,0.8873873873873873,0.8040816326530612,0.9899497487437185,199
""
macro avg,0.8734689745925701,0.8955892034233048,0.8755718892972324,400
weighted (pixel) avg,0.873399382528596,0.8960467412771561,0.875,400
""
Confidence Interval,90%,95%,98%,99%
Mangrove,0.014866441082435343,0.017767210074130044,0.021121224220777043,0.023387449995538528
Other,0.04158612486881416,0.04970049069687547,0.059082726185571345,0.06542207448874424
""
Point Count Confusion Matrix
,Mangrove,Other,User Acc
Mangrove,153,48,76.11940298507463
Other,2,197,98.99497487437185
Producer,98.70967741935483,80.40816326530611
""
