{
    "Mangrove": {
        "f1-score": 0.9929789368104313,
        "precision": 0.9880239520958084,
        "recall": 0.9979838709677419,
        "support": 496
    },
    "Other": {
        "f1-score": 0.9930209371884348,
        "precision": 0.9979959919839679,
        "recall": 0.9880952380952381,
        "support": 504
    },
    "accuracy": 0.993,
    "accuracy_conf_interval": [
        0.00432381886762154,
        0.005167490841791597,
        0.006142986561925724,
        0.006802105291746081
    ],
    "cls_confidence_intervals": {
        "Mangrove": [
            0.007970131444612854,
            0.009525279043561702,
            0.01132341845484631,
            0.012538377516525099
        ],
        "Other": [
            0.0032832783352926124,
            0.0039239180104716585,
            0.0046646576348974315,
            0.005165157381131062
        ]
    },
    "cohen_kappa": 0.9860002239964161,
    "confusion_matrix": [
        [
            495,
            1
        ],
        [
            6,
            498
        ]
    ],
    "macro avg": {
        "f1-score": 0.992999936999433,
        "precision": 0.9930099720398882,
        "recall": 0.9930395545314901,
        "support": 1000
    },
    "producer_accuracy": [
        98.80239520958084,
        99.79959919839679
    ],
    "user_accuracy": [
        99.79838709677419,
        98.80952380952381
    ],
    "weighted avg": {
        "f1-score": 0.993000105000945,
        "precision": 0.9930498601994407,
        "recall": 0.993,
        "support": 1000
    }
}