{
    "Mangrove": {
        "f1-score": 0.9648241206030151,
        "precision": 0.9580838323353293,
        "recall": 0.97165991902834,
        "support": 494
    },
    "Other": {
        "f1-score": 0.9651741293532339,
        "precision": 0.9719438877755511,
        "recall": 0.958498023715415,
        "support": 506
    },
    "accuracy": 0.965,
    "accuracy_conf_interval": [
        0.009531067096605714,
        0.011390787505699513,
        0.013541089228714217,
        0.014993995798318747
    ],
    "cls_confidence_intervals": {
        "Mangrove": [
            0.014683092180498514,
            0.017548085776693347,
            0.02086073462229362,
            0.023099010869320834
        ],
        "Other": [
            0.012123497207192984,
            0.014489057637864787,
            0.01722423688582906,
            0.019072330972291406
        ]
    },
    "cohen_kappa": 0.930001679959681,
    "confusion_matrix": [
        [
            480,
            14
        ],
        [
            21,
            485
        ]
    ],
    "macro avg": {
        "f1-score": 0.9649991249781245,
        "precision": 0.9650138600554402,
        "recall": 0.9650789713718775,
        "support": 1000
    },
    "producer_accuracy": [
        95.80838323353294,
        97.1943887775551
    ],
    "user_accuracy": [
        97.16599190283401,
        95.8498023715415
    ],
    "weighted avg": {
        "f1-score": 0.9650012250306258,
        "precision": 0.9650970203880815,
        "recall": 0.965,
        "support": 1000
    }
}