{
    "Mangrove": {
        "f1-score": {
            "90th": [
                0.8029703815915455,
                0.8494749124854143
            ],
            "95th": [
                0.7980997624703089,
                0.8528495963333056
            ],
            "99th": [
                0.7899758328152263,
                0.859728609977453
            ],
            "mean": 0.8267594515112768,
            "median": 0.8271889400921659
        },
        "precision": {
            "90th": [
                0.6745493325994221,
                0.7410358565737052
            ],
            "95th": [
                0.6666666666666666,
                0.7462208653330952
            ],
            "99th": [
                0.6560114775575302,
                0.7563050550959682
            ],
            "mean": 0.7078089802745149,
            "median": 0.708171206225681
        },
        "producer_accuracy": {
            "90th": [
                67.45493325994221,
                74.10358565737052
            ],
            "95th": [
                66.66666666666666,
                74.62208653330951
            ],
            "99th": [
                65.60114775575302,
                75.63050550959683
            ],
            "mean": 70.78089802745149,
            "median": 70.8171206225681
        },
        "recall": {
            "90th": [
                0.9866292239537784,
                1.0
            ],
            "95th": [
                0.9855480857836977,
                1.0
            ],
            "99th": [
                0.9819546294495234,
                1.0
            ],
            "mean": 0.9942486905110419,
            "median": 0.9944903581267218
        },
        "support": {
            "90th": [
                333.0,
                385.0
            ],
            "95th": [
                330.0,
                389.0
            ],
            "99th": [
                322.0,
                400.0
            ],
            "mean": 359.071,
            "median": 359.0
        },
        "user_accuracy": {
            "90th": [
                98.66292239537783,
                100.0
            ],
            "95th": [
                98.55480857836977,
                100.0
            ],
            "99th": [
                98.19546294495234,
                100.0
            ],
            "mean": 99.4248690511042,
            "median": 99.44903581267218
        }
    },
    "Other": {
        "f1-score": {
            "90th": [
                0.8497754720731464,
                0.8859428079482525
            ],
            "95th": [
                0.8465767740016963,
                0.888688196208716
            ],
            "99th": [
                0.8379360387813922,
                0.8930511552820098
            ],
            "mean": 0.8684033083989977,
            "median": 0.8687224669603524
        },
        "precision": {
            "90th": [
                0.9901370925618417,
                1.0
            ],
            "95th": [
                0.9896901891454375,
                1.0
            ],
            "99th": [
                0.9861380605126381,
                1.0
            ],
            "mean": 0.9958334922008321,
            "median": 0.9960079840319361
        },
        "producer_accuracy": {
            "90th": [
                99.01370925618417,
                100.0
            ],
            "95th": [
                98.96901891454375,
                100.0
            ],
            "99th": [
                98.61380605126381,
                100.0
            ],
            "mean": 99.5833492200832,
            "median": 99.60079840319361
        },
        "recall": {
            "90th": [
                0.7415331895518812,
                0.7969027484143764
            ],
            "95th": [
                0.7360837510163958,
                0.8018875459641932
            ],
            "99th": [
                0.7229067767457861,
                0.8101855811877197
            ],
            "mean": 0.7700490623456611,
            "median": 0.7703349282296651
        },
        "support": {
            "90th": [
                615.0,
                667.0
            ],
            "95th": [
                611.0,
                670.0
            ],
            "99th": [
                600.0,
                678.0
            ],
            "mean": 640.929,
            "median": 641.0
        },
        "user_accuracy": {
            "90th": [
                74.15331895518813,
                79.69027484143763
            ],
            "95th": [
                73.60837510163958,
                80.18875459641932
            ],
            "99th": [
                72.2906776745786,
                81.01855811877196
            ],
            "mean": 77.0049062345661,
            "median": 77.03349282296651
        }
    },
    "accuracy": {
        "90th": [
            0.83195,
            0.869
        ],
        "95th": [
            0.827,
            0.872
        ],
        "99th": [
            0.8189949999999999,
            0.877
        ],
        "mean": 0.850558,
        "median": 0.851
    },
    "cohen_kappa": {
        "90th": [
            0.6650954240096343,
            0.7369917116516591
        ],
        "95th": [
            0.6586645359514746,
            0.742191099586994
        ],
        "99th": [
            0.6428844725292888,
            0.7538863739975349
        ],
        "mean": 0.7016973123192686,
        "median": 0.7018341790051239
    },
    "macro avg": {
        "f1-score": {
            "90th": [
                0.827918925230773,
                0.8663850294664995
            ],
            "95th": [
                0.8245031522085262,
                0.8689730632508713
            ],
            "99th": [
                0.8158442428192385,
                0.8751114591568167
            ],
            "mean": 0.8475813799551372,
            "median": 0.847709146956585
        },
        "precision": {
            "90th": [
                0.8346006503799346,
                0.8687416482921393
            ],
            "95th": [
                0.8312512748597654,
                0.8712406935448589
            ],
            "99th": [
                0.8252998114420307,
                0.8764787321894475
            ],
            "mean": 0.8518212362376735,
            "median": 0.852007497469504
        },
        "recall": {
            "90th": [
                0.867660988942864,
                0.8961971782754605
            ],
            "95th": [
                0.8653464406329062,
                0.8982400681010323
            ],
            "99th": [
                0.8583122640152291,
                0.9023312546285197
            ],
            "mean": 0.8821488764283515,
            "median": 0.8822113966645216
        }
    },
    "weighted avg": {
        "f1-score": {
            "90th": [
                0.8351945140292232,
                0.8713976644801866
            ],
            "95th": [
                0.8315855388361639,
                0.8742636076551152
            ],
            "99th": [
                0.8227783066760116,
                0.8796431006998894
            ],
            "mean": 0.8535969408826947,
            "median": 0.8537255626723343
        },
        "precision": {
            "90th": [
                0.8832715728070364,
                0.9023782825750567
            ],
            "95th": [
                0.8812242978311432,
                0.9039554296082586
            ],
            "99th": [
                0.8769552070175438,
                0.9068029226198815
            ],
            "mean": 0.8926240460334065,
            "median": 0.8927028213718673
        },
        "recall": {
            "90th": [
                0.83195,
                0.869
            ],