{
    "Mangrove": {
        "f1-score": 0.9798387096774194,
        "precision": 0.9662027833001988,
        "recall": 0.9938650306748467,
        "support": 489
    },
    "Other": {
        "f1-score": 0.9801587301587301,
        "precision": 0.993963782696177,
        "recall": 0.9667318982387475,
        "support": 511
    },
    "accuracy": 0.98,
    "accuracy_conf_interval": [
        0.0072605895077466,
        0.008677289899502035,
        0.010315349727469256,
        0.01142214690852819
    ],
    "cls_confidence_intervals": {
        "Mangrove": [
            0.013214004968984191,
            0.015792347401956716,
            0.0187735558400812,
            0.020787885865840985
        ],
        "Other": [
            0.005698143298100751,
            0.006809976136754556,
            0.00809553285644802,
            0.008964152261646303
        ]
    },
    "cohen_kappa": 0.960005279303132,
    "confusion_matrix": [
        [
            486,
            3
        ],
        [
            17,
            494
        ]
    ],
    "macro avg": {
        "f1-score": 0.9799987199180747,
        "precision": 0.9800832829981879,
        "recall": 0.9802984644567971,
        "support": 1000
    },
    "producer_accuracy": [
        96.62027833001989,
        99.3963782696177
    ],
    "user_accuracy": [
        99.38650306748467,
        96.67318982387475
    ],
    "weighted avg": {
        "f1-score": 0.9800022401433691,
        "precision": 0.9803886539915436,
        "recall": 0.98,
        "support": 1000
    }
}