{
    "Mangrove": {
        "f1-score": {
            "90th": [
                0.9001490312965723,
                0.9363022907300362
            ],
            "95th": [
                0.8964535564277353,
                0.9392109647641563
            ],
            "99th": [
                0.8892165367150895,
                0.9466298803653707
            ],
            "mean": 0.9188234881727644,
            "median": 0.91899852724595
        },
        "precision": {
            "90th": [
                0.9597681863766103,
                0.9882005899705014
            ],
            "95th": [
                0.9570455010224949,
                0.9906549312126314
            ],
            "99th": [
                0.9517677108183799,
                0.9937698538221903
            ],
            "mean": 0.9751910044269245,
            "median": 0.9756838905775076
        },
        "producer_accuracy": {
            "90th": [
                95.97681863766104,
                98.82005899705014
            ],
            "95th": [
                95.7045501022495,
                99.06549312126313
            ],
            "99th": [
                95.176771081838,
                99.37698538221902
            ],
            "mean": 97.51910044269246,
            "median": 97.56838905775076
        },
        "recall": {
            "90th": [
                0.8387096774193549,
                0.8972972972972973
            ],
            "95th": [
                0.832401427325863,
                0.9030630414558986
            ],
            "99th": [
                0.8227128558842439,
                0.9139788027236035
            ],
            "mean": 0.868814232570619,
            "median": 0.8692098092643051
        },
        "support": {
            "90th": [
                337.0,
                381.0
            ],
            "95th": [
                333.0,
                385.0
            ],
            "99th": [
                324.995,
                393.0049999999999
            ],
            "mean": 358.958,
            "median": 359.0
        },
        "user_accuracy": {
            "90th": [
                83.87096774193549,
                89.72972972972974
            ],
            "95th": [
                83.24014273258629,
                90.30630414558986
            ],
            "99th": [
                82.27128558842439,
                91.39788027236034
            ],
            "mean": 86.8814232570619,
            "median": 86.92098092643052
        }
    },
    "Other": {
        "f1-score": {
            "90th": [
                0.9180703140430575,
                0.9471153846153846
            ],
            "95th": [
                0.9147845918112818,
                0.949243246397106
            ],
            "99th": [
                0.9084053723475614,
                0.9544935151370598
            ],
            "mean": 0.9329535780943725,
            "median": 0.9330143540669856
        },
        "precision": {
            "90th": [
                0.8660449711950867,
                0.9140991411916523
            ],
            "95th": [
                0.8599932126696832,
                0.9180011655631958
            ],
            "99th": [
                0.8514147756246813,
                0.9272310849222317
            ],
            "mean": 0.8905914456228358,
            "median": 0.8909732683827976
        },
        "producer_accuracy": {
            "90th": [
                86.60449711950866,
                91.40991411916522
            ],
            "95th": [
                85.99932126696832,
                91.80011655631958
            ],
            "99th": [
                85.14147756246813,
                92.72310849222318
            ],
            "mean": 89.05914456228358,
            "median": 89.09732683827976
        },
        "recall": {
            "90th": [
                0.9675769950124689,
                0.9902462704238693
            ],
            "95th": [
                0.9646709892680242,
                0.9923273657289002
            ],
            "99th": [
                0.9604934688426333,
                0.994845623816537
            ],
            "mean": 0.979711012441363,
            "median": 0.98
        },
        "support": {
            "90th": [
                369.0,
                413.0
            ],
            "95th": [
                365.0,
                417.0
            ],
            "99th": [
                356.995,
                425.0049999999999
            ],
            "mean": 391.042,
            "median": 391.0
        },
        "user_accuracy": {
            "90th": [
                96.75769950124689,
                99.02462704238694
            ],
            "95th": [
                96.46709892680242,
                99.23273657289002
            ],
            "99th": [
                96.04934688426333,
                99.48456238165369
            ],
            "mean": 97.9711012441363,
            "median": 98.0
        }
    },
    "accuracy": {
        "90th": [
            0.9106666666666666,
            0.9413333333333334
        ],
        "95th": [
            0.9066666666666666,
            0.9453333333333334
        ],
        "99th": [
            0.9013333333333333,
            0.9506666666666667
        ],
        "mean": 0.9266546666666666,
        "median": 0.9266666666666666
    },
    "cohen_kappa": {
        "90th": [
            0.8211233239573569,
            0.882394358982867
        ],
        "95th": [
            0.8127252303691543,
            0.8882359797932551
        ],
        "99th": [
            0.8013206617286133,
            0.900358225806005
        ],
        "mean": 0.8522111689961874,
        "median": 0.8524139704898149
    },
    "macro avg": {
        "f1-score": {
            "90th": [
                0.9102142306670575,
                0.9411136573876918
            ],
            "95th": [
                0.9058930658425887,
                0.9440205296684061
            ],
            "99th": [
                0.9001388544636056,
                0.9501139498625164
            ],
            "mean": 0.9258885331335683,
            "median": 0.926003526716763
        },
        "precision": {
            "90th": [
                0.9185993505743717,
                0.946692692014282
            ],
            "95th": [
                0.9150966134426594,
                0.9491687985588736
            ],
            "99th": [
                0.9103678759552848,
                0.9539644229969519
            ],
            "mean": 0.9328912250248802,
            "median": 0.9330376665463439
        },
        "recall": {
            "90th": [
                0.9083438171733456,
                0.9398848261339874
            ],
            "95th": [
                0.9051240816104815,
                0.9423579031026507
            ],
            "99th": [
                0.8981696317924693,
                0.9489890552995391
            ],
            "mean": 0.9242626225059911,
            "median": 0.92435203608673
        }
    },
    "weighted avg": {
        "f1-score": {
            "90th": [
                0.9103026835852459,
                0.9411991489262064
            ],
            "95th": [
                0.9062288468842105,
                0.9450212739954018
            ],
            "99th": [
                0.9005507493909294,
                0.9505164123077674
            ],
            "mean": 0.9262790472582879,
            "median": 0.9263232684182449
        },
        "precision": {
            "90th": [
                0.9173020460267619,
                0.9450309949476534
            ],
            "95th": [
                0.9141048992542761,
                0.9473246588237825
            ],
            "99th": [
                0.909294385146339,
                0.9527053258988367
            ],