{
    "Mangrove": {
        "f1-score": 0.9808274470232089,
        "precision": 0.9681274900398407,
        "recall": 0.9938650306748467,
        "support": 489
    },
    "Other": {
        "f1-score": 0.981169474727453,
        "precision": 0.9939759036144579,
        "recall": 0.9686888454011742,
        "support": 511
    },
    "accuracy": 0.981,
    "accuracy_conf_interval": [
        0.007080356940154927,
        0.008461890001648572,
        0.010059287604000598,
        0.011138610308292508
    ],
    "cls_confidence_intervals": {
        "Mangrove": [
            0.012857792070222415,
            0.015366629547338985,
            0.018267472880255018,
            0.02022750215925234
        ],
        "Other": [
            0.005686735916495694,
            0.006796342924592414,
            0.008079326027704248,
            0.00894620650277981
        ]
    },
    "cohen_kappa": 0.9620033437057539,
    "confusion_matrix": [
        [
            486,
            3
        ],
        [
            16,
            495
        ]
    ],
    "macro avg": {
        "f1-score": 0.9809984608753309,
        "precision": 0.9810516968271492,
        "recall": 0.9812769380380104,
        "support": 1000
    },
    "producer_accuracy": [
        96.81274900398407,
        99.3975903614458
    ],
    "user_accuracy": [
        99.38650306748467,
        96.86888454011742
    ],
    "weighted avg": {
        "f1-score": 0.9810022231800777,
        "precision": 0.98133602937647,
        "recall": 0.981,
        "support": 1000
    }
}