overall accuracy,0.971
cohen kappa,0.9419930391646998
""
Confidence Interval,90%,95%,98%,99%
Overall Accuracy,0.008702668923956608,0.010400750665216434,0.012364157678548107,0.013690784038907347
""
class,f1-score,precision,recall,support
Mangrove,0.9714847590953786,0.9840637450199203,0.9592233009708738,515
Other,0.9704984740590031,0.9578313253012049,0.9835051546391752,485
""
macro avg,0.9709916165771908,0.9709475351605625,0.9713642278050245,1000
weighted (pixel) avg,0.9710064108527365,0.9713410214563434,0.971,1000
""
Confidence Interval,90%,95%,98%,99%
Mangrove,0.009166356423426203,0.010954913774338632,0.01302293321133113,0.014420243641731466
Other,0.014769597863332285,0.01765147061715322,0.020983635988758676,0.02323509907768128
""
Point Count Confusion Matrix
,Mangrove,Other,User Acc
Mangrove,494,21,95.92233009708738
Other,8,477,98.35051546391752
Producer,98.40637450199203,95.78313253012048
""
