{
    "Mangrove": {
        "f1-score": {
            "90th": [
                0.9674792482447386,
                0.9839373526168803
            ],
            "95th": [
                0.9658029003033746,
                0.9851386342588218
            ],
            "99th": [
                0.962962218499907,
                0.987756684383495
            ],
            "mean": 0.9759011856351215,
            "median": 0.9760166840458812
        },
        "precision": {
            "90th": [
                0.9478948243978303,
                0.9756556206364763
            ],
            "95th": [
                0.9454175055124149,
                0.978
            ],
            "99th": [
                0.9415163419796936,
                0.9815517049748811
            ],
            "mean": 0.962302015599753,
            "median": 0.9623762376237623
        },
        "producer_accuracy": {
            "90th": [
                94.78948243978303,
                97.56556206364763
            ],
            "95th": [
                94.54175055124149,
                97.8
            ],
            "99th": [
                94.15163419796937,
                98.1551704974881
            ],
            "mean": 96.23020155997531,
            "median": 96.23762376237623
        },
        "recall": {
            "90th": [
                0.981479572355861,
                0.996176273116051
            ],
            "95th": [
                0.9799194546041308,
                0.9979757085020243
            ],
            "99th": [
                0.9772249611801243,
                1.0
            ],
            "mean": 0.9899375658894424,
            "median": 0.9900199600798403
        },
        "support": {
            "90th": [
                463.0,
                516.0
            ],
            "95th": [
                460.0,
                521.0
            ],
            "99th": [
                449.0,
                531.0049999999999
            ],
            "mean": 489.506,
            "median": 489.0
        },
        "user_accuracy": {
            "90th": [
                98.1479572355861,
                99.6176273116051
            ],
            "95th": [
                97.99194546041308,
                99.79757085020243
            ],
            "99th": [
                97.72249611801243,
                100.0
            ],
            "mean": 98.99375658894424,
            "median": 99.00199600798403
        }
    },
    "Other": {
        "f1-score": {
            "90th": [
                0.9679420889348502,
                0.9840987720314195
            ],
            "95th": [
                0.9662698412698413,
                0.9852944777323269
            ],
            "99th": [
                0.9631232211022374,
                0.9879291040359806
            ],
            "mean": 0.976232585435521,
            "median": 0.9764102564102564
        },
        "precision": {
            "90th": [
                0.9820359281437125,
                0.9962271244148106
            ],
            "95th": [
                0.9803149606299213,
                0.9979757085020243
            ],
            "99th": [
                0.9773660218064572,
                1.0
            ],
            "mean": 0.9900853923519229,
            "median": 0.9901380670611439
        },
        "producer_accuracy": {
            "90th": [
                98.20359281437125,
                99.62271244148106
            ],
            "95th": [
                98.03149606299213,
                99.79757085020243
            ],
            "99th": [
                97.73660218064572,
                100.0
            ],
            "mean": 99.00853923519229,
            "median": 99.0138067061144
        },
        "recall": {
            "90th": [
                0.9487155113580968,
                0.9762399718232693
            ],
            "95th": [
                0.9460474925792844,
                0.9783889980353635
            ],
            "99th": [
                0.9415310546998296,
                0.9818190909090909
            ],
            "mean": 0.9628058920892758,
            "median": 0.962890625
        },
        "support": {
            "90th": [
                484.0,
                537.0
            ],
            "95th": [
                479.0,
                540.0
            ],
            "99th": [
                468.995,
                551.0
            ],
            "mean": 510.494,
            "median": 511.0
        },
        "user_accuracy": {
            "90th": [
                94.87155113580968,
                97.62399718232693
            ],
            "95th": [
                94.60474925792845,
                97.83889980353635
            ],
            "99th": [
                94.15310546998296,
                98.18190909090909
            ],
            "mean": 96.28058920892758,
            "median": 96.2890625
        }
    },
    "accuracy": {
        "90th": [
            0.968,
            0.984
        ],
        "95th": [
            0.966,
            0.985
        ],
        "99th": [
            0.963,
            0.988
        ],
        "mean": 0.976092,
        "median": 0.976
    },
    "cohen_kappa": {
        "90th": [
            0.9359621664383866,
            0.9679974717996641
        ],
        "95th": [
            0.9320304503582395,
            0.97
        ],
        "99th": [
            0.9260247846425884,
            0.9759899200880965
        ],
        "mean": 0.9521451270809337,
        "median": 0.9520024958671431
    },
    "macro avg": {
        "f1-score": {
            "90th": [
                0.967971174056651,
                0.9839976956681762
            ],
            "95th": [
                0.9659987759559343,
                0.9849992649639832
            ],
            "99th": [
                0.9629990646157762,
                0.9879941942320251
            ],
            "mean": 0.9760668855353213,
            "median": 0.9759952950778352
        },
        "precision": {
            "90th": [
                0.9681273931136426,
                0.9840486257505271
            ],
            "95th": [
                0.9664245602086989,
                0.9852382345882948
            ],
            "99th": [
                0.96362676888011,
                0.9879337946185216
            ],
            "mean": 0.9761937039758379,
            "median": 0.976247344479518
        },
        "recall": {
            "90th": [
                0.9682013494327357,
                0.9841251861809327
            ],
            "95th": [
                0.966739399198085,
                0.9853286926480243
            ],
            "99th": [
                0.963668443986913,
                0.9880163180002106
            ],
            "mean": 0.9763717289893591,
            "median": 0.9764520637344145
        }
    },
    "weighted avg": {
        "f1-score": {
            "90th": [
                0.9679922964644029,
                0.9840011520414734
            ],
            "95th": [
                0.9660148379257274,
                0.9850033174871214
            ],
            "99th": [
                0.9630246516718663,
                0.9879994316612876
            ],
            "mean": 0.9760943244195994,
            "median": 0.976007538773022
        },
        "precision": {
            "90th": [
                0.9687423847651705,
                0.9841955583294325
            ],
            "95th": [
                0.9670909076643838,
                0.9853334838048678
            ],
            "99th": [
                0.9640665192047315,
                0.9880796132543349
            ],
            "mean": 0.9765273312551752,
            "median": 0.9765189673603809
        },
        "recall": {
            "90th": [
                0.968,
                0.984
            ],