overall accuracy,0.98
cohen kappa,0.960005279303132
""
Confidence Interval,90%,95%,98%,99%
Overall Accuracy,0.0072605895077466,0.008677289899502035,0.010315349727469256,0.01142214690852819
""
class,f1-score,precision,recall,support
Mangrove,0.9798387096774194,0.9662027833001988,0.9938650306748467,489
Other,0.9801587301587301,0.993963782696177,0.9667318982387475,511
""
macro avg,0.9799987199180747,0.9800832829981879,0.9802984644567971,1000
weighted (pixel) avg,0.9800022401433691,0.9803886539915436,0.98,1000
""
Confidence Interval,90%,95%,98%,99%
Mangrove,0.013214004968984191,0.015792347401956716,0.0187735558400812,0.020787885865840985
Other,0.005698143298100751,0.006809976136754556,0.00809553285644802,0.008964152261646303
""
Point Count Confusion Matrix
,Mangrove,Other,User Acc
Mangrove,486,3,99.38650306748467
Other,17,494,96.67318982387475
Producer,96.62027833001989,99.3963782696177
""
