{
    "Mangrove": {
        "f1-score": 0.9438629876308279,
        "precision": 0.9393939393939394,
        "recall": 0.9483747609942639,
        "support": 523
    },
    "Other": {
        "f1-score": 0.9378292939936776,
        "precision": 0.9427966101694916,
        "recall": 0.9329140461215933,
        "support": 477
    },
    "accuracy": 0.941,
    "accuracy_conf_interval": [
        0.01221981597242774,
        0.014604170308511202,
        0.017361080009607704,
        0.019223856834672908
    ],
    "cls_confidence_intervals": {
        "Mangrove": [
            0.017029770357900625,
            0.020352652378954405,
            0.02419473471579784,
            0.02679073629474611
        ],
        "Other": [
            0.017530436810830774,
            0.020951009847090436,
            0.024906047420265674,
            0.027578370104843535
        ]
    },
    "cohen_kappa": 0.8816952469561591,
    "confusion_matrix": [
        [
            496,
            27
        ],
        [
            32,
            445
        ]
    ],
    "macro avg": {
        "f1-score": 0.9408461408122528,
        "precision": 0.9410952747817155,
        "recall": 0.9406444035579287,
        "support": 1000
    },
    "producer_accuracy": [
        93.93939393939394,
        94.27966101694916
    ],
    "user_accuracy": [
        94.83747609942638,
        93.29140461215934
    ],
    "weighted avg": {
        "f1-score": 0.9409849157659071,
        "precision": 0.9410170133538778,
        "recall": 0.941,
        "support": 1000
    }
}