{
    "Mangrove": {
        "f1-score": 0.7119341563786008,
        "precision": 0.9942528735632183,
        "recall": 0.5544871794871795,
        "support": 312
    },
    "Other": {
        "f1-score": 0.803921568627451,
        "precision": 0.6737089201877934,
        "recall": 0.9965277777777778,
        "support": 288
    },
    "accuracy": 0.7666666666666667,
    "accuracy_conf_interval": [
        0.028317825821543206,
        0.033843255250137004,
        0.04023203302694858,
        0.04454877476803749
    ],
    "cls_confidence_intervals": {
        "Mangrove": [
            0.009398164171005153,
            0.011231952301932987,
            0.013352269828318298,
            0.014784916805605668
        ],
        "Other": [
            0.03725441926813415,
            0.04452357424728228,
            0.05292853469192231,
            0.05860756201938178
        ]
    },
    "cohen_kappa": 0.5410437975347495,
    "confusion_matrix": [
        [
            173,
            139
        ],
        [
            1,
            287
        ]
    ],
    "macro avg": {
        "f1-score": 0.7579278625030259,
        "precision": 0.8339808968755058,
        "recall": 0.7755074786324787,
        "support": 600
    },
    "producer_accuracy": [
        99.42528735632183,
        67.37089201877934
    ],
    "user_accuracy": [
        55.44871794871795,
        99.65277777777779
    ],
    "weighted avg": {
        "f1-score": 0.7560881142580488,
        "precision": 0.8403917759430144,
        "recall": 0.7666666666666667,
        "support": 600
    }
}