{
    "Mangrove": {
        "f1-score": {
            "90th": [
                0.5678689211937645,
                0.6353902755672873
            ],
            "95th": [
                0.5617115392304309,
                0.64155937170706
            ],
            "99th": [
                0.549864594064436,
                0.653892671256773
            ],
            "mean": 0.6027036249973355,
            "median": 0.6030155513041502
        },
        "precision": {
            "90th": [
                0.9540205838503342,
                0.9879056548775749
            ],
            "95th": [
                0.9502257749572858,
                0.9891725760701392
            ],
            "99th": [
                0.9428521594684385,
                0.9960002371541502
            ],
            "mean": 0.9720672625381465,
            "median": 0.9727626459143969
        },
        "producer_accuracy": {
            "90th": [
                95.40205838503343,
                98.79056548775749
            ],
            "95th": [
                95.02257749572857,
                98.91725760701392
            ],
            "99th": [
                94.28521594684385,
                99.60002371541502
            ],
            "mean": 97.20672625381465,
            "median": 97.27626459143968
        },
        "recall": {
            "90th": [
                0.40145985401459855,
                0.4717332187658898
            ],
            "95th": [
                0.39421338155515373,
                0.4772798677982699
            ],
            "99th": [
                0.3837837837837838,
                0.4904044251509786
            ],
            "mean": 0.4370660631337472,
            "median": 0.43726937269372695
        },
        "support": {
            "90th": [
                531.0,
                586.0
            ],
            "95th": [
                525.975,
                591.0
            ],
            "99th": [
                514.0,
                598.0049999999999
            ],
            "mean": 557.957,
            "median": 558.0
        },
        "user_accuracy": {
            "90th": [
                40.14598540145985,
                47.17332187658898
            ],
            "95th": [
                39.42133815551537,
                47.72798677982699
            ],
            "99th": [
                38.37837837837838,
                49.040442515097865
            ],
            "mean": 43.70660631337472,
            "median": 43.7269372693727
        }
    },
    "Other": {
        "f1-score": {
            "90th": [
                0.7056719830575183,
                0.7545038039480719
            ],
            "95th": [
                0.6999106198593039,
                0.7586777209396716
            ],
            "99th": [
                0.6934495559239973,
                0.767631231039355
            ],
            "mean": 0.7302529281811758,
            "median": 0.7306893024073735
        },
        "precision": {
            "90th": [
                0.5505973590442255,
                0.6112635858526988
            ],
            "95th": [
                0.5437409446270841,
                0.6169948791424554
            ],
            "99th": [
                0.5367832498711246,
                0.6288426461087901
            ],
            "mean": 0.5807130247319228,
            "median": 0.5809018567639257
        },
        "producer_accuracy": {
            "90th": [
                55.05973590442255,
                61.12635858526988
            ],
            "95th": [
                54.37409446270841,
                61.69948791424554
            ],
            "99th": [
                53.678324987112454,
                62.88426461087901
            ],
            "mean": 58.07130247319228,
            "median": 58.09018567639257
        },
        "recall": {
            "90th": [
                0.9741369168356998,
                0.9932126696832579
            ],
            "95th": [
                0.9716292657944969,
                0.9936984658163892
            ],
            "99th": [
                0.9671754798967095,
                0.9976852119151485
            ],
            "mean": 0.9841419417093185,
            "median": 0.9843400447427293
        },
        "support": {
            "90th": [
                414.0,
                469.0
            ],
            "95th": [
                409.0,
                474.02499999999986
            ],
            "99th": [
                401.995,
                486.0
            ],
            "mean": 442.043,
            "median": 442.0
        },
        "user_accuracy": {
            "90th": [
                97.41369168356998,
                99.3212669683258
            ],
            "95th": [
                97.16292657944969,
                99.36984658163891
            ],
            "99th": [
                96.71754798967095,
                99.76852119151484
            ],
            "mean": 98.41419417093182,
            "median": 98.43400447427292
        }
    },
    "accuracy": {
        "90th": [
            0.654,
            0.703
        ],
        "95th": [
            0.651,
            0.707
        ],
        "99th": [
            0.643995,
            0.7170049999999999
        ],
        "mean": 0.6789105,
        "median": 0.679
    },
    "cohen_kappa": {
        "90th": [
            0.35579148376482567,
            0.429084561381461
        ],
        "95th": [
            0.3505206393725383,
            0.4360173331245652
        ],
        "99th": [
            0.34055084952860876,
            0.4539740801328706
        ],
        "mean": 0.3927625798193926,
        "median": 0.3928442797794549
    },
    "macro avg": {
        "f1-score": {
            "90th": [
                0.6414885997207975,
                0.69070556645752
            ],
            "95th": [
                0.6374585355761091,
                0.6950637618479357
            ],
            "99th": [
                0.6308043626558069,
                0.7053475600693737
            ],
            "mean": 0.6664782765892555,
            "median": 0.6667285917689363
        },
        "precision": {
            "90th": [
                0.7595859574340179,
                0.7935217948976001
            ],
            "95th": [
                0.7561393363396811,
                0.7964531323416645
            ],
            "99th": [
                0.7511343937507394,
                0.8028463090625545
            ],
            "mean": 0.7763901436350347,
            "median": 0.7761945359811762
        },
        "recall": {
            "90th": [
                0.69236282806976,
                0.7285906049377635
            ],
            "95th": [
                0.6896015479927089,
                0.7320266468205876
            ],
            "99th": [
                0.6836134164412745,
                0.7382644781321541
            ],
            "mean": 0.7106040024215328,
            "median": 0.710626958879639
        }
    },
    "weighted avg": {
        "f1-score": {
            "90th": [
                0.6324475021343385,
                0.6852872750123931
            ],
            "95th": [
                0.6280033257576674,
                0.6903050652084012
            ],
            "99th": [
                0.6216165837177423,
                0.7008663239299585
            ],
            "mean": 0.6593100075725513,
            "median": 0.6596668510601862
        },
        "precision": {
            "90th": [
                0.7862145611504343,
                0.8115868949308064
            ],
            "95th": [
                0.7827400445806222,
                0.8136499882657336
            ],
            "99th": [
                0.7786576678404709,
                0.8187412453103706
            ],
            "mean": 0.7993611954142937,