{
    "Mangrove": {
        "f1-score": {
            "90th": [
                0.915191633986928,
                0.94949987681695
            ],
            "95th": [
                0.9108858871876679,
                0.9522378751192311
            ],
            "99th": [
                0.9022291297847796,
                0.9573788963287924
            ],
            "mean": 0.9326115780045799,
            "median": 0.9328859060402686
        },
        "precision": {
            "90th": [
                0.9832214765100671,
                1.0
            ],
            "95th": [
                0.9818824110671938,
                1.0
            ],
            "99th": [
                0.9780938337142717,
                1.0
            ],
            "mean": 0.9928842072108484,
            "median": 0.9930795847750865
        },
        "producer_accuracy": {
            "90th": [
                98.3221476510067,
                100.0
            ],
            "95th": [
                98.18824110671937,
                100.0
            ],
            "99th": [
                97.80938337142717,
                100.0
            ],
            "mean": 99.28842072108483,
            "median": 99.30795847750865
        },
        "recall": {
            "90th": [
                0.8504338121299289,
                0.908497762932723
            ],
            "95th": [
                0.8411214953271028,
                0.913046732621713
            ],
            "99th": [
                0.8281162077974277,
                0.922161429353682
            ],
            "mean": 0.8794179705552843,
            "median": 0.8796727488251979
        },
        "support": {
            "90th": [
                302.0,
                343.0
            ],
            "95th": [
                299.0,
                347.0
            ],
            "99th": [
                289.995,
                353.0049999999999
            ],
            "mean": 322.9765,
            "median": 323.0
        },
        "user_accuracy": {
            "90th": [
                85.04338121299288,
                90.84977629327231
            ],
            "95th": [
                84.11214953271028,
                91.3046732621713
            ],
            "99th": [
                82.81162077974277,
                92.2161429353682
            ],
            "mean": 87.94179705552841,
            "median": 87.96727488251979
        }
    },
    "Other": {
        "f1-score": {
            "90th": [
                0.9122146011194744,
                0.9475527636920041
            ],
            "95th": [
                0.9077994149937892,
                0.9503311258278145
            ],
            "99th": [
                0.8998217761054953,
                0.9565238194299978
            ],
            "mean": 0.9305328648295451,
            "median": 0.9310344827586207
        },
        "precision": {
            "90th": [
                0.8445910132747589,
                0.9056075026437357
            ],
            "95th": [
                0.8373478660404329,
                0.9101805676572551
            ],
            "99th": [
                0.8260779274899291,
                0.9203834293802446
            ],
            "mean": 0.8759260783635145,
            "median": 0.8762541806020067
        },
        "producer_accuracy": {
            "90th": [
                84.45910132747589,
                90.56075026437357
            ],
            "95th": [
                83.73478660404328,
                91.0180567657255
            ],
            "99th": [
                82.6077927489929,
                92.03834293802446
            ],
            "mean": 87.59260783635143,
            "median": 87.62541806020067
        },
        "recall": {
            "90th": [
                0.9826388888888888,
                1.0
            ],
            "95th": [
                0.9813397766805072,
                1.0
            ],
            "99th": [
                0.9772693067801763,
                1.0
            ],
            "mean": 0.9926490739558523,
            "median": 0.9928571428571429
        },
        "support": {
            "90th": [
                257.0,
                298.0
            ],
            "95th": [
                253.0,
                301.0
            ],
            "99th": [
                246.995,
                310.0049999999999
            ],
            "mean": 277.0235,
            "median": 277.0
        },
        "user_accuracy": {
            "90th": [
                98.26388888888889,
                100.0
            ],
            "95th": [
                98.13397766805073,
                100.0
            ],
            "99th": [
                97.72693067801764,
                100.0
            ],
            "mean": 99.26490739558524,
            "median": 99.28571428571429
        }
    },
    "accuracy": {
        "90th": [
            0.9133333333333333,
            0.9483333333333334
        ],
        "95th": [
            0.9116666666666666,
            0.9516666666666667
        ],
        "99th": [
            0.9033333333333333,
            0.9566666666666667
        ],
        "mean": 0.9316958333333333,
        "median": 0.9316666666666666
    },
    "cohen_kappa": {
        "90th": [
            0.8278308172097285,
            0.8967726467106777
        ],
        "95th": [
            0.823571592868219,
            0.902930548896792
        ],
        "99th": [
            0.8075824759124365,
            0.9134286579786961
        ],
        "mean": 0.863699563646023,
        "median": 0.8638280911181828
    },
    "macro avg": {
        "f1-score": {
            "90th": [
                0.9133323703596706,
                0.948281471141895
            ],
            "95th": [
                0.9111621064354188,
                0.9513688818081867
            ],
            "99th": [
                0.9030208696860357,
                0.9566546479616196
            ],
            "mean": 0.9315722214170625,
            "median": 0.9316436913518155
        },
        "precision": {
            "90th": [
                0.9180620336121353,
                0.9496879025118692
            ],
            "95th": [
                0.9146807732482848,
                0.9522144466725422
            ],
            "99th": [
                0.9081145504675164,
                0.9579036128684257
            ],
            "mean": 0.9344051427871815,
            "median": 0.9346069765408924
        },
        "recall": {
            "90th": [
                0.9203218111554302,
                0.9513472339700653
            ],
            "95th": [
                0.9169645580119754,
                0.9538446512322917
            ],
            "99th": [
                0.9092005092163158,
                0.958519591735187
            ],
            "mean": 0.9360335222555685,
            "median": 0.9362620327276968
        }
    },
    "weighted avg": {
        "f1-score": {
            "90th": [
                0.9139091874418571,
                0.9483588114817801
            ],
            "95th": [
                0.9112679399211447,
                0.9516197010018577
            ],
            "99th": [
                0.9029559061381667,
                0.9566479231288563
            ],
            "mean": 0.9317615486623444,
            "median": 0.9317699826258261
        },
        "precision": {
            "90th": [
                0.9253322595567739,
                0.9524786650154943
            ],
            "95th": [
                0.9226071613406921,
                0.9549672923329277
            ],
            "99th": [
                0.9170861703140702,
                0.9596904842649912
            ],
            "mean": 0.9390820394759841,
            "median": 0.9392589932423342
        },