{
    "Mangrove": {
        "f1-score": {
            "90th": [
                0.7933548413696427,
                0.8518518518518519
            ],
            "95th": [
                0.787878787878788,
                0.8576737318381726
            ],
            "99th": [
                0.7788606261461981,
                0.86631133357448
            ],
            "mean": 0.8240530240872954,
            "median": 0.8246628131021194
        },
        "precision": {
            "90th": [
                0.8831168831168831,
                0.9431009512524275
            ],
            "95th": [
                0.8780463798732475,
                0.9478293195409729
            ],
            "99th": [
                0.862495800395257,
                0.9570824621253806
            ],
            "mean": 0.9140659196631824,
            "median": 0.9148936170212766
        },
        "producer_accuracy": {
            "90th": [
                88.31168831168831,
                94.31009512524275
            ],
            "95th": [
                87.80463798732477,
                94.7829319540973
            ],
            "99th": [
                86.2495800395257,
                95.70824621253806
            ],
            "mean": 91.40659196631823,
            "median": 91.48936170212765
        },
        "recall": {
            "90th": [
                0.7086092715231788,
                0.7905405405405406
            ],
            "95th": [
                0.7019809457418381,
                0.7973866717104848
            ],
            "99th": [
                0.6885216835251715,
                0.807947688808616
            ],
            "mean": 0.7506033230865597,
            "median": 0.7516339869281046
        },
        "support": {
            "90th": [
                274.0,
                315.0
            ],
            "95th": [
                271.0,
                318.0
            ],
            "99th": [
                262.99,
                323.00999999999976
            ],
            "mean": 294.859,
            "median": 295.0
        },
        "user_accuracy": {
            "90th": [
                70.86092715231787,
                79.05405405405406
            ],
            "95th": [
                70.19809457418381,
                79.73866717104849
            ],
            "99th": [
                68.85216835251714,
                80.7947688808616
            ],
            "mean": 75.06033230865597,
            "median": 75.16339869281046
        }
    },
    "Other": {
        "f1-score": {
            "90th": [
                0.8335665193912616,
                0.8815640996070012
            ],
            "95th": [
                0.8280992553460149,
                0.8859287749287749
            ],
            "99th": [
                0.8174638852623592,
                0.8944304435483871
            ],
            "mean": 0.8574952661899407,
            "median": 0.8576025889967638
        },
        "precision": {
            "90th": [
                0.7590344758535528,
                0.828093111498013
            ],
            "95th": [
                0.7541887866909472,
                0.835580437913082
            ],
            "99th": [
                0.7375661469764625,
                0.848000837696335
            ],
            "mean": 0.7944743969341305,
            "median": 0.7950138504155124
        },
        "producer_accuracy": {
            "90th": [
                75.90344758535527,
                82.80931114980129
            ],
            "95th": [
                75.41887866909474,
                83.5580437913082
            ],
            "99th": [
                73.75661469764626,
                84.8000837696335
            ],
            "mean": 79.44743969341303,
            "median": 79.50138504155125
        },
        "recall": {
            "90th": [
                0.9072128129602356,
                0.9547038327526133
            ],
            "95th": [
                0.9020944741532977,
                0.9591227006565328
            ],
            "99th": [
                0.8907816074710273,
                0.9657585445774358
            ],
            "mean": 0.9317979843987356,
            "median": 0.932475884244373
        },
        "support": {
            "90th": [
                285.0,
                326.0
            ],
            "95th": [
                282.0,
                329.0
            ],
            "99th": [
                276.99,
                337.00999999999976
            ],
            "mean": 305.141,
            "median": 305.0
        },
        "user_accuracy": {
            "90th": [
                90.72128129602356,
                95.47038327526133
            ],
            "95th": [
                90.20944741532978,
                95.91227006565327
            ],
            "99th": [
                89.07816074710273,
                96.57585445774357
            ],
            "mean": 93.17979843987355,
            "median": 93.2475884244373
        }
    },
    "accuracy": {
        "90th": [
            0.8183333333333334,
            0.8666666666666667
        ],
        "95th": [
            0.8116666666666666,
            0.8716666666666667
        ],
        "99th": [
            0.805,
            0.8783416666666665
        ],
        "mean": 0.8427525,
        "median": 0.8433333333333334
    },
    "cohen_kappa": {
        "90th": [
            0.6350617109728716,
            0.7319188403874866
        ],
        "95th": [
            0.623697798431196,
            0.741814940331567
        ],
        "99th": [
            0.610450644323129,
            0.7558693358960432
        ],
        "mean": 0.6841338707242439,
        "median": 0.6844427032586164
    },
    "macro avg": {
        "f1-score": {
            "90th": [
                0.8154697792056519,
                0.8652275968957424
            ],
            "95th": [
                0.8099410199096715,
                0.8702382769384092
            ],
            "99th": [
                0.8035771326354215,
                0.8773027030838239
            ],
            "mean": 0.840774145138618,
            "median": 0.8408813504411324
        },
        "precision": {
            "90th": [
                0.8310127637575023,
                0.8768532104193528
            ],
            "95th": [
                0.8259267059279379,
                0.8816500959271127
            ],
            "99th": [
                0.816084498404246,
                0.8886238482638361
            ],
            "mean": 0.8542701582986563,
            "median": 0.8543771493079059
        },
        "recall": {
            "90th": [
                0.8171082648892746,
                0.8654958623644212
            ],
            "95th": [
                0.8120239902152664,
                0.8690518071822042
            ],
            "99th": [
                0.8042304378256085,
                0.8767500695345453
            ],
            "mean": 0.8412006537426476,
            "median": 0.841440827266887
        }
    },
    "weighted avg": {
        "f1-score": {
            "90th": [
                0.8163764734189344,
                0.8657513250715877
            ],
            "95th": [
                0.8106911132564835,
                0.8708170973277412
            ],
            "99th": [
                0.8036350285472317,
                0.8776324507909639
            ],
            "mean": 0.8412759165431111,
            "median": 0.8413704610467576
        },
        "precision": {
            "90th": [
                0.8306685715769725,
                0.8761728286080568
            ],
            "95th": [
                0.8260351895086315,
                0.8800517669197232
            ],
            "99th": [
                0.817314919883808,
                0.8876344422562042
            ],