{
    "Mangrove": {
        "f1-score": 0.9511690936653039,
        "precision": 0.970017801930104,
        "recall": 0.9330389329488104,
        "support": 11096
    },
    "Other": {
        "f1-score": 0.9492140843724619,
        "precision": 0.930411164184696,
        "recall": 0.968792666276575,
        "support": 10254
    },
    "accuracy": 0.9502107728337237,
    "accuracy_conf_interval": [
        0.002441308008929491,
        0.002917660791159636,
        0.003468443695613241,
        0.0038405943067305413
    ],
    "cls_confidence_intervals": {
        "Mangrove": [
            0.00270721146176078,
            0.0032354478445433712,
            0.0038462211621357427,
            0.004258905836184642
        ],
        "Other": [
            0.004038559341521356,
            0.004826570920354791,
            0.0057377093083809515,
            0.006353343354344573
        ]
    },
    "cohen_kappa": 0.900422281431382,
    "confusion_matrix": [
        [
            10353,
            743
        ],
        [
            320,
            9934
        ]
    ],
    "macro avg": {
        "f1-score": 0.9501915890188829,
        "precision": 0.9502144830574,
        "recall": 0.9509157996126927,
        "support": 21350
    },
    "producer_accuracy": [
        97.0017801930104,
        93.0411164184696
    ],
    "user_accuracy": [
        93.30389329488104,
        96.8792666276575
    ],
    "weighted avg": {
        "f1-score": 0.9502301397876083,
        "precision": 0.9509954851412792,
        "recall": 0.9502107728337237,
        "support": 21350
    }
}