{
    "Mangrove": {
        "f1-score": {
            "90th": [
                0.7970212112925353,
                0.8408863396877095
            ],
            "95th": [
                0.7915286404416839,
                0.8452794331939913
            ],
            "99th": [
                0.7830741462591887,
                0.8512947024471635
            ],
            "mean": 0.8192820307904318,
            "median": 0.8196371398078975
        },
        "precision": {
            "90th": [
                0.9242036408301372,
                0.9615384615384616
            ],
            "95th": [
                0.9197080291970803,
                0.9646464646464646
            ],
            "99th": [
                0.9088531057098765,
                0.9699255620347627
            ],
            "mean": 0.9430556747649698,
            "median": 0.9435897435897436
        },
        "producer_accuracy": {
            "90th": [
                92.42036408301372,
                96.15384615384616
            ],
            "95th": [
                91.97080291970804,
                96.46464646464646
            ],
            "99th": [
                90.88531057098764,
                96.99255620347627
            ],
            "mean": 94.30556747649698,
            "median": 94.35897435897435
        },
        "recall": {
            "90th": [
                0.6915637657361795,
                0.7554744525547445
            ],
            "95th": [
                0.6845988960506852,
                0.7622688498518037
            ],
            "99th": [
                0.6752950380296994,
                0.7732614278091511
            ],
            "mean": 0.7244822717715904,
            "median": 0.7246373834847036
        },
        "support": {
            "90th": [
                502.0,
                554.0
            ],
            "95th": [
                498.0,
                558.0
            ],
            "99th": [
                489.0,
                568.0
            ],
            "mean": 527.922,
            "median": 528.0
        },
        "user_accuracy": {
            "90th": [
                69.15637657361795,
                75.54744525547446
            ],
            "95th": [
                68.45988960506851,
                76.22688498518036
            ],
            "99th": [
                67.52950380296994,
                77.3261427809151
            ],
            "mean": 72.44822717715904,
            "median": 72.46373834847037
        }
    },
    "Other": {
        "f1-score": {
            "90th": [
                0.8219414956018751,
                0.8607836961340147
            ],
            "95th": [
                0.8175726266914856,
                0.8641997354497354
            ],
            "99th": [
                0.8097912728376219,
                0.8702052315945941
            ],
            "mean": 0.8418401116377934,
            "median": 0.8423023085103214
        },
        "precision": {
            "90th": [
                0.726002248265668,
                0.7832807389048924
            ],
            "95th": [
                0.7205270130886329,
                0.7889629266082755
            ],
            "99th": [
                0.7113736994847875,
                0.7963890539972045
            ],
            "mean": 0.7553195021569866,
            "median": 0.7551356337510009
        },
        "producer_accuracy": {
            "90th": [
                72.60022482656679,
                78.32807389048924
            ],
            "95th": [
                72.05270130886328,
                78.89629266082754
            ],
            "99th": [
                71.13736994847875,
                79.63890539972044
            ],
            "mean": 75.53195021569866,
            "median": 75.51356337510009
        },
        "recall": {
            "90th": [
                0.9340659340659341,
                0.9670815693631117
            ],
            "95th": [
                0.9298950985711703,
                0.9698940883289492
            ],
            "99th": [
                0.9243015280649554,
                0.9743595199127114
            ],
            "mean": 0.9510609971296116,
            "median": 0.9513956056183719
        },
        "support": {
            "90th": [
                446.0,
                498.0
            ],
            "95th": [
                442.0,
                502.0
            ],
            "99th": [
                432.0,
                511.0
            ],
            "mean": 472.078,
            "median": 472.0
        },
        "user_accuracy": {
            "90th": [
                93.4065934065934,
                96.70815693631117
            ],
            "95th": [
                92.98950985711701,
                96.98940883289491
            ],
            "99th": [
                92.43015280649553,
                97.43595199127114
            ],
            "mean": 95.10609971296115,
            "median": 95.13956056183719
        }
    },
    "accuracy": {
        "90th": [
            0.813,
            0.85
        ],
        "95th": [
            0.808,
            0.854
        ],
        "99th": [
            0.798995,
            0.8610049999999999
        ],
        "mean": 0.83145,
        "median": 0.831
    },
    "cohen_kappa": {
        "90th": [
            0.6305807981035164,
            0.7017369052408929
        ],
        "95th": [
            0.6207030051425091,
            0.709761543397663
        ],
        "99th": [
            0.6038699141635547,
            0.724087582427765
        ],
        "mean": 0.6662416072651581,
        "median": 0.6663152116773181
    },
    "macro avg": {
        "f1-score": {
            "90th": [
                0.8116335789235118,
                0.8490818137548847
            ],
            "95th": [
                0.8067618528941941,
                0.853242801013882
            ],
            "99th": [
                0.797810183841251,
                0.8605182829496415
            ],
            "mean": 0.8305610712141126,
            "median": 0.8306280875088214
        },
        "precision": {
            "90th": [
                0.8322522314318557,
                0.8660368754122867
            ],
            "95th": [
                0.8289110649068793,
                0.8690448999719399
            ],
            "99th": [
                0.8197025350811558,
                0.8741685803792905
            ],
            "mean": 0.8491875884609782,
            "median": 0.8494544693772297
        },
        "recall": {
            "90th": [
                0.8199886948146888,
                0.8550713606367718
            ],
            "95th": [
                0.8156600550479269,
                0.8591546619748184
            ],
            "99th": [
                0.8083726194302434,
                0.8645782717273606
            ],
            "mean": 0.837771634450601,
            "median": 0.8378756723700402
        }
    },
    "weighted avg": {
        "f1-score": {
            "90th": [
                0.8108089716413974,
                0.8487303143028504
            ],
            "95th": [
                0.8059654890166688,
                0.8528618748534019
            ],
            "99th": [
                0.7970560176783275,
                0.8601399140659963
            ],
            "mean": 0.8300629128661594,
            "median": 0.8301030184012218
        },
        "precision": {
            "90th": [
                0.8390480996268014,
                0.8697667077614084
            ],
            "95th": [
                0.8353055913731614,
                0.8732397334964127
            ],
            "99th": [
                0.8272049653867977,
                0.877419563855772
            ],
            "mean": 0.8546565430653734,
            "median": 0.8551176448686285
        },