{
    "Mangrove": {
        "f1-score": 0.8733674048835888,
        "precision": 0.9525747655282251,
        "recall": 0.8063211503894547,
        "support": 13352
    },
    "Other": {
        "f1-score": 0.8845670339421725,
        "precision": 0.8222436073687105,
        "recall": 0.9571131381020963,
        "support": 12498
    },
    "accuracy": 0.8792263056092844,
    "accuracy_conf_interval": [
        0.0033239163566638964,
        0.003972485401866608,
        0.004722393360382243,
        0.005229087926946862
    ],
    "cls_confidence_intervals": {
        "Mangrove": [
            0.0032788418995042877,
            0.003918615928675856,
            0.004658354649905483,
            0.00515817811019577
        ],
        "Other": [
            0.0051982249426344735,
            0.006212512736319249,
            0.007385282997767271,
            0.008177695336583501
        ]
    },
    "cohen_kappa": 0.7594505174128201,
    "confusion_matrix": [
        [
            10766,
            2586
        ],
        [
            536,
            11962
        ]
    ],
    "macro avg": {
        "f1-score": 0.8789672194128806,
        "precision": 0.8874091864484678,
        "recall": 0.8817171442457755,
        "support": 25850
    },
    "producer_accuracy": [
        95.25747655282251,
        82.22436073687105
    ],
    "user_accuracy": [
        80.63211503894547,
        95.71131381020963
    ],
    "weighted avg": {
        "f1-score": 0.8787822197375221,
        "precision": 0.8895620454246425,
        "recall": 0.8792263056092844,
        "support": 25850
    }
}