{
    "Mangrove": {
        "f1-score": {
            "90th": [
                0.8726072653461189,
                0.906889701207883
            ],
            "95th": [
                0.8695629831538496,
                0.9113924050632912
            ],
            "99th": [
                0.8632930683376223,
                0.9171982418276569
            ],
            "mean": 0.8901061349412125,
            "median": 0.8900308324768756
        },
        "precision": {
            "90th": [
                0.9267139479905437,
                0.9624752495721989
            ],
            "95th": [
                0.9225802883242935,
                0.9654397743524551
            ],
            "99th": [
                0.9152916380902136,
                0.9695550860401181
            ],
            "mean": 0.9448269944426241,
            "median": 0.9451275389464568
        },
        "producer_accuracy": {
            "90th": [
                92.67139479905437,
                96.24752495721988
            ],
            "95th": [
                92.25802883242935,
                96.54397743524551
            ],
            "99th": [
                91.52916380902137,
                96.9555086040118
            ],
            "mean": 94.4826994442624,
            "median": 94.51275389464567
        },
        "recall": {
            "90th": [
                0.8143683619221904,
                0.8679019117597034
            ],
            "95th": [
                0.8097142699845848,
                0.8730173992673993
            ],
            "99th": [
                0.7987905623038644,
                0.882712938861675
            ],
            "mean": 0.8415637903104889,
            "median": 0.841593605925478
        },
        "support": {
            "90th": [
                476.0,
                527.05
            ],
            "95th": [
                471.0,
                532.0
            ],
            "99th": [
                462.995,
                541.0049999999999
            ],
            "mean": 501.86,
            "median": 502.0
        },
        "user_accuracy": {
            "90th": [
                81.43683619221905,
                86.79019117597034
            ],
            "95th": [
                80.97142699845848,
                87.30173992673993
            ],
            "99th": [
                79.87905623038644,
                88.27129388616751
            ],
            "mean": 84.15637903104889,
            "median": 84.15936059254781
        }
    },
    "Other": {
        "f1-score": {
            "90th": [
                0.8851798987553319,
                0.9164219057690421
            ],
            "95th": [
                0.8822340213832155,
                0.9195216440298443
            ],
            "99th": [
                0.8763376445721613,
                0.9251209103189321
            ],
            "mean": 0.9008034882119575,
            "median": 0.9006750241080038
        },
        "precision": {
            "90th": [
                0.8312340634799802,
                0.8809127679092652
            ],
            "95th": [
                0.8269527029113025,
                0.8843302409968506
            ],
            "99th": [
                0.8170488210275881,
                0.8936571235379082
            ],
            "mean": 0.8562066397792107,
            "median": 0.856095282264298
        },
        "producer_accuracy": {
            "90th": [
                83.12340634799801,
                88.09127679092653
            ],
            "95th": [
                82.69527029113024,
                88.43302409968507
            ],
            "99th": [
                81.7048821027588,
                89.36571235379081
            ],
            "mean": 85.62066397792107,
            "median": 85.6095282264298
        },
        "recall": {
            "90th": [
                0.9344591550272069,
                0.9660678642714571
            ],
            "95th": [
                0.9311740890688259,
                0.9689323403485498
            ],
            "99th": [
                0.9251949262921082,
                0.9724436050223452
            ],
            "mean": 0.9504946679650178,
            "median": 0.9508196721311475
        },
        "support": {
            "90th": [
                472.95,
                524.0
            ],
            "95th": [
                468.0,
                529.0
            ],
            "99th": [
                458.995,
                537.0049999999999
            ],
            "mean": 498.14,
            "median": 498.0
        },
        "user_accuracy": {
            "90th": [
                93.4459155027207,
                96.6067864271457
            ],
            "95th": [
                93.11740890688259,
                96.89323403485497
            ],
            "99th": [
                92.51949262921082,
                97.24436050223451
            ],
            "mean": 95.04946679650178,
            "median": 95.08196721311475
        }
    },
    "accuracy": {
        "90th": [
            0.88,
            0.911
        ],
        "95th": [
            0.878,
            0.915
        ],
        "99th": [
            0.871995,
            0.921
        ],
        "mean": 0.8958210000000001,
        "median": 0.896
    },
    "cohen_kappa": {
        "90th": [
            0.7607266229508716,
            0.8220040565502131
        ],
        "95th": [
            0.7551441618675538,
            0.8288282996142736
        ],
        "99th": [
            0.7445025604004268,
            0.8410354534064667
        ],
        "mean": 0.7915715105705187,
        "median": 0.7916382834054332
    },
    "macro avg": {
        "f1-score": {
            "90th": [
                0.8799040385717564,
                0.9107359671713469
            ],
            "95th": [
                0.8769938742918693,
                0.9142978159969116
            ],
            "99th": [
                0.8717247018529114,
                0.9203408966190254
            ],
            "mean": 0.895454811576585,
            "median": 0.8954427073897009
        },
        "precision": {
            "90th": [
                0.8856528885024275,
                0.9156497747189561
            ],
            "95th": [
                0.8830643013784462,
                0.9182060172600566
            ],
            "99th": [
                0.8774743616689393,
                0.9237890009781559
            ],
            "mean": 0.9005168171109174,
            "median": 0.900591293083371
        },
        "recall": {
            "90th": [
                0.8808643901706829,
                0.9112368152861542
            ],
            "95th": [
                0.87800691867142,
                0.9148865470131748
            ],
            "99th": [
                0.8721641946894129,
                0.9201924808286807
            ],
            "mean": 0.8960292291377532,
            "median": 0.8959050447609476
        }
    },
    "weighted avg": {
        "f1-score": {
            "90th": [
                0.8798892439430336,
                0.9108223599871383
            ],
            "95th": [
                0.8771717123161299,
                0.9147132201176639
            ],
            "99th": [
                0.8716183866687768,
                0.9206596456396268
            ],
            "mean": 0.8955257525117217,
            "median": 0.8955734683664753
        },
        "precision": {
            "90th": [
                0.8864576786169158,
                0.9151604343784919
            ],
            "95th": [
                0.884290008368029,
                0.9181794512700256
            ],
            "99th": [
                0.8783657524193638,
                0.9234759877197335
            ],
            "mean": 0.9008614931525191,