{
    "Mangrove": {
        "f1-score": 0.8074979145198489,
        "precision": 0.9423891879509793,
        "recall": 0.7063873626373627,
        "support": 11648
    },
    "Other": {
        "f1-score": 0.8413090085352535,
        "precision": 0.7525146537376076,
        "recall": 0.9538616767565584,
        "support": 10902
    },
    "accuracy": 0.8260310421286031,
    "accuracy_conf_interval": [
        0.004140040980845925,
        0.004947853855157325,
        0.0058818874910798805,
        0.006512991299135662
    ],
    "cls_confidence_intervals": {
        "Mangrove": [
            0.0040895827451032565,
            0.0048875501100014524,
            0.005810199875664992,
            0.006433611879491708
        ],
        "Other": [
            0.00602057214481418,
            0.007195317929168166,
            0.008553617742327463,
            0.009471387886354014
        ]
    },
    "cohen_kappa": 0.6546399773438181,
    "confusion_matrix": [
        [
            8228,
            3420
        ],
        [
            503,
            10399
        ]
    ],
    "macro avg": {
        "f1-score": 0.8244034615275512,
        "precision": 0.8474519208442934,
        "recall": 0.8301245196969605,
        "support": 22550
    },
    "producer_accuracy": [
        94.23891879509793,
        75.25146537376077
    ],
    "user_accuracy": [
        70.63873626373626,
        95.38616767565584
    ],
    "weighted avg": {
        "f1-score": 0.82384419154672,
        "precision": 0.8505926393037874,
        "recall": 0.8260310421286031,
        "support": 22550
    }
}