{
    "Mangrove": {
        "f1-score": 0.9513546529383535,
        "precision": 0.9671782134303203,
        "recall": 0.936040521978022,
        "support": 11648
    },
    "Other": {
        "f1-score": 0.9497272194418144,
        "precision": 0.9339363305843753,
        "recall": 0.9660612731608879,
        "support": 10902
    },
    "accuracy": 0.9505543237250554,
    "accuracy_conf_interval": [
        0.002367681094176464,
        0.002829667649137725,
        0.0033638396033116836,
        0.003724766599375169
    ],
    "cls_confidence_intervals": {
        "Mangrove": [
            0.002752063532999916,
            0.003289051539438924,
            0.003909943921884027,
            0.004329465801914502
        ],
        "Other": [
            0.0038360745531792416,
            0.0045845769050190934,
            0.005450032749333923,
            0.0060348002117088075
        ]
    },
    "cohen_kappa": 0.9011092277620353,
    "confusion_matrix": [
        [
            10903,
            745
        ],
        [
            370,
            10532
        ]
    ],
    "macro avg": {
        "f1-score": 0.950540936190084,
        "precision": 0.9505572720073479,
        "recall": 0.9510508975694549,
        "support": 22550
    },
    "producer_accuracy": [
        96.71782134303203,
        93.39363305843753
    ],
    "user_accuracy": [
        93.6040521978022,
        96.60612731608879
    ],
    "weighted avg": {
        "f1-score": 0.9505678556000268,
        "precision": 0.9511071266548662,
        "recall": 0.9505543237250554,
        "support": 22550
    }
}