{
    "Mangrove": {
        "f1-score": {
            "90th": [
                0.9367766995899036,
                0.9598434781631625
            ],
            "95th": [
                0.934544477028348,
                0.9616088628604111
            ],
            "99th": [
                0.9305005836401185,
                0.9647496632525987
            ],
            "mean": 0.9482656561572046,
            "median": 0.94824016563147
        },
        "precision": {
            "90th": [
                0.9625984251968503,
                0.986
            ],
            "95th": [
                0.9600778443113773,
                0.9879765531062125
            ],
            "99th": [
                0.9543564340100477,
                0.9901575769998299
            ],
            "mean": 0.9749765095266372,
            "median": 0.9753593429158111
        },
        "producer_accuracy": {
            "90th": [
                96.25984251968504,
                98.6
            ],
            "95th": [
                96.00778443113774,
                98.79765531062124
            ],
            "99th": [
                95.43564340100477,
                99.01575769998298
            ],
            "mean": 97.49765095266372,
            "median": 97.5359342915811
        },
        "recall": {
            "90th": [
                0.904188802845437,
                0.9412845774256324
            ],
            "95th": [
                0.9005839875932926,
                0.945784589033115
            ],
            "99th": [
                0.8926438051379224,
                0.9526520371033166
            ],
            "mean": 0.9230713111066616,
            "median": 0.9230769230769231
        },
        "support": {
            "90th": [
                503.0,
                555.0
            ],
            "95th": [
                498.0,
                559.0249999999999
            ],
            "99th": [
                490.0,
                570.0
            ],
            "mean": 528.372,
            "median": 528.0
        },
        "user_accuracy": {
            "90th": [
                90.4188802845437,
                94.12845774256326
            ],
            "95th": [
                90.05839875932926,
                94.5784589033115
            ],
            "99th": [
                89.26438051379223,
                95.26520371033166
            ],
            "mean": 92.30713111066618,
            "median": 92.3076923076923
        }
    },
    "Other": {
        "f1-score": {
            "90th": [
                0.9325012604635167,
                0.9572471324296141
            ],
            "95th": [
                0.9303797468354431,
                0.9592506003958109
            ],
            "99th": [
                0.9255312823461759,
                0.9625000633232016
            ],
            "mean": 0.9452076810577008,
            "median": 0.9452683948677665
        },
        "precision": {
            "90th": [
                0.8981055063534849,
                0.9378757515030061
            ],
            "95th": [
                0.8945382244072381,
                0.9421508182147443
            ],
            "99th": [
                0.8873751471752013,
                0.9498089524023133
            ],
            "mean": 0.9186571191481586,
            "median": 0.9189456254673647
        },
        "producer_accuracy": {
            "90th": [
                89.81055063534849,
                93.78757515030061
            ],
            "95th": [
                89.4538224407238,
                94.21508182147443
            ],
            "99th": [
                88.73751471752011,
                94.98089524023133
            ],
            "mean": 91.86571191481586,
            "median": 91.89456254673647
        },
        "recall": {
            "90th": [
                0.9604125347947112,
                0.9851380042462845
            ],
            "95th": [
                0.9577167019027484,
                0.9870981556952407
            ],
            "99th": [
                0.9517735805471655,
                0.9896695279884127
            ],
            "mean": 0.97345446050111,
            "median": 0.9739696312364425
        },
        "support": {
            "90th": [
                445.0,
                497.0
            ],
            "95th": [
                440.975,
                502.0
            ],
            "99th": [
                430.0,
                510.0
            ],
            "mean": 471.628,
            "median": 472.0
        },
        "user_accuracy": {
            "90th": [
                96.04125347947112,
                98.51380042462846
            ],
            "95th": [
                95.77167019027483,
                98.70981556952407
            ],
            "99th": [
                95.17735805471655,
                98.96695279884126
            ],
            "mean": 97.34544605011098,
            "median": 97.39696312364426
        }
    },
    "accuracy": {
        "90th": [
            0.935,
            0.958
        ],
        "95th": [
            0.933,
            0.96
        ],
        "99th": [
            0.928,
            0.9630049999999999
        ],
        "mean": 0.94683,
        "median": 0.947
    },
    "cohen_kappa": {
        "90th": [
            0.8699979713670665,
            0.9160559234825142
        ],
        "95th": [
            0.8660576219940993,
            0.9199913830142589
        ],
        "99th": [
            0.8560673086800582,
            0.9260427286212075
        ],
        "mean": 0.8935664185907262,
        "median": 0.8939006904957698
    },
    "macro avg": {
        "f1-score": {
            "90th": [
                0.9349108930125342,
                0.9579993279892478
            ],
            "95th": [
                0.9329579243756502,
                0.9599871038390564
            ],
            "99th": [
                0.9279351416274648,
                0.9630027448487832
            ],
            "mean": 0.9467366686074528,
            "median": 0.9469062892251908
        },
        "precision": {
            "90th": [
                0.9350981294727311,
                0.9583036106645233
            ],
            "95th": [
                0.9331233529020223,
                0.9603056719552446
            ],
            "99th": [
                0.9289533399958663,
                0.9632954840138035
            ],
            "mean": 0.9468168143373978,
            "median": 0.9468463768816451
        },
        "recall": {
            "90th": [
                0.9370496654657746,
                0.9593874523598318
            ],
            "95th": [
                0.9348481266051908,
                0.9613648772599458
            ],
            "99th": [
                0.9304308147496781,
                0.963961045155828
            ],
            "mean": 0.9482628858038857,
            "median": 0.9482142253881385
        }
    },
    "weighted avg": {
        "f1-score": {
            "90th": [
                0.9350834941251239,
                0.958054115230794
            ],
            "95th": [
                0.933081899328461,
                0.9600477183812599
            ],
            "99th": [
                0.928108979317195,
                0.9630274392063725
            ],
            "mean": 0.9468738362424061,
            "median": 0.947018394259438
        },
        "precision": {
            "90th": [
                0.9375121285072324,
                0.9595065006887058
            ],
            "95th": [
                0.9354907751001178,
                0.9612109899957719
            ],
            "99th": [
                0.9313354840764201,
                0.9642287267549228
            ],
            "mean": 0.9485157307047238,
            "median": 0.9484739524094583
        },