{
    "Mangrove": {
        "f1-score": {
            "90th": [
                0.8711737168053669,
                0.906932995625144
            ],
            "95th": [
                0.8671785159772342,
                0.9106029106029105
            ],
            "99th": [
                0.8580930182836743,
                0.9155845525782234
            ],
            "mean": 0.8892380961828862,
            "median": 0.889132821075741
        },
        "precision": {
            "90th": [
                0.9129550137362638,
                0.9522776572668112
            ],
            "95th": [
                0.9092918985776128,
                0.9555109496277523
            ],
            "99th": [
                0.9025960434913923,
                0.9597346480205776
            ],
            "mean": 0.9332624974957443,
            "median": 0.9333333333333333
        },
        "producer_accuracy": {
            "90th": [
                91.29550137362638,
                95.22776572668113
            ],
            "95th": [
                90.92918985776129,
                95.55109496277522
            ],
            "99th": [
                90.25960434913922,
                95.97346480205775
            ],
            "mean": 93.32624974957443,
            "median": 93.33333333333333
        },
        "recall": {
            "90th": [
                0.8223532274294386,
                0.8765516658210722
            ],
            "95th": [
                0.818732548781289,
                0.880083400524088
            ],
            "99th": [
                0.8048705718558243,
                0.8912595370822308
            ],
            "mean": 0.8493694159020353,
            "median": 0.8496993987975952
        },
        "support": {
            "90th": [
                469.0,
                521.0
            ],
            "95th": [
                464.0,
                526.0
            ],
            "99th": [
                453.995,
                535.0
            ],
            "mean": 494.932,
            "median": 495.0
        },
        "user_accuracy": {
            "90th": [
                82.23532274294386,
                87.65516658210721
            ],
            "95th": [
                81.87325487812889,
                88.0083400524088
            ],
            "99th": [
                80.48705718558244,
                89.12595370822308
            ],
            "mean": 84.93694159020353,
            "median": 84.96993987975952
        }
    },
    "Other": {
        "f1-score": {
            "90th": [
                0.8844258104387885,
                0.9171275920550196
            ],
            "95th": [
                0.881796521045095,
                0.9200376293508936
            ],
            "99th": [
                0.8738398784805536,
                0.9250938845636812
            ],
            "mean": 0.9007226264037163,
            "median": 0.9006686378818165
        },
        "precision": {
            "90th": [
                0.8396984416110099,
                0.8878326996197718
            ],
            "95th": [
                0.8345137264870361,
                0.8925333940497875
            ],
            "99th": [
                0.8223424492174491,
                0.9039453134710518
            ],
            "mean": 0.864347006693931,
            "median": 0.864376130198915
        },
        "producer_accuracy": {
            "90th": [
                83.96984416110098,
                88.78326996197718
            ],
            "95th": [
                83.45137264870363,
                89.25333940497875
            ],
            "99th": [
                82.23424492174492,
                90.39453134710517
            ],
            "mean": 86.43470066939312,
            "median": 86.4376130198915
        },
        "recall": {
            "90th": [
                0.9224937708343512,
                0.9573194365664587
            ],
            "95th": [
                0.9181636726546906,
                0.96
            ],
            "99th": [
                0.912620509236523,
                0.9649811040356666
            ],
            "mean": 0.9404786365011537,
            "median": 0.9406541616717203
        },
        "support": {
            "90th": [
                479.0,
                531.0
            ],
            "95th": [
                474.0,
                536.0
            ],
            "99th": [
                465.0,
                546.0049999999999
            ],
            "mean": 505.068,
            "median": 505.0
        },
        "user_accuracy": {
            "90th": [
                92.24937708343512,
                95.73194365664587
            ],
            "95th": [
                91.81636726546905,
                96.0
            ],
            "99th": [
                91.26205092365231,
                96.49811040356666
            ],
            "mean": 94.04786365011536,
            "median": 94.06541616717203
        }
    },
    "accuracy": {
        "90th": [
            0.879,
            0.912
        ],
        "95th": [
            0.876,
            0.915
        ],
        "99th": [
            0.869995,
            0.92
        ],
        "mean": 0.8953895,
        "median": 0.895
    },
    "cohen_kappa": {
        "90th": [
            0.7579058269455154,
            0.8233738854976079
        ],
        "95th": [
            0.752421265739949,
            0.8294011633224951
        ],
        "99th": [
            0.7384883563493969,
            0.8396155549936866
        ],
        "mean": 0.7904062449077244,
        "median": 0.7902313908519276
    },
    "macro avg": {
        "f1-score": {
            "90th": [
                0.8784510100639586,
                0.9115935412898888
            ],
            "95th": [
                0.8758996619664797,
                0.9145693440634237
            ],
            "99th": [
                0.8688869292979547,
                0.9196917523323326
            ],
            "mean": 0.8949803612933013,
            "median": 0.8949044647502646
        },
        "precision": {
            "90th": [
                0.8829083621793142,
                0.9146328264842873
            ],
            "95th": [
                0.8804918725825018,
                0.9180416414349966
            ],
            "99th": [
                0.8748934715462259,
                0.9223562946800791
            ],
            "mean": 0.8988047520948378,
            "median": 0.8987241568105215
        },
        "recall": {
            "90th": [
                0.8784684454806371,
                0.9112402505363179
            ],
            "95th": [
                0.8755670010150935,
                0.914016511386143
            ],
            "99th": [
                0.8689460897279028,
                0.9193020965892065
            ],
            "mean": 0.8949240262015945,
            "median": 0.8949158683262499
        }
    },
    "weighted avg": {
        "f1-score": {
            "90th": [
                0.8786789877419802,
                0.9117746973828937
            ],
            "95th": [
                0.8759213372376388,
                0.9147800415124152
            ],
            "99th": [
                0.8693678123946406,
                0.9198748861378515
            ],
            "mean": 0.8951317703930471,
            "median": 0.8949022743103374
        },
        "precision": {
            "90th": [
                0.8833381441129332,
                0.9142424025190918
            ],
            "95th": [
                0.8801352708539985,
                0.9172398574353461
            ],
            "99th": [
                0.8738588440162632,
                0.9218100543938023
            ],
            "mean": 0.8986333797503778,
            "median": 0.8985492229718577
        },