{
    "Mangrove": {
        "f1-score": {
            "90th": [
                0.7786781059656478,
                0.8272324420942877
            ],
            "95th": [
                0.773125402167995,
                0.8313641245972072
            ],
            "99th": [
                0.7614535723586106,
                0.8400907569580753
            ],
            "mean": 0.8030635730007969,
            "median": 0.8034744842562431
        },
        "precision": {
            "90th": [
                0.9222595531088082,
                0.9607355507648085
            ],
            "95th": [
                0.9177369878645288,
                0.964088751947868
            ],
            "99th": [
                0.9103244565217391,
                0.9700288637381845
            ],
            "mean": 0.9423510087564281,
            "median": 0.9429280397022333
        },
        "producer_accuracy": {
            "90th": [
                92.22595531088083,
                96.07355507648086
            ],
            "95th": [
                91.77369878645288,
                96.4088751947868
            ],
            "99th": [
                91.0324456521739,
                97.00288637381846
            ],
            "mean": 94.2351008756428,
            "median": 94.29280397022333
        },
        "recall": {
            "90th": [
                0.6666666666666666,
                0.7351274153535691
            ],
            "95th": [
                0.6578449905482041,
                0.7421734720303867
            ],
            "99th": [
                0.6428536888643273,
                0.7518967486753587
            ],
            "mean": 0.6999357541891611,
            "median": 0.7003929652275955
        },
        "support": {
            "90th": [
                495.0,
                546.0
            ],
            "95th": [
                489.975,
                550.0
            ],
            "99th": [
                479.985,
                558.0
            ],
            "mean": 519.9145,
            "median": 520.0
        },
        "user_accuracy": {
            "90th": [
                66.66666666666666,
                73.5127415353569
            ],
            "95th": [
                65.78449905482042,
                74.21734720303867
            ],
            "99th": [
                64.28536888643272,
                75.18967486753586
            ],
            "mean": 69.99357541891612,
            "median": 70.03929652275954
        }
    },
    "Other": {
        "f1-score": {
            "90th": [
                0.8171641791044776,
                0.8561350748996928
            ],
            "95th": [
                0.813037754422431,
                0.8604454845484547
            ],
            "99th": [
                0.8052658203833774,
                0.8664214255041522
            ],
            "mean": 0.8369064859276529,
            "median": 0.8366013071895424
        },
        "precision": {
            "90th": [
                0.7167946094946401,
                0.7759787434787435
            ],
            "95th": [
                0.7117834394904459,
                0.7804095081262166
            ],
            "99th": [
                0.700812759883324,
                0.7904632582040705
            ],
            "mean": 0.7458576023035073,
            "median": 0.7457627118644068
        },
        "producer_accuracy": {
            "90th": [
                71.679460949464,
                77.59787434787434
            ],
            "95th": [
                71.17834394904459,
                78.04095081262166
            ],
            "99th": [
                70.0812759883324,
                79.04632582040705
            ],
            "mean": 74.58576023035073,
            "median": 74.57627118644068
        },
        "recall": {
            "90th": [
                0.9373690527898819,
                0.9686847599164927
            ],
            "95th": [
                0.933618621553662,
                0.9711116838487973
            ],
            "99th": [
                0.9265019715944357,
                0.9766485717043041
            ],
            "mean": 0.953612944505537,
            "median": 0.9536842105263158
        },
        "support": {
            "90th": [
                454.0,
                505.0
            ],
            "95th": [
                450.0,
                510.02499999999986
            ],
            "99th": [
                442.0,
                520.0149999999996
            ],
            "mean": 480.0855,
            "median": 480.0
        },
        "user_accuracy": {
            "90th": [
                93.7369052789882,
                96.86847599164928
            ],
            "95th": [
                93.36186215536621,
                97.11116838487973
            ],
            "99th": [
                92.65019715944358,
                97.66485717043041
            ],
            "mean": 95.36129445055371,
            "median": 95.36842105263158
        }
    },
    "accuracy": {
        "90th": [
            0.80195,
            0.842
        ],
        "95th": [
            0.797,
            0.845
        ],
        "99th": [
            0.789,
            0.853
        ],
        "mean": 0.8217175,
        "median": 0.822
    },
    "cohen_kappa": {
        "90th": [
            0.6070793076903235,
            0.685246716431
        ],
        "95th": [
            0.599915250882293,
            0.6918574539012418
        ],
        "99th": [
            0.5802495053095961,
            0.7070554436018351
        ],
        "mean": 0.6464758398247509,
        "median": 0.6461442569644145
    },
    "macro avg": {
        "f1-score": {
            "90th": [
                0.7991033005108064,
                0.8404040404040403
            ],
            "95th": [
                0.7949878549179921,
                0.8437640168783836
            ],
            "99th": [
                0.7848521776063382,
                0.8517745079029614
            ],
            "mean": 0.8199850294642249,
            "median": 0.8199158422874416
        },
        "precision": {
            "90th": [
                0.8269079054969469,
                0.8613936292967871
            ],
            "95th": [
                0.8233308183090575,
                0.8647878772874147
            ],
            "99th": [
                0.8153134206283549,
                0.8711419135159719
            ],
            "mean": 0.8441043055299677,
            "median": 0.8441073864803122
        },
        "recall": {
            "90th": [
                0.8074741195859134,
                0.8455000805885188
            ],
            "95th": [
                0.8047216384993772,
                0.8484610894619826
            ],
            "99th": [
                0.795233939587596,
                0.8562649366898183
            ],
            "mean": 0.8267743493473492,
            "median": 0.8269637717936293
        }
    },
    "weighted avg": {
        "f1-score": {
            "90th": [
                0.7983107444765066,
                0.8402010861992749
            ],
            "95th": [
                0.794116201538505,
                0.8435785394843013
            ],
            "99th": [
                0.7846927162226559,
                0.8519031493342222
            ],
            "mean": 0.8194431743652842,
            "median": 0.8194221273005616
        },
        "precision": {
            "90th": [
                0.8317475323781577,
                0.8636086977161445
            ],
            "95th": [
                0.8285076026769523,
                0.8668380718428073
            ],
            "99th": [
                0.8212301489763851,
                0.8724923583656753
            ],
            "mean": 0.8482537465139434,
            "median": 0.848429201819054
        },