{
    "Mangrove": {
        "f1-score": {
            "90th": [
                0.9397579016631498,
                0.9624082439299831
            ],
            "95th": [
                0.9375556599317485,
                0.9647759476697831
            ],
            "99th": [
                0.9327964310426309,
                0.9685201470314535
            ],
            "mean": 0.9513284053525317,
            "median": 0.9515586695819254
        },
        "precision": {
            "90th": [
                0.9535761874059746,
                0.9799216907711004
            ],
            "95th": [
                0.9507179770684747,
                0.9819639278557114
            ],
            "99th": [
                0.9456740442655935,
                0.9865127829614754
            ],
            "mean": 0.9673454541587718,
            "median": 0.967479674796748
        },
        "producer_accuracy": {
            "90th": [
                95.35761874059746,
                97.99216907711003
            ],
            "95th": [
                95.07179770684748,
                98.19639278557113
            ],
            "99th": [
                94.56740442655935,
                98.65127829614755
            ],
            "mean": 96.73454541587718,
            "median": 96.7479674796748
        },
        "recall": {
            "90th": [
                0.9181636726546906,
                0.9532728462853195
            ],
            "95th": [
                0.9146800595238095,
                0.9564357373237323
            ],
            "99th": [
                0.9049500144189176,
                0.9631817947357562
            ],
            "mean": 0.9359212986254158,
            "median": 0.936046511627907
        },
        "support": {
            "90th": [
                491.0,
                543.0
            ],
            "95th": [
                486.0,
                547.0249999999999
            ],
            "99th": [
                476.99,
                557.0
            ],
            "mean": 516.8405,
            "median": 517.0
        },
        "user_accuracy": {
            "90th": [
                91.81636726546905,
                95.32728462853194
            ],
            "95th": [
                91.46800595238095,
                95.64357373237323
            ],
            "99th": [
                90.49500144189177,
                96.31817947357561
            ],
            "mean": 93.59212986254157,
            "median": 93.6046511627907
        }
    },
    "Other": {
        "f1-score": {
            "90th": [
                0.9374305120467925,
                0.9611476360528645
            ],
            "95th": [
                0.9346332715858804,
                0.963402571711177
            ],
            "99th": [
                0.9302804655462054,
                0.968689759150822
            ],
            "mean": 0.9496459199564415,
            "median": 0.9497486421624353
        },
        "precision": {
            "90th": [
                0.9149797570850202,
                0.9519841336116911
            ],
            "95th": [
                0.9112404640813732,
                0.9557344064386318
            ],
            "99th": [
                0.9042521148423481,
                0.9610901691415866
            ],
            "mean": 0.9337481402925798,
            "median": 0.934
        },
        "producer_accuracy": {
            "90th": [
                91.49797570850203,
                95.1984133611691
            ],
            "95th": [
                91.12404640813732,
                95.57344064386318
            ],
            "99th": [
                90.42521148423482,
                96.10901691415866
            ],
            "mean": 93.37481402925798,
            "median": 93.4
        },
        "recall": {
            "90th": [
                0.9520783315935978,
                0.9794993278315098
            ],
            "95th": [
                0.9487678619517286,
                0.9816728439852569
            ],
            "99th": [
                0.9438430119138856,
                0.9855371900826446
            ],
            "mean": 0.9661952589539065,
            "median": 0.9664570230607966
        },
        "support": {
            "90th": [
                457.0,
                509.0
            ],
            "95th": [
                452.975,
                514.0
            ],
            "99th": [
                443.0,
                523.0099999999998
            ],
            "mean": 483.1595,
            "median": 483.0
        },
        "user_accuracy": {
            "90th": [
                95.20783315935978,
                97.94993278315098
            ],
            "95th": [
                94.87678619517285,
                98.1672843985257
            ],
            "99th": [
                94.38430119138856,
                98.55371900826447
            ],
            "mean": 96.61952589539067,
            "median": 96.64570230607966
        }
    },
    "accuracy": {
        "90th": [
            0.939,
            0.962
        ],
        "95th": [
            0.937,
            0.964
        ],
        "99th": [
            0.932995,
            0.9680049999999999
        ],
        "mean": 0.9505485,
        "median": 0.951
    },
    "cohen_kappa": {
        "90th": [
            0.8778812516841703,
            0.9236524045920935
        ],
        "95th": [
            0.8735340233576946,
            0.927985107316148
        ],
        "99th": [
            0.8658181666520746,
            0.9360173576014434
        ],
        "mean": 0.9010082242610774,
        "median": 0.9017638401946251
    },
    "macro avg": {
        "f1-score": {
            "90th": [
                0.9389237884990398,
                0.9618134125576223
            ],
            "95th": [
                0.9367485500845375,
                0.9639827116791237
            ],
            "99th": [
                0.9328934426344342,
                0.9680040755237804
            ],
            "mean": 0.9504871626544866,
            "median": 0.9508722186406844
        },
        "precision": {
            "90th": [
                0.9389488580863148,
                0.9614115466525756
            ],
            "95th": [
                0.9363906192132967,
                0.9639457125300043
            ],
            "99th": [
                0.9327420741328633,
                0.9687986992740905
            ],
            "mean": 0.9505467972256758,
            "median": 0.9505870007621596
        },
        "recall": {
            "90th": [
                0.9393164088565447,
                0.9621067813366151
            ],
            "95th": [
                0.9374024806054371,
                0.9642406942454069
            ],
            "99th": [
                0.9333691894387953,
                0.9681442251276092
            ],
            "mean": 0.951058278789661,
            "median": 0.9511912424727315
        }
    },
    "weighted avg": {
        "f1-score": {
            "90th": [
                0.9389918011982586,
                0.9619959681959048
            ],
            "95th": [
                0.9369780552106406,
                0.9640026360346323
            ],
            "99th": [
                0.9329435968926503,
                0.968004989924748
            ],
            "mean": 0.9505628531455936,
            "median": 0.9509892679042928
        },
        "precision": {
            "90th": [
                0.9396212569185587,
                0.9620894205111672
            ],
            "95th": [
                0.9376947307201352,
                0.9643842998168739
            ],
            "99th": [
                0.9335549917856732,
                0.9689097078223833
            ],
            "mean": 0.951205957785354,
            "median": 0.9513186382589027
        },