{
    "Mangrove": {
        "f1-score": 0.9575642245480495,
        "precision": 0.9734581753462819,
        "recall": 0.9421809466746555,
        "support": 13352
    },
    "Other": {
        "f1-score": 0.9561455260570305,
        "precision": 0.9402800340372863,
        "recall": 0.9725556088974235,
        "support": 12498
    },
    "accuracy": 0.9568665377176016,
    "accuracy_conf_interval": [
        0.002072270372808275,
        0.0024766158114050115,
        0.0029441402247824882,
        0.0032600350986861887
    ],
    "cls_confidence_intervals": {
        "Mangrove": [
            0.00231892238081457,
            0.0027713950404857058,
            0.0032945665532304563,
            0.0036480608185985313
        ],
        "Other": [
            0.0034180889207220296,
            0.0040850331003751085,
            0.004856187308098981,
            0.005377237448452949
        ]
    },
    "cohen_kappa": 0.9137335164354805,
    "confusion_matrix": [
        [
            12580,
            772
        ],
        [
            343,
            12155
        ]
    ],
    "macro avg": {
        "f1-score": 0.95685487530254,
        "precision": 0.9568691046917841,
        "recall": 0.9573682777860395,
        "support": 25850
    },
    "producer_accuracy": [
        97.34581753462818,
        94.02800340372863
    ],
    "user_accuracy": [
        94.21809466746555,
        97.25556088974236
    ],
    "weighted avg": {
        "f1-score": 0.9568783098965695,
        "precision": 0.9574171536797509,
        "recall": 0.9568665377176016,
        "support": 25850
    }
}