{
    "Mangrove": {
        "f1-score": 0.8903081961121305,
        "precision": 0.9451183431952662,
        "recall": 0.8415067831584493,
        "support": 22777
    },
    "Other": {
        "f1-score": 0.9008668639674244,
        "precision": 0.856003191065018,
        "recall": 0.9506933061622292,
        "support": 22573
    },
    "accuracy": 0.8958544652701212,
    "accuracy_conf_interval": [
        0.002352308407425186,
        0.002811295413752052,
        0.0033419991398174905,
        0.0037005827385103544
    ],
    "cls_confidence_intervals": {
        "Mangrove": [
            0.0026228084588747324,
            0.0031345759630454118,
            0.00372630713974276,
            0.004126125502376104
        ],
        "Other": [
            0.003636476680047886,
            0.0043460331054230835,
            0.005166457722263156,
            0.005720798679587529
        ]
    },
    "cohen_kappa": 0.7918078485685598,
    "confusion_matrix": [
        [
            19167,
            3610
        ],
        [
            1113,
            21460
        ]
    ],
    "macro avg": {
        "f1-score": 0.8955875300397775,
        "precision": 0.9005607671301421,
        "recall": 0.8961000446603393,
        "support": 45350
    },
    "producer_accuracy": [
        94.51183431952663,
        85.6003191065018
    ],
    "user_accuracy": [
        84.15067831584493,
        95.06933061622293
    ],
    "weighted avg": {
        "f1-score": 0.8955637817680853,
        "precision": 0.9007612025329489,
        "recall": 0.8958544652701212,
        "support": 45350
    }
}