{
    "Mangrove": {
        "f1-score": {
            "90th": [
                0.8541666666666667,
                0.8918063176377236
            ],
            "95th": [
                0.8506931781280445,
                0.8950079548810578
            ],
            "99th": [
                0.8444895693597472,
                0.9006095252564239
            ],
            "mean": 0.8731868228938956,
            "median": 0.8733905579399142
        },
        "precision": {
            "90th": [
                0.9349397590361446,
                0.9687534799554566
            ],
            "95th": [
                0.9311827956989247,
                0.9720946419899638
            ],
            "99th": [
                0.9238318147693148,
                0.9776127694859038
            ],
            "mean": 0.9525235700483424,
            "median": 0.9525959367945824
        },
        "producer_accuracy": {
            "90th": [
                93.49397590361446,
                96.87534799554565
            ],
            "95th": [
                93.11827956989247,
                97.20946419899637
            ],
            "99th": [
                92.38318147693148,
                97.76127694859039
            ],
            "mean": 95.25235700483425,
            "median": 95.25959367945825
        },
        "recall": {
            "90th": [
                0.7779960707269156,
                0.8346176831136991
            ],
            "95th": [
                0.7729083665338645,
                0.8405073924731182
            ],
            "99th": [
                0.761638155267705,
                0.8505059633664742
            ],
            "mean": 0.8062453010205476,
            "median": 0.806419419226064
        },
        "support": {
            "90th": [
                490.0,
                542.0
            ],
            "95th": [
                485.0,
                547.0
            ],
            "99th": [
                474.0,
                558.0
            ],
            "mean": 516.1165,
            "median": 516.0
        },
        "user_accuracy": {
            "90th": [
                77.79960707269156,
                83.46176831136991
            ],
            "95th": [
                77.29083665338645,
                84.05073924731181
            ],
            "99th": [
                76.16381552677048,
                85.05059633664742
            ],
            "mean": 80.62453010205476,
            "median": 80.6419419226064
        }
    },
    "Other": {
        "f1-score": {
            "90th": [
                0.8674229206320433,
                0.9010608766797061
            ],
            "95th": [
                0.8639478744650213,
                0.9043176111908179
            ],
            "99th": [
                0.8574248422245954,
                0.9097642406549715
            ],
            "mean": 0.8845952560093917,
            "median": 0.8846153846153847
        },
        "precision": {
            "90th": [
                0.7963538169147926,
                0.848591878373042
            ],
            "95th": [
                0.7902076318742985,
                0.8535273508137432
            ],
            "99th": [
                0.7818169407384424,
                0.862569208986337
            ],
            "mean": 0.8224254708646337,
            "median": 0.8226942767151133
        },
        "producer_accuracy": {
            "90th": [
                79.63538169147925,
                84.85918783730419
            ],
            "95th": [
                79.02076318742986,
                85.35273508137432
            ],
            "99th": [
                78.18169407384426,
                86.25692089863371
            ],
            "mean": 82.24254708646336,
            "median": 82.26942767151132
        },
        "recall": {
            "90th": [
                0.941629773441752,
                0.9715447154471545
            ],
            "95th": [
                0.9376187865497077,
                0.9747394902350215
            ],
            "99th": [
                0.932017030608436,
                0.9793901964598325
            ],
            "mean": 0.957162113107382,
            "median": 0.9574036511156186
        },
        "support": {
            "90th": [
                458.0,
                510.0
            ],
            "95th": [
                453.0,
                515.0
            ],
            "99th": [
                442.0,
                526.0
            ],
            "mean": 483.8835,
            "median": 484.0
        },
        "user_accuracy": {
            "90th": [
                94.16297734417519,
                97.15447154471545
            ],
            "95th": [
                93.76187865497076,
                97.47394902350214
            ],
            "99th": [
                93.20170306084358,
                97.93901964598325
            ],
            "mean": 95.71621131073819,
            "median": 95.74036511156187
        }
    },
    "accuracy": {
        "90th": [
            0.86295,
            0.896
        ],
        "95th": [
            0.859,
            0.899
        ],
        "99th": [
            0.854995,
            0.905
        ],
        "mean": 0.879267,
        "median": 0.879
    },
    "cohen_kappa": {
        "90th": [
            0.7263088584699475,
            0.7920061531573309
        ],
        "95th": [
            0.7200808624679415,
            0.7984210976916786
        ],
        "99th": [
            0.7104781732381086,
            0.8098933634906996
        ],
        "mean": 0.7593465730013838,
        "median": 0.7592106886231028
    },
    "macro avg": {
        "f1-score": {
            "90th": [
                0.8619546204162886,
                0.8956278273805308
            ],
            "95th": [
                0.8588804432997734,
                0.8986946246314023
            ],
            "99th": [
                0.8538480088056186,
                0.9044924343298917
            ],
            "mean": 0.8788910394516437,
            "median": 0.8788908802467162
        },
        "precision": {
            "90th": [
                0.8718573106810783,
                0.9023226359759191
            ],
            "95th": [
                0.8692220963492747,
                0.9059269281820586
            ],
            "99th": [
                0.8635794983068056,
                0.911382017822875
            ],
            "mean": 0.8874745204564881,
            "median": 0.887406112656489
        },
        "recall": {
            "90th": [
                0.8652870807596074,
                0.897695402499533
            ],
            "95th": [
                0.8628267091758419,
                0.9005444086506542
            ],
            "99th": [
                0.8571924810964869,
                0.9058957369139251
            ],
            "mean": 0.8817037070639646,
            "median": 0.8817564368461013
        }
    },
    "weighted avg": {
        "f1-score": {
            "90th": [
                0.861873641976111,
                0.8956381235066122
            ],
            "95th": [
                0.858630380004269,
                0.8986053871071769
            ],
            "99th": [
                0.8535681573230445,
                0.9045199968571049
            ],
            "mean": 0.8788131414472271,
            "median": 0.8787701859556429
        },
        "precision": {
            "90th": [
                0.8751891836509825,
                0.9036922362373914
            ],
            "95th": [
                0.8725484223859005,
                0.9067737798309339
            ],
            "99th": [
                0.8674446329967275,
                0.9118967887882851
            ],
            "mean": 0.8897717235020465,
            "median": 0.8895669536188482
        },