{
    "eta": {
        "lqrt": 0.23608909002688788,
        "max": 0.48850443993009146,
        "mean": 0.2706182695259703,
        "median": 0.29929203381743374,
        "min": 0.08346194772879496,
        "mode": 0.29929203381743374,
        "mqrt": 0.29929203381743374,
        "uqrt": 0.29929203381743374
    },
    "gamma": {
        "lqrt": 0.0,
        "max": 4.0,
        "mean": 1.48,
        "median": 0.0,
        "min": 0.0,
        "mode": 0.0,
        "mqrt": 0.0,
        "uqrt": 4.0
    },
    "max_delta_step": {
        "lqrt": 6.0,
        "max": 10.0,
        "mean": 6.09,
        "median": 7.0,
        "min": 0.0,
        "mode": 7.0,
        "mqrt": 7.0,
        "uqrt": 7.0
    },
    "max_depth": {
        "lqrt": 13.0,
        "max": 20.0,
        "mean": 14.56,
        "median": 13.0,
        "min": 8.0,
        "mode": 13.0,
        "mqrt": 13.0,
        "uqrt": 16.0
    },
    "min_child_weight": {
        "lqrt": 10.0,
        "max": 10.0,
        "mean": 8.33,
        "median": 10.0,
        "min": 1.0,
        "mode": 10.0,
        "mqrt": 10.0,
        "uqrt": 10.0
    },
    "num_boost_round": {
        "lqrt": 100.0,
        "max": 100.0,
        "mean": 99.04,
        "median": 100.0,
        "min": 68.0,
        "mode": 100.0,
        "mqrt": 100.0,
        "uqrt": 100.0
    },
    "subsample": {
        "lqrt": 0.817529436801782,
        "max": 1.0,
        "mean": 0.885796291984164,
        "median": 0.8393671407163306,
        "min": 0.751980205491736,
        "mode": 0.817529436801782,
        "mqrt": 0.8393671407163306,
        "uqrt": 1.0
    }
}