{
    "Mangrove": {
        "f1-score": {
            "max": 0.9975062344139651,
            "mean": 0.9571593719283403,
            "median": 0.9575357590687661,
            "min": 0.8872987477638641,
            "percentile_1": 0.8919967130069562,
            "percentile_10": 0.920121989580556,
            "percentile_20": 0.9457754670016517,
            "percentile_30": 0.9481272263298687,
            "percentile_40": 0.9559591014347689,
            "percentile_5": 0.9107885739793243,
            "percentile_50": 0.9575357590687661,
            "percentile_60": 0.967928293590394,
            "percentile_70": 0.9756627133707211,
            "percentile_80": 0.9795897593646443,
            "percentile_90": 0.9851120431070756,
            "percentile_95": 0.989692713125367,
            "percentile_99": 0.9959435301562455,
            "values": [
                0.9680365296803654,
                0.9575551782682512,
                0.9475691134413727,
                0.9765100671140939,
                0.957516339869281,
                0.9679012345679012,
                0.9456521739130436,
                0.9223454833597465,
                0.9975062344139651,
                0.9815126050420168,
                0.956661316211878,
                0.983739837398374,
                0.9531502423263327,
                0.9149338374291115,
                0.8872987477638641,
                0.9459604066345638,
                0.9767054908485857,
                0.9883138564273791
            ]
        },
        "precision": {
            "max": 1.0,
            "mean": 0.9760027664230564,
            "median": 0.9783333333333333,
            "min": 0.94,
            "percentile_1": 0.9403777777777778,
            "percentile_10": 0.9593333333333334,
            "percentile_20": 0.968,
            "percentile_30": 0.97,
            "percentile_40": 0.9726666666666667,
            "percentile_5": 0.9418888888888889,
            "percentile_50": 0.9783333333333333,
            "percentile_60": 0.9817287253808993,
            "percentile_70": 0.9832222222222222,
            "percentile_80": 0.9898666666666667,
            "percentile_90": 0.9935333333333333,
            "percentile_95": 0.9949,
            "percentile_99": 0.99898,
            "values": [
                0.9422222222222222,
                0.94,
                0.994,
                0.97,
                0.9766666666666667,
                0.98,
                0.9666666666666667,
                0.97,
                1.0,
                0.9733333333333334,
                0.9933333333333333,
                0.968,
                0.9833333333333333,
                0.968,
                0.992,
                0.9822222222222222,
                0.9816053511705686,
                0.9866666666666667
            ]
        },
        "recall": {
            "max": 1.0,
            "mean": 0.9408697352016632,
            "median": 0.9476000625390869,
            "min": 0.8025889967637541,
            "percentile_1": 0.8136040644465323,
            "percentile_10": 0.8756229087483351,
            "percentile_20": 0.9080816796088582,
            "percentile_30": 0.9228170463037549,
            "percentile_40": 0.9253785099713199,
            "percentile_5": 0.8576643351776455,
            "percentile_50": 0.9476000625390869,
            "percentile_60": 0.9726391530511699,
            "percentile_70": 0.9823751519685776,
            "percentile_80": 0.9899121365001984,
            "percentile_90": 0.995108962231098,
            "percentile_95": 0.9960093896713615,
            "percentile_99": 0.9992018779342723,
            "values": [
                0.9953051643192489,
                0.9757785467128027,
                0.9052823315118397,
                0.9831081081081081,
                0.9391025641025641,
                0.9560975609756097,
                0.925531914893617,
                0.879154078549849,
                0.9950248756218906,
                0.9898305084745763,
                0.9226006191950464,
                1.0,
                0.9247648902821317,
                0.8673835125448028,
                0.8025889967637541,
                0.9122807017543859,
                0.9718543046357616,
                0.9899665551839465
            ]
        }
    },
    "Other": {
        "f1-score": {
            "max": 0.9974937343358395,
            "mean": 0.953488602152756,
            "median": 0.9574328913234689,
            "min": 0.8571428571428572,
            "percentile_1": 0.865186533212011,
            "percentile_10": 0.9110563845387484,
            "percentile_20": 0.9418577908504593,
            "percentile_30": 0.9438722422156156,
            "percentile_40": 0.9525822030384474,
            "percentile_5": 0.8973612374886261,
            "percentile_50": 0.9574328913234689,
            "percentile_60": 0.9676102800153432,
            "percentile_70": 0.9759346385389791,
            "percentile_80": 0.979819385912101,
            "percentile_90": 0.9854822015800436,
            "percentile_95": 0.9897238937610248,
            "percentile_99": 0.9959397662208765,
            "values": [
                0.9696969696969697,
                0.9590834697217676,
                0.9421661409043112,
                0.9768211920529801,
                0.95578231292517,
                0.9670886075949366,
                0.9431818181818181,
                0.913884007029877,
                0.9974937343358395,
                0.9818181818181817,
                0.953206239168111,
                0.9842519685039369,
                0.9500860585197934,
                0.9044585987261147,
                0.8571428571428572,
                0.9416522241478913,
                0.9766277128547579,
                0.9883527454242927
            ]
        },
        "precision": {
            "max": 1.0,
            "mean": 0.934949673926418,
            "median": 0.9458333333333333,
            "min": 0.756,
            "percentile_1": 0.77232,
            "percentile_10": 0.8622666666666667,
            "percentile_20": 0.8998222222222222,
            "percentile_30": 0.9169999999999999,
            "percentile_40": 0.9217777777777778,
            "percentile_5": 0.8376,
            "percentile_50": 0.9458333333333333,
            "percentile_60": 0.9727419712070875,
            "percentile_70": 0.9826666666666666,
            "percentile_80": 0.99,
            "percentile_90": 0.9951666666666666,
            "percentile_95": 0.9962222222222222,
            "percentile_99": 0.9992444444444444,
            "values": [
                0.9955555555555555,
                0.9766666666666667,
                0.896,
                0.9833333333333333,
                0.9366666666666666,
                0.955,
                0.9222222222222223,
                0.8666666666666667,
                0.995,
                0.99,
                0.9166666666666666,
                1.0,
                0.92,
                0.852,
                0.756,
                0.9055555555555556,
                0.9717607973421927,
                0.99
            ]
        },
        "recall": {
            "max": 1.0,
            "mean": 0.9754407043499707,
            "median": 0.9775908119658119,
            "min": 0.9421221864951769,
            "percentile_1": 0.9426365202762289,
            "percentile_10": 0.9582049372816313,
            "percentile_20": 0.9656868678136077,
            "percentile_30": 0.9691324969400245,
            "percentile_40": 0.973095340811044,
            "percentile_5": 0.9446938554004368,
            "percentile_50": 0.9775908119658119,
            "percentile_60": 0.9809055960716853,
            "percentile_70": 0.9821401275406625,
            "percentile_80": 0.9884016628689708,
            "percentile_90": 0.9929502829652518,
            "percentile_95": 0.9943458980044346,
            "percentile_99": 0.998869179600887,