{
    "Mangrove": {
        "f1-score": {
            "90th": [
                0.9896694214876033,
                0.9979716024340771
            ],
            "95th": [
                0.9886472585638669,
                0.998066227202324
            ],
            "99th": [
                0.9867922316465679,
                0.999012862231617
            ],
            "mean": 0.9940354767048549,
            "median": 0.994059405940594
        },
        "precision": {
            "90th": [
                0.9823182711198428,
                0.9961013645224172
            ],
            "95th": [
                0.9803873034362259,
                0.9979716024340771
            ],
            "99th": [
                0.9768418233082706,
                1.0
            ],
            "mean": 0.9900501220627925,
            "median": 0.9901380670611439
        },
        "producer_accuracy": {
            "90th": [
                98.23182711198429,
                99.61013645224172
            ],
            "95th": [
                98.03873034362259,
                99.79716024340772
            ],
            "99th": [
                97.68418233082706,
                100.0
            ],
            "mean": 99.00501220627926,
            "median": 99.0138067061144
        },
        "recall": {
            "90th": [
                0.9940476190476191,
                1.0
            ],
            "95th": [
                0.993801652892562,
                1.0
            ],
            "99th": [
                0.9917349307829583,
                1.0
            ],
            "mean": 0.9980646298099594,
            "median": 0.9980119284294234
        },
        "support": {
            "90th": [
                470.0,
                522.0
            ],
            "95th": [
                465.0,
                525.0
            ],
            "99th": [
                457.99,
                533.0049999999999
            ],
            "mean": 496.1785,
            "median": 496.0
        },
        "user_accuracy": {
            "90th": [
                99.40476190476191,
                100.0
            ],
            "95th": [
                99.3801652892562,
                100.0
            ],
            "99th": [
                99.17349307829582,
                100.0
            ],
            "mean": 99.80646298099593,
            "median": 99.80119284294234
        }
    },
    "Other": {
        "f1-score": {
            "90th": [
                0.9898785425101215,
                0.99800796812749
            ],
            "95th": [
                0.9887640449438202,
                0.9981025566384912
            ],
            "99th": [
                0.9868412280701755,
                0.9990485342499298
            ],
            "mean": 0.9940737572006045,
            "median": 0.9941176470588236
        },
        "precision": {
            "90th": [
                0.9941060903732809,
                1.0
            ],
            "95th": [
                0.9938775510204082,
                1.0
            ],
            "99th": [
                0.9917695473251029,
                1.0
            ],
            "mean": 0.9980794290598676,
            "median": 0.9980237154150198
        },
        "producer_accuracy": {
            "90th": [
                99.41060903732809,
                100.0
            ],
            "95th": [
                99.38775510204081,
                100.0
            ],
            "99th": [
                99.1769547325103,
                100.0
            ],
            "mean": 99.80794290598675,
            "median": 99.80237154150198
        },
        "recall": {
            "90th": [
                0.9823874755381604,
                0.9961832061068703
            ],
            "95th": [
                0.9810553675048356,
                0.9980041904263044
            ],
            "99th": [
                0.977365552232702,
                1.0
            ],
            "mean": 0.9901113694148522,
            "median": 0.9901960784313726
        },
        "support": {
            "90th": [
                478.0,
                530.0
            ],
            "95th": [
                475.0,
                535.0
            ],
            "99th": [
                466.995,
                542.0099999999998
            ],
            "mean": 503.8215,
            "median": 504.0
        },
        "user_accuracy": {
            "90th": [
                98.23874755381604,
                99.61832061068702
            ],
            "95th": [
                98.10553675048357,
                99.80041904263044
            ],
            "99th": [
                97.7365552232702,
                100.0
            ],
            "mean": 99.01113694148522,
            "median": 99.01960784313727
        }
    },
    "accuracy": {
        "90th": [
            0.99,
            0.998
        ],
        "95th": [
            0.989,
            0.998
        ],
        "99th": [
            0.987,
            0.999
        ],
        "mean": 0.9940605,
        "median": 0.994
    },
    "cohen_kappa": {
        "90th": [
            0.979969068209495,
            0.9959973101924493
        ],
        "95th": [
            0.9779597898404472,
            0.995999951999424
        ],
        "99th": [
            0.9739606096908008,
            0.9979999039953917
        ],
        "mean": 0.9881095709516863,
        "median": 0.9879989199023591
    },
    "macro avg": {
        "f1-score": {
            "90th": [
                0.9899838920824282,
                0.9979986470854298
            ],
            "95th": [
                0.9889796233235252,
                0.997999967999488
            ],
            "99th": [
                0.9869781102032517,
                0.9989999509975989
            ],
            "mean": 0.9940546169527297,
            "median": 0.993999399939994
        },
        "precision": {
            "90th": [
                0.9898518275806077,
                0.9979879275653923
            ],
            "95th": [
                0.9887965434911655,
                0.998062015503876
            ],
            "99th": [
                0.9869644323471758,
                0.9990196269914215
            ],
            "mean": 0.9940647755613302,
            "median": 0.9940586606229334
        },
        "recall": {
            "90th": [
                0.9899636386909929,
                0.9979994938716074
            ],
            "95th": [
                0.9889170938156866,
                0.9981060606060606
            ],
            "99th": [
                0.9868525509256579,
                0.9990494296577948
            ],
            "mean": 0.9940879996124058,
            "median": 0.9940925973360656
        }
    },
    "weighted avg": {
        "f1-score": {
            "90th": [
                0.9899992798963051,
                0.998
            ],
            "95th": [
                0.9889987083746904,
                0.9980002166316981
            ],
            "99th": [
                0.9869974536255237,
                0.9990000511329968
            ],
            "mean": 0.9940605811514927,
            "median": 0.9940004566594163
        },
        "precision": {
            "90th": [
                0.990067526032591,
                0.998007874015748
            ],
            "95th": [
                0.9890887779152344,
                0.9980084388185654
            ],
            "99th": [
                0.9871513054546149,
                0.9990021052631579
            ],
            "mean": 0.994104111669594,
            "median": 0.9940707965286264
        },
        "recall": {
            "90th": [
                0.99,
                0.998
            ],
            "95th": [
                0.989,
                0.998
            ],