{
    "Mangrove": {
        "f1-score": {
            "90th": [
                0.9425287356321839,
                0.9709451215073021
            ],
            "95th": [
                0.9399647855311565,
                0.9732638146167557
            ],
            "99th": [
                0.9355366420030866,
                0.9776393005847683
            ],
            "mean": 0.9574362255127986,
            "median": 0.9575551782682513
        },
        "precision": {
            "90th": [
                0.9161062092270146,
                0.9614040728831725
            ],
            "95th": [
                0.910651498600396,
                0.9655199353448276
            ],
            "99th": [
                0.9036540697674419,
                0.9734223669446217
            ],
            "mean": 0.9396746074907208,
            "median": 0.9401993355481728
        },
        "producer_accuracy": {
            "90th": [
                91.61062092270146,
                96.14040728831726
            ],
            "95th": [
                91.0651498600396,
                96.55199353448276
            ],
            "99th": [
                90.36540697674418,
                97.34223669446217
            ],
            "mean": 93.96746074907207,
            "median": 94.01993355481729
        },
        "recall": {
            "90th": [
                0.9601443256776928,
                0.9896907216494846
            ],
            "95th": [
                0.9569853794383848,
                0.992727931488801
            ],
            "99th": [
                0.95,
                0.9961552833287709
            ],
            "mean": 0.9760227264602395,
            "median": 0.9764309764309764
        },
        "support": {
            "90th": [
                269.0,
                309.0
            ],
            "95th": [
                265.975,
                313.0
            ],
            "99th": [
                257.0,
                323.0
            ],
            "mean": 288.981,
            "median": 289.0
        },
        "user_accuracy": {
            "90th": [
                96.01443256776928,
                98.96907216494846
            ],
            "95th": [
                95.69853794383849,
                99.2727931488801
            ],
            "99th": [
                95.0,
                99.61552833287708
            ],
            "mean": 97.60227264602393,
            "median": 97.64309764309765
        }
    },
    "Other": {
        "f1-score": {
            "90th": [
                0.9451612903225807,
                0.9722675367047309
            ],
            "95th": [
                0.9415645328420932,
                0.9743610223642171
            ],
            "99th": [
                0.9354268117047052,
                0.9790952676390265
            ],
            "mean": 0.958925951454573,
            "median": 0.9590443686006825
        },
        "precision": {
            "90th": [
                0.9616724738675958,
                0.9900662251655629
            ],
            "95th": [
                0.9578947368421052,
                0.9930319638017808
            ],
            "99th": [
                0.9516117831541219,
                0.9964031954648296
            ],
            "mean": 0.9768739671859175,
            "median": 0.9773462783171522
        },
        "producer_accuracy": {
            "90th": [
                96.16724738675958,
                99.00662251655629
            ],
            "95th": [
                95.78947368421052,
                99.3031963801781
            ],
            "99th": [
                95.1611783154122,
                99.64031954648296
            ],
            "mean": 97.68739671859174,
            "median": 97.73462783171522
        },
        "recall": {
            "90th": [
                0.918994517943116,
                0.962968660968661
            ],
            "95th": [
                0.9147491699522722,
                0.9666694352159468
            ],
            "99th": [
                0.9038414861837192,
                0.9728818140174073
            ],
            "mean": 0.9417481101302503,
            "median": 0.9419354838709677
        },
        "support": {
            "90th": [
                291.0,
                331.0
            ],
            "95th": [
                287.0,
                334.02499999999986
            ],
            "99th": [
                277.0,
                343.0
            ],
            "mean": 311.019,
            "median": 311.0
        },
        "user_accuracy": {
            "90th": [
                91.89945179431162,
                96.2968660968661
            ],
            "95th": [
                91.47491699522722,
                96.66694352159469
            ],
            "99th": [
                90.38414861837192,
                97.28818140174072
            ],
            "mean": 94.17481101302502,
            "median": 94.19354838709677
        }
    },
    "accuracy": {
        "90th": [
            0.945,
            0.9716666666666667
        ],
        "95th": [
            0.9416666666666667,
            0.9733333333333334
        ],
        "99th": [
            0.9366583333333334,
            0.9783333333333334
        ],
        "mean": 0.9582625,
        "median": 0.9583333333333334
    },
    "cohen_kappa": {
        "90th": [
            0.8892856462583717,
            0.9432578662834963
        ],
        "95th": [
            0.883302149072875,
            0.9466573761325472
        ],
        "99th": [
            0.8732460727967775,
            0.9565716008552148
        ],
        "mean": 0.9163993117537311,
        "median": 0.9166388796265421
    },
    "macro avg": {
        "f1-score": {
            "90th": [
                0.9446291684186218,
                0.9716249711381446
            ],
            "95th": [
                0.9416299259028019,
                0.9733259905647886
            ],
            "99th": [
                0.9365882143589103,
                0.9782828379956507
            ],
            "mean": 0.9581810884836858,
            "median": 0.9582998573855124
        },
        "precision": {
            "90th": [
                0.9442773996273479,
                0.9714097169848769
            ],
            "95th": [
                0.9417600293506881,
                0.973508980658458
            ],
            "99th": [
                0.9368328415351441,
                0.977878260283965
            ],
            "mean": 0.9582742873383192,
            "median": 0.9583295870047353
        },
        "recall": {
            "90th": [
                0.945327746756549,
                0.9718887555022009
            ],
            "95th": [
                0.9423611089573641,
                0.9739585430085883
            ],
            "99th": [
                0.9368312243423149,
                0.9788651985311372
            ],
            "mean": 0.9588854182952448,
            "median": 0.958932611506141
        }
    },
    "weighted avg": {
        "f1-score": {
            "90th": [
                0.944951355610623,
                0.971670289261351
            ],
            "95th": [
                0.9416645439755851,
                0.973344067534485
            ],
            "99th": [
                0.9366048731427075,
                0.9783455833364982
            ],
            "mean": 0.9582767179415055,
            "median": 0.9583447948823034
        },
        "precision": {
            "90th": [
                0.9457638052624715,
                0.9719323043415452
            ],
            "95th": [
                0.9428531071834849,
                0.9737110591946913
            ],
            "99th": [
                0.9374155037120694,
                0.9785940540384681
            ],
            "mean": 0.959084785223705,