{
    "Mangrove": {
        "f1-score": {
            "90th": [
                0.9755035705652143,
                0.9893846982251185
            ],
            "95th": [
                0.9743049462151625,
                0.9905600369048044
            ],
            "99th": [
                0.9719611915378821,
                0.9924111686221524
            ],
            "mean": 0.9828341478014655,
            "median": 0.9830845771144279
        },
        "precision": {
            "90th": [
                0.9595114345114345,
                0.984
            ],
            "95th": [
                0.9567898202721385,
                0.9858870967741935
            ],
            "99th": [
                0.9520138296187876,
                0.9888688671303524
            ],
            "mean": 0.9721256868142603,
            "median": 0.9723067328518334
        },
        "producer_accuracy": {
            "90th": [
                95.95114345114345,
                98.4
            ],
            "95th": [
                95.67898202721385,
                98.58870967741935
            ],
            "99th": [
                95.20138296187876,
                98.88688671303524
            ],
            "mean": 97.21256868142602,
            "median": 97.23067328518334
        },
        "recall": {
            "90th": [
                0.9874739039665971,
                1.0
            ],
            "95th": [
                0.9857433808553971,
                1.0
            ],
            "99th": [
                0.9839998396793587,
                1.0
            ],
            "mean": 0.9938165065018725,
            "median": 0.9939148073022313
        },
        "support": {
            "90th": [
                464.0,
                514.0
            ],
            "95th": [
                460.0,
                520.0
            ],
            "99th": [
                449.0,
                529.0049999999999
            ],
            "mean": 489.0595,
            "median": 489.0
        },
        "user_accuracy": {
            "90th": [
                98.74739039665971,
                100.0
            ],
            "95th": [
                98.57433808553971,
                100.0
            ],
            "99th": [
                98.39998396793588,
                100.0
            ],
            "mean": 99.38165065018725,
            "median": 99.39148073022312
        }
    },
    "Other": {
        "f1-score": {
            "90th": [
                0.9759985212569315,
                0.9896916860347372
            ],
            "95th": [
                0.9747177005495893,
                0.9905667770745845
            ],
            "99th": [
                0.9716598794527487,
                0.9930899002621097
            ],
            "mean": 0.9832038603698691,
            "median": 0.9834791059280855
        },
        "precision": {
            "90th": [
                0.9878296146044625,
                1.0
            ],
            "95th": [
                0.9861926117360901,
                1.0
            ],
            "99th": [
                0.9832983639206506,
                1.0
            ],
            "mean": 0.993952926033962,
            "median": 0.9940476190476191
        },
        "producer_accuracy": {
            "90th": [
                98.78296146044624,
                100.0
            ],
            "95th": [
                98.619261173609,
                100.0
            ],
            "99th": [
                98.32983639206506,
                100.0
            ],
            "mean": 99.3952926033962,
            "median": 99.40476190476191
        },
        "recall": {
            "90th": [
                0.9601484142043915,
                0.9841269841269841
            ],
            "95th": [
                0.9576089491059484,
                0.9861660079051383
            ],
            "99th": [
                0.9529402501157943,
                0.9885780663780662
            ],
            "mean": 0.9727176423254594,
            "median": 0.9730769230769231
        },
        "support": {
            "90th": [
                486.0,
                536.0
            ],
            "95th": [
                480.0,
                540.0
            ],
            "99th": [
                470.995,
                551.0
            ],
            "mean": 510.9405,
            "median": 511.0
        },
        "user_accuracy": {
            "90th": [
                96.01484142043914,
                98.4126984126984
            ],
            "95th": [
                95.76089491059484,
                98.61660079051383
            ],
            "99th": [
                95.29402501157942,
                98.85780663780663
            ],
            "mean": 97.27176423254595,
            "median": 97.3076923076923
        }
    },
    "accuracy": {
        "90th": [
            0.976,
            0.989
        ],
        "95th": [
            0.974,
            0.991
        ],
        "99th": [
            0.972,
            0.993
        ],
        "mean": 0.9830369999999999,
        "median": 0.983
    },
    "cohen_kappa": {
        "90th": [
            0.9519671455275408,
            0.9780024637240629
        ],
        "95th": [
            0.9480174661313798,
            0.9818997219097895
        ],
        "99th": [
            0.9440181190942865,
            0.9858731241919229
        ],
        "mean": 0.9660431624066556,
        "median": 0.9660006799858563
    },
    "macro avg": {
        "f1-score": {
            "90th": [
                0.9759811692366815,
                0.988999988999989
            ],
            "95th": [
                0.9739990639663028,
                0.9909496280000775
            ],
            "99th": [
                0.9719999798370965,
                0.9929364973860407
            ],
            "mean": 0.9830190040856673,
            "median": 0.9829979427510729
        },
        "precision": {
            "90th": [
                0.9759354861584639,
                0.9894150032827389
            ],
            "95th": [
                0.974599358974359,
                0.9907083757637475
            ],
            "99th": [
                0.9726104700186939,
                0.9926625230954802
            ],
            "mean": 0.9830393064241112,
            "median": 0.9831963417398933
        },
        "recall": {
            "90th": [
                0.9761298109250661,
                0.9897978045192198
            ],
            "95th": [
                0.9748770093009044,
                0.990737493674783
            ],
            "99th": [
                0.972157646476208,
                0.9930880750568664
            ],
            "mean": 0.983267074413666,
            "median": 0.9834647235425669
        }
    },
    "weighted avg": {
        "f1-score": {
            "90th": [
                0.9759984111719867,
                0.989008168104936
            ],
            "95th": [
                0.9740210440302922,
                0.9909979659917059
            ],
            "99th": [
                0.9719999663951608,
                0.9930004564773505
            ],
            "mean": 0.9830390728022803,
            "median": 0.9830068575901442
        },
        "precision": {
            "90th": [
                0.9764245308726172,
                0.9892564104760188
            ],
            "95th": [
                0.9748250615907518,
                0.991016445715891
            ],
            "99th": [
                0.9729171104725834,
                0.9930221931995854
            ],
            "mean": 0.983308883480784,
            "median": 0.9833543728194849
        },
        "recall": {
            "90th": [
                0.976,
                0.989
            ],
            "95th": [
                0.974,
                0.991
            ],