{
    "Mangrove": {
        "f1-score": {
            "90th": [
                0.9646839210890581,
                0.9815013110543981
            ],
            "95th": [
                0.9628868011068382,
                0.9830516906990471
            ],
            "99th": [
                0.9584528950296475,
                0.9854242662132136
            ],
            "mean": 0.973389702320758,
            "median": 0.9736070381231672
        },
        "precision": {
            "90th": [
                0.9796313229976308,
                0.995927094199659
            ],
            "95th": [
                0.977820335967089,
                0.9961685823754789
            ],
            "99th": [
                0.974894870081924,
                0.9980769964768056
            ],
            "mean": 0.9880273459159922,
            "median": 0.9881422924901185
        },
        "producer_accuracy": {
            "90th": [
                97.96313229976309,
                99.59270941996589
            ],
            "95th": [
                97.7820335967089,
                99.61685823754789
            ],
            "99th": [
                97.4894870081924,
                99.80769964768056
            ],
            "mean": 98.80273459159923,
            "median": 98.81422924901186
        },
        "recall": {
            "90th": [
                0.9443410040683543,
                0.9730250481695568
            ],
            "95th": [
                0.9410608039037169,
                0.9754253308128544
            ],
            "99th": [
                0.9347791287971834,
                0.9805070122344339
            ],
            "mean": 0.9592286176179445,
            "median": 0.9596153846153846
        },
        "support": {
            "90th": [
                490.0,
                541.0
            ],
            "95th": [
                485.0,
                547.0
            ],
            "99th": [
                475.995,
                556.0049999999999
            ],
            "mean": 515.005,
            "median": 515.0
        },
        "user_accuracy": {
            "90th": [
                94.43410040683543,
                97.30250481695568
            ],
            "95th": [
                94.10608039037169,
                97.54253308128544
            ],
            "99th": [
                93.47791287971833,
                98.0507012234434
            ],
            "mean": 95.92286176179445,
            "median": 95.96153846153847
        }
    },
    "Other": {
        "f1-score": {
            "90th": [
                0.9635779642511136,
                0.9809443128539953
            ],
            "95th": [
                0.9616928307069923,
                0.9825641025641025
            ],
            "99th": [
                0.9581578448497651,
                0.9850458947640853
            ],
            "mean": 0.9725766552808967,
            "median": 0.9727587195263205
        },
        "precision": {
            "90th": [
                0.9430229394323761,
                0.9721115537848606
            ],
            "95th": [
                0.9391418762884043,
                0.9747903231059866
            ],
            "99th": [
                0.9326888461538462,
                0.9792971269049316
            ],
            "mean": 0.9580107332801225,
            "median": 0.9585798816568047
        },
        "producer_accuracy": {
            "90th": [
                94.30229394323761,
                97.21115537848605
            ],
            "95th": [
                93.91418762884042,
                97.47903231059865
            ],
            "99th": [
                93.26888461538462,
                97.92971269049316
            ],
            "mean": 95.80107332801225,
            "median": 95.85798816568047
        },
        "recall": {
            "90th": [
                0.9790334372742807,
                0.9958677685950413
            ],
            "95th": [
                0.9767907906028749,
                0.996116504854369
            ],
            "99th": [
                0.9744102646938468,
                0.9980040514209675
            ],
            "mean": 0.9876472020566963,
            "median": 0.9878296146044625
        },
        "support": {
            "90th": [
                459.0,
                510.0
            ],
            "95th": [
                453.0,
                515.0
            ],
            "99th": [
                443.995,
                524.0049999999999
            ],
            "mean": 484.995,
            "median": 485.0
        },
        "user_accuracy": {
            "90th": [
                97.90334372742808,
                99.58677685950413
            ],
            "95th": [
                97.67907906028749,
                99.6116504854369
            ],
            "99th": [
                97.44102646938468,
                99.80040514209675
            ],
            "mean": 98.7647202056696,
            "median": 98.78296146044624
        }
    },
    "accuracy": {
        "90th": [
            0.96495,
            0.981
        ],
        "95th": [
            0.963,
            0.983
        ],
        "99th": [
            0.9579949999999999,
            0.985
        ],
        "mean": 0.9730154999999999,
        "median": 0.973
    },
    "cohen_kappa": {
        "90th": [
            0.9294063037180006,
            0.9619908778106746
        ],
        "95th": [
            0.9257990731542566,
            0.9659482481474814
        ],
        "99th": [
            0.9159421704646702,
            0.9699969120752274
        ],
        "mean": 0.9459809045743804,
        "median": 0.9460006479844483
    },
    "macro avg": {
        "f1-score": {
            "90th": [
                0.9646844951134612,
                0.9809931385230068
            ],
            "95th": [
                0.9628858554646961,
                0.9829714430994357
            ],
            "99th": [
                0.9579573445840914,
                0.9849966404442456
            ],
            "mean": 0.9729831788008273,
            "median": 0.9729939236328173
        },
        "precision": {
            "90th": [
                0.9644961649933548,
                0.9811264533003927
            ],
            "95th": [
                0.9626600480882748,
                0.9828689453638805
            ],
            "99th": [
                0.9587655720432987,
                0.9851533315175216
            ],
            "mean": 0.9730190395980574,
            "median": 0.9730936545794502
        },
        "recall": {
            "90th": [
                0.9650665620350765,
                0.9813800427081696
            ],
            "95th": [
                0.9631659598027277,
                0.9830133389208046
            ],
            "99th": [
                0.9587114546980999,
                0.985276191150579
            ],
            "mean": 0.9734379098373204,
            "median": 0.9736078897928608
        }
    },
    "weighted avg": {
        "f1-score": {
            "90th": [
                0.9649226605714716,
                0.9810046624086399
            ],
            "95th": [
                0.9629814880953302,
                0.9829987400200848
            ],
            "99th": [
                0.9579727812020674,
                0.9850036485957216
            ],
            "mean": 0.9730216994400664,
            "median": 0.9730107929342782
        },
        "precision": {
            "90th": [
                0.965238864098846,
                0.9813091146740512
            ],
            "95th": [
                0.9634298322715412,
                0.9831549879680004
            ],
            "99th": [
                0.9588340171186498,
                0.9852374560223888
            ],
            "mean": 0.973517092418901,