{
    "Mangrove": {
        "f1-score": {
            "90th": [
                0.9718449382425942,
                0.9864864864864865
            ],
            "95th": [
                0.970162875457567,
                0.9877055466157095
            ],
            "99th": [
                0.9673573067392701,
                0.9900205506147467
            ],
            "mean": 0.9796623595064996,
            "median": 0.9798387096774194
        },
        "precision": {
            "90th": [
                0.9571956642579211,
                0.9814452080946926
            ],
            "95th": [
                0.9547244094488189,
                0.9836409164892951
            ],
            "99th": [
                0.950430863437329,
                0.9866710926694329
            ],
            "mean": 0.9697956600124548,
            "median": 0.9700598802395209
        },
        "producer_accuracy": {
            "90th": [
                95.71956642579211,
                98.14452080946926
            ],
            "95th": [
                95.47244094488188,
                98.36409164892952
            ],
            "99th": [
                95.04308634373291,
                98.66710926694329
            ],
            "mean": 96.97956600124546,
            "median": 97.0059880239521
        },
        "recall": {
            "90th": [
                0.9814030337251681,
                0.9960238568588469
            ],
            "95th": [
                0.9795501022494888,
                0.9979468218675334
            ],
            "99th": [
                0.9757067562287491,
                1.0
            ],
            "mean": 0.9897702472951676,
            "median": 0.9899799599198397
        },
        "support": {
            "90th": [
                465.0,
                515.0
            ],
            "95th": [
                459.0,
                521.0249999999999
            ],
            "99th": [
                449.995,
                530.0049999999999
            ],
            "mean": 489.3745,
            "median": 489.0
        },
        "user_accuracy": {
            "90th": [
                98.14030337251681,
                99.60238568588468
            ],
            "95th": [
                97.95501022494888,
                99.79468218675335
            ],
            "99th": [
                97.5706756228749,
                100.0
            ],
            "mean": 98.97702472951676,
            "median": 98.99799599198397
        }
    },
    "Other": {
        "f1-score": {
            "90th": [
                0.9723849895551882,
                0.9867224976285898
            ],
            "95th": [
                0.9710735824372188,
                0.988
            ],
            "99th": [
                0.9687177029414038,
                0.9898586219091328
            ],
            "mean": 0.9801207158828585,
            "median": 0.9803536345776032
        },
        "precision": {
            "90th": [
                0.9818913480885312,
                0.9961244058596854
            ],
            "95th": [
                0.979757085020243,
                0.9979758107389687
            ],
            "99th": [
                0.9768779405834117,
                1.0
            ],
            "mean": 0.9900076613175522,
            "median": 0.9901380670611439
        },
        "producer_accuracy": {
            "90th": [
                98.18913480885311,
                99.61244058596854
            ],
            "95th": [
                97.97570850202429,
                99.79758107389686
            ],
            "99th": [
                97.68779405834117,
                100.0
            ],
            "mean": 99.00076613175523,
            "median": 99.0138067061144
        },
        "recall": {
            "90th": [
                0.9578937728937729,
                0.9819277108433735
            ],
            "95th": [
                0.9558541266794626,
                0.983743115656963
            ],
            "99th": [
                0.9516121202630755,
                0.9869690664133474
            ],
            "mean": 0.970464475341078,
            "median": 0.9708171206225681
        },
        "support": {
            "90th": [
                485.0,
                535.0
            ],
            "95th": [
                478.975,
                541.0
            ],
            "99th": [
                469.995,
                550.0049999999999
            ],
            "mean": 510.6255,
            "median": 511.0
        },
        "user_accuracy": {
            "90th": [
                95.78937728937728,
                98.19277108433735
            ],
            "95th": [
                95.58541266794626,
                98.3743115656963
            ],
            "99th": [
                95.16121202630755,
                98.69690664133473
            ],
            "mean": 97.0464475341078,
            "median": 97.08171206225681
        }
    },
    "accuracy": {
        "90th": [
            0.972,
            0.987
        ],
        "95th": [
            0.971,
            0.988
        ],
        "99th": [
            0.968,
            0.99
        ],
        "mean": 0.979913,
        "median": 0.98
    },
    "cohen_kappa": {
        "90th": [
            0.9440078053115567,
            0.9739433005903351
        ],
        "95th": [
            0.9419218035031712,
            0.9759677294657751
        ],
        "99th": [
            0.9359624521441523,
            0.9799897639630147
        ],
        "mean": 0.9597882868252261,
        "median": 0.9599875961508042
    },
    "macro avg": {
        "f1-score": {
            "90th": [
                0.9719981574770381,
                0.986971339531707
            ],
            "95th": [
                0.9709601340556526,
                0.9879826914640913
            ],
            "99th": [
                0.9679708843733373,
                0.9899942412852077
            ],
            "mean": 0.9798915376946791,
            "median": 0.9799919967987194
        },
        "precision": {
            "90th": [
                0.972305480602518,
                0.9867626553253392
            ],
            "95th": [
                0.9707035547866453,
                0.9878786749624746
            ],
            "99th": [
                0.9679172538159883,
                0.9900295371160331
            ],
            "mean": 0.9799016606650034,
            "median": 0.9800333565544512
        },
        "recall": {
            "90th": [
                0.9725468880349937,
                0.9868741033031372
            ],
            "95th": [
                0.9711589311584826,
                0.988
            ],
            "99th": [
                0.9683655629948043,
                0.9899748027563391
            ],
            "mean": 0.9801173613181227,
            "median": 0.980256531228545
        }
    },
    "weighted avg": {
        "f1-score": {
            "90th": [
                0.9720125567074224,
                0.9869980155744312
            ],
            "95th": [
                0.971000416150416,
                0.988
            ],
            "99th": [
                0.9680133101621121,
                0.9899997207453813
            ],
            "mean": 0.9799153807501202,
            "median": 0.9800033616474979
        },
        "precision": {
            "90th": [
                0.9724992901024927,
                0.9870180469363589
            ],
            "95th": [
                0.9712343777503961,
                0.9880347947469901
            ],
            "99th": [
                0.968223819420844,
                0.9900713043539072
            ],
            "mean": 0.9801531623471228,
            "median": 0.9802771088910365
        },