{
    "Mangrove": {
        "f1-score": {
            "90th": [
                0.9433901103941774,
                0.9701739840103133
            ],
            "95th": [
                0.9407774017672494,
                0.972538008719322
            ],
            "99th": [
                0.9355878206089696,
                0.9766674392935982
            ],
            "mean": 0.9573073184339002,
            "median": 0.9576547231270358
        },
        "precision": {
            "90th": [
                0.9620624030545282,
                0.9900990099009901
            ],
            "95th": [
                0.9581959858935795,
                0.9929824561403509
            ],
            "99th": [
                0.9518866817534154,
                0.9965755166008823
            ],
            "mean": 0.9769104854694608,
            "median": 0.9772727272727273
        },
        "producer_accuracy": {
            "90th": [
                96.20624030545281,
                99.00990099009901
            ],
            "95th": [
                95.81959858935794,
                99.29824561403508
            ],
            "99th": [
                95.18866817534153,
                99.65755166008822
            ],
            "mean": 97.69104854694608,
            "median": 97.72727272727273
        },
        "recall": {
            "90th": [
                0.9158541986033044,
                0.9601328903654485
            ],
            "95th": [
                0.9124534821903243,
                0.9638157894736842
            ],
            "99th": [
                0.9031188686708861,
                0.9686572622779518
            ],
            "mean": 0.9386012539409117,
            "median": 0.9390243902439024
        },
        "support": {
            "90th": [
                292.0,
                332.04999999999995
            ],
            "95th": [
                288.0,
                337.0
            ],
            "99th": [
                281.0,
                347.0
            ],
            "mean": 312.063,
            "median": 312.0
        },
        "user_accuracy": {
            "90th": [
                91.58541986033045,
                96.01328903654485
            ],
            "95th": [
                91.24534821903242,
                96.38157894736842
            ],
            "99th": [
                90.3118868670886,
                96.86572622779518
            ],
            "mean": 93.86012539409116,
            "median": 93.90243902439023
        }
    },
    "Other": {
        "f1-score": {
            "90th": [
                0.9407334066740007,
                0.9690048939641109
            ],
            "95th": [
                0.9379285845531941,
                0.9710992472791151
            ],
            "99th": [
                0.9315496919644837,
                0.9756106000506372
            ],
            "mean": 0.955571628435414,
            "median": 0.9556650246305419
        },
        "precision": {
            "90th": [
                0.9123376623376623,
                0.9591836734693877
            ],
            "95th": [
                0.9078498293515358,
                0.9623287671232876
            ],
            "99th": [
                0.899022272133962,
                0.9669988497221057
            ],
            "mean": 0.9361608508291086,
            "median": 0.9366431924882629
        },
        "producer_accuracy": {
            "90th": [
                91.23376623376623,
                95.91836734693877
            ],
            "95th": [
                90.78498293515358,
                96.23287671232876
            ],
            "99th": [
                89.9022272133962,
                96.69988497221058
            ],
            "mean": 93.61608508291087,
            "median": 93.6643192488263
        },
        "recall": {
            "90th": [
                0.9605734767025089,
                0.9896569498755776
            ],
            "95th": [
                0.9568345323741008,
                0.9925946275946276
            ],
            "99th": [
                0.9513810483870967,
                0.9964286980749747
            ],
            "mean": 0.9759518931110172,
            "median": 0.976271186440678
        },
        "support": {
            "90th": [
                267.95,
                308.0
            ],
            "95th": [
                263.0,
                312.0
            ],
            "99th": [
                253.0,
                319.0
            ],
            "mean": 287.937,
            "median": 288.0
        },
        "user_accuracy": {
            "90th": [
                96.05734767025089,
                98.96569498755775
            ],
            "95th": [
                95.68345323741008,
                99.25946275946275
            ],
            "99th": [
                95.13810483870968,
                99.64286980749746
            ],
            "mean": 97.5951893111017,
            "median": 97.6271186440678
        }
    },
    "accuracy": {
        "90th": [
            0.9416666666666667,
            0.97
        ],
        "95th": [
            0.94,
            0.9716666666666667
        ],
        "99th": [
            0.935,
            0.9750083333333331
        ],
        "mean": 0.9565266666666666,
        "median": 0.9566666666666667
    },
    "cohen_kappa": {
        "90th": [
            0.8834417324975253,
            0.939665071354398
        ],
        "95th": [
            0.8800279601500374,
            0.9433108151122721
        ],
        "99th": [
            0.8695531758928822,
            0.9500327013609827
        ],
        "mean": 0.9129240695238368,
        "median": 0.913292388005178
    },
    "macro avg": {
        "f1-score": {
            "90th": [
                0.9416626154594069,
                0.9698241066936206
            ],
            "95th": [
                0.9399456340517366,
                0.9716490575645798
            ],
            "99th": [
                0.934724064048521,
                0.9750079718382583
            ],
            "mean": 0.9564394734346571,
            "median": 0.9566276315350482
        },
        "precision": {
            "90th": [
                0.9422719843702971,
                0.9692225980082767
            ],
            "95th": [
                0.9400574299382444,
                0.9715666135353628
            ],
            "99th": [
                0.9340923309964586,
                0.9755638214837483
            ],
            "mean": 0.9565356681492848,
            "median": 0.9566666666666667
        },
        "recall": {
            "90th": [
                0.9436176254597798,
                0.9699257936199291
            ],
            "95th": [
                0.9415021805650942,
                0.9721803372064417
            ],
            "99th": [
                0.9356276002262084,
                0.9766978131316968
            ],
            "mean": 0.9572765735259643,
            "median": 0.9575083426028921
        }
    },
    "weighted avg": {
        "f1-score": {
            "90th": [
                0.9417910880761536,
                0.9699813857501868
            ],
            "95th": [
                0.9400530582422068,
                0.9716773184893065
            ],
            "99th": [
                0.9350257811386556,
                0.9750596402773886
            ],
            "mean": 0.9565449465055544,
            "median": 0.9566900579073421
        },
        "precision": {
            "90th": [
                0.9436987267498244,
                0.9701086962214176
            ],
            "95th": [
                0.9418224563606262,
                0.9719828256352434
            ],
            "99th": [
                0.9356771649216495,
                0.9756895903526672
            ],
            "mean": 0.9574919228582234,