{
    "Mangrove": {
        "f1-score": {
            "90th": [
                0.9337119862943131,
                0.9572385758009051
            ],
            "95th": [
                0.9308641674780914,
                0.9594111591445793
            ],
            "99th": [
                0.9261721955896454,
                0.9637888715265982
            ],
            "mean": 0.9458304055868896,
            "median": 0.9461756373937678
        },
        "precision": {
            "90th": [
                0.9723838591731568,
                0.9917872891910997
            ],
            "95th": [
                0.969998496993988,
                0.9922634294974721
            ],
            "99th": [
                0.9661316647868811,
                0.9959352042315605
            ],
            "mean": 0.9824042596312432,
            "median": 0.9824561403508771
        },
        "producer_accuracy": {
            "90th": [
                97.23838591731568,
                99.17872891910997
            ],
            "95th": [
                96.9998496993988,
                99.2263429497472
            ],
            "99th": [
                96.6131664786881,
                99.59352042315604
            ],
            "mean": 98.24042596312432,
            "median": 98.24561403508771
        },
        "recall": {
            "90th": [
                0.8910357307274848,
                0.9314878140617512
            ],
            "95th": [
                0.8865361721611721,
                0.934398657263527
            ],
            "99th": [
                0.8794026228174956,
                0.9426391706683402
            ],
            "mean": 0.9119746077286559,
            "median": 0.9121187223990962
        },
        "support": {
            "90th": [
                511.0,
                564.0
            ],
            "95th": [
                507.0,
                569.0249999999999
            ],
            "99th": [
                497.995,
                577.0
            ],
            "mean": 537.866,
            "median": 538.0
        },
        "user_accuracy": {
            "90th": [
                89.10357307274847,
                93.14878140617513
            ],
            "95th": [
                88.65361721611721,
                93.4398657263527
            ],
            "99th": [
                87.94026228174955,
                94.26391706683403
            ],
            "mean": 91.1974607728656,
            "median": 91.21187223990962
        }
    },
    "Other": {
        "f1-score": {
            "90th": [
                0.9284914901982813,
                0.9542217700915564
            ],
            "95th": [
                0.9257208836860992,
                0.9565217391304348
            ],
            "99th": [
                0.9199991561181435,
                0.9604170149442756
            ],
            "mean": 0.9416500978919162,
            "median": 0.941921858500528
        },
        "precision": {
            "90th": [
                0.8830409356725146,
                0.9262327738227418
            ],
            "95th": [
                0.8787849137164205,
                0.929718875502008
            ],
            "99th": [
                0.8672018806386708,
                0.9398799731245437
            ],
            "mean": 0.9054514570707066,
            "median": 0.905419000489423
        },
        "producer_accuracy": {
            "90th": [
                88.30409356725146,
                92.62327738227418
            ],
            "95th": [
                87.87849137164206,
                92.9718875502008
            ],
            "99th": [
                86.72018806386707,
                93.98799731245437
            ],
            "mean": 90.54514570707067,
            "median": 90.5419000489423
        },
        "recall": {
            "90th": [
                0.9696939025886394,
                0.9911504424778761
            ],
            "95th": [
                0.9672489082969432,
                0.9915970790832056
            ],
            "99th": [
                0.9637179944111282,
                0.9954855792486295
            ],
            "mean": 0.9809865885138132,
            "median": 0.9812108559498957
        },
        "support": {
            "90th": [
                436.0,
                489.0
            ],
            "95th": [
                430.975,
                493.0
            ],
            "99th": [
                423.0,
                502.0049999999999
            ],
            "mean": 462.134,
            "median": 462.0
        },
        "user_accuracy": {
            "90th": [
                96.96939025886394,
                99.11504424778761
            ],
            "95th": [
                96.72489082969432,
                99.15970790832057
            ],
            "99th": [
                96.37179944111281,
                99.54855792486293
            ],
            "mean": 98.0986588513813,
            "median": 98.12108559498957
        }
    },
    "accuracy": {
        "90th": [
            0.9319500000000001,
            0.956
        ],
        "95th": [
            0.929,
            0.958
        ],
        "99th": [
            0.922995,
            0.9610049999999999
        ],
        "mean": 0.9438719999999999,
        "median": 0.944
    },
    "cohen_kappa": {
        "90th": [
            0.862755454861599,
            0.9117628005263588
        ],
        "95th": [
            0.858118187279014,
            0.9155379033412582
        ],
        "99th": [
            0.8460197120961754,
            0.9220618527097711
        ],
        "mean": 0.8876599235633371,
        "median": 0.8880745423507677
    },
    "macro avg": {
        "f1-score": {
            "90th": [
                0.9312158198690214,
                0.955841027699719
            ],
            "95th": [
                0.9288912603284778,
                0.9577438635904927
            ],
            "99th": [
                0.9228530514867554,
                0.9610046567077817
            ],
            "mean": 0.9437402517394029,
            "median": 0.9439495545991392
        },
        "precision": {
            "90th": [
                0.9319143390926866,
                0.9554278302845418
            ],
            "95th": [
                0.9291978780390469,
                0.9576855604863903
            ],
            "99th": [
                0.9234359810450058,
                0.9614553424446535
            ],
            "mean": 0.9439278583509749,
            "median": 0.94416034174976
        },
        "recall": {
            "90th": [
                0.9348418160698352,
                0.9573387629647362
            ],
            "95th": [
                0.9320615310898456,
                0.9598251296469242
            ],
            "99th": [
                0.9273099744245524,
                0.9639237132007455
            ],
            "mean": 0.9464805981212346,
            "median": 0.9467568383759769
        }
    },
    "weighted avg": {
        "f1-score": {
            "90th": [
                0.9318931290837109,
                0.9560003168114052
            ],
            "95th": [
                0.9291170671187565,
                0.9579829068300822
            ],
            "99th": [
                0.9230588921257378,
                0.9611466204186777
            ],
            "mean": 0.9439536085171563,
            "median": 0.9440903924530617
        },
        "precision": {
            "90th": [
                0.9359839646249728,
                0.9575406560490812
            ],
            "95th": [
                0.9333170822491692,
                0.9595649478507582
            ],
            "99th": [
                0.928647942557477,
                0.9636487593071766
            ],
            "mean": 0.9469412193651249,