{
    "Mangrove": {
        "f1-score": 0.7199999999999999,
        "precision": 0.57,
        "recall": 0.9771428571428571,
        "support": 175
    },
    "Other": {
        "f1-score": 0.816551724137931,
        "precision": 0.9866666666666667,
        "recall": 0.6964705882352941,
        "support": 425
    },
    "accuracy": 0.7783333333333333,
    "accuracy_conf_interval": [
        0.027810015648509986,
        0.033236360165292425,
        0.03951057101282212,
        0.04374990266655839
    ],
    "cls_confidence_intervals": {
        "Mangrove": [
            0.04687646744369716,
            0.05602309523758929,
            0.06659888362427707,
            0.0737446865882553
        ],
        "Other": [
            0.010860199848103188,
            0.012979263233098932,
            0.015429430272000262,
            0.017084948541528186
        ]
    },
    "cohen_kappa": 0.5566666666666666,
    "confusion_matrix": [
        [
            171,
            4
        ],
        [
            129,
            296
        ]
    ],
    "macro avg": {
        "f1-score": 0.7682758620689654,
        "precision": 0.7783333333333333,
        "recall": 0.8368067226890756,
        "support": 600
    },
    "producer_accuracy": [
        56.99999999999999,
        98.66666666666667
    ],
    "user_accuracy": [
        97.71428571428571,
        69.6470588235294
    ],
    "weighted avg": {
        "f1-score": 0.788390804597701,
        "precision": 0.8651388888888889,
        "recall": 0.7783333333333333,
        "support": 600
    }
}