{
    "Mangrove": {
        "f1-score": {
            "90th": [
                0.9747711508842741,
                0.9885069456929513
            ],
            "95th": [
                0.9730757820927723,
                0.9897129882614855
            ],
            "99th": [
                0.9705880859958197,
                0.9915344919552715
            ],
            "mean": 0.9818174528993625,
            "median": 0.9819277108433735
        },
        "precision": {
            "90th": [
                0.9719216395272647,
                0.9913062300018822
            ],
            "95th": [
                0.9696356275303644,
                0.9920792079207921
            ],
            "99th": [
                0.9651623335040983,
                0.9943994190986148
            ],
            "mean": 0.9817012978492454,
            "median": 0.9819639278557114
        },
        "producer_accuracy": {
            "90th": [
                97.19216395272647,
                99.13062300018822
            ],
            "95th": [
                96.96356275303644,
                99.20792079207921
            ],
            "99th": [
                96.51623335040983,
                99.43994190986149
            ],
            "mean": 98.17012978492454,
            "median": 98.19639278557113
        },
        "recall": {
            "90th": [
                0.9718875502008032,
                0.9915975195109491
            ],
            "95th": [
                0.969938694593488,
                0.9921583886472878
            ],
            "99th": [
                0.9658427664725512,
                0.994231043956044
            ],
            "mean": 0.9819685233782238,
            "median": 0.9822134387351779
        },
        "support": {
            "90th": [
                474.0,
                525.0
            ],
            "95th": [
                469.0,
                529.0
            ],
            "99th": [
                462.0,
                541.0049999999999
            ],
            "mean": 500.011,
            "median": 500.0
        },
        "user_accuracy": {
            "90th": [
                97.18875502008032,
                99.1597519510949
            ],
            "95th": [
                96.9938694593488,
                99.21583886472877
            ],
            "99th": [
                96.58427664725511,
                99.4231043956044
            ],
            "mean": 98.19685233782238,
            "median": 98.22134387351778
        }
    },
    "Other": {
        "f1-score": {
            "90th": [
                0.9747548260360394,
                0.9885278243549587
            ],
            "95th": [
                0.9734853060792937,
                0.9898585254288789
            ],
            "99th": [
                0.9707933697940921,
                0.991551866756092
            ],
            "mean": 0.9818062261878383,
            "median": 0.9819814748734753
        },
        "precision": {
            "90th": [
                0.9719205114193273,
                0.9916518680861753
            ],
            "95th": [
                0.96975653714565,
                0.9922630560928434
            ],
            "99th": [
                0.9654453807115073,
                0.9942859303267622
            ],
            "mean": 0.9819590190907214,
            "median": 0.9821782178217822
        },
        "producer_accuracy": {
            "90th": [
                97.19205114193274,
                99.16518680861753
            ],
            "95th": [
                96.975653714565,
                99.22630560928434
            ],
            "99th": [
                96.54453807115074,
                99.4285930326762
            ],
            "mean": 98.19590190907212,
            "median": 98.21782178217822
        },
        "recall": {
            "90th": [
                0.9717730544924367,
                0.9914410141038499
            ],
            "95th": [
                0.9693244806802281,
                0.9922634294974721
            ],
            "99th": [
                0.965163357472545,
                0.9942829433112249
            ],
            "mean": 0.9816883403271959,
            "median": 0.9819277108433735
        },
        "support": {
            "90th": [
                475.0,
                526.0
            ],
            "95th": [
                471.0,
                531.0
            ],
            "99th": [
                458.995,
                538.0
            ],
            "mean": 499.989,
            "median": 500.0
        },
        "user_accuracy": {
            "90th": [
                97.17730544924368,
                99.14410141038499
            ],
            "95th": [
                96.93244806802282,
                99.2263429497472
            ],
            "99th": [
                96.5163357472545,
                99.42829433112249
            ],
            "mean": 98.16883403271959,
            "median": 98.19277108433735
        }
    },
    "accuracy": {
        "90th": [
            0.975,
            0.988
        ],
        "95th": [
            0.9739749999999999,
            0.99
        ],
        "99th": [
            0.9709949999999999,
            0.9910049999999999
        ],
        "mean": 0.981829,
        "median": 0.982
    },
    "cohen_kappa": {
        "90th": [
            0.9499591666800109,
            0.976
        ],
        "95th": [
            0.947741693967435,
            0.9799819837854069
        ],
        "99th": [
            0.9419428701820686,
            0.9820097846539951
        ],
        "mean": 0.9636243514599706,
        "median": 0.9639876117240231
    },
    "macro avg": {
        "f1-score": {
            "90th": [
                0.9749789573030918,
                0.9879998079969279
            ],
            "95th": [
                0.9738707386733703,
                0.9899909918927035
            ],
            "99th": [
                0.9709707119192263,
                0.9910048833718453
            ],
            "mean": 0.9818118395436004,
            "median": 0.9819934816143335
        },
        "precision": {
            "90th": [
                0.9749687228366245,
                0.988153647692994
            ],
            "95th": [
                0.9737517069732611,
                0.9899870582680222
            ],
            "99th": [
                0.9709375947441279,
                0.9912482104944431
            ],
            "mean": 0.9818301584699833,
            "median": 0.9819919279677118
        },
        "recall": {
            "90th": [
                0.9749897539345754,
                0.9881817772931526
            ],
            "95th": [
                0.9737216609505931,
                0.9899673579109063
            ],
            "99th": [
                0.9708600871855959,
                0.991119159892288
            ],
            "mean": 0.9818284318527098,
            "median": 0.9819974076266982
        }
    },
    "weighted avg": {
        "f1-score": {
            "90th": [
                0.9749996174908574,
                0.9880021645236583
            ],
            "95th": [
                0.97396662233286,
                0.9899994029397658
            ],
            "99th": [
                0.970990855803078,
                0.9910058497518947
            ],
            "mean": 0.9818289817102847,
            "median": 0.982
        },
        "precision": {
            "90th": [
                0.9750066289233362,
                0.9880775990605435
            ],
            "95th": [
                0.9739776783427254,
                0.99
            ],
            "99th": [
                0.9709977727138646,
                0.9910560136986848
            ],
            "mean": 0.9818638116509303,
            "median": 0.9820098061422717
        },