{
    "Mangrove": {
        "f1-score": 0.956661316211878,
        "precision": 0.9933333333333333,
        "recall": 0.9226006191950464,
        "support": 323
    },
    "Other": {
        "f1-score": 0.953206239168111,
        "precision": 0.9166666666666666,
        "recall": 0.9927797833935018,
        "support": 277
    },
    "accuracy": 0.955,
    "accuracy_conf_interval": [
        0.013879574921444824,
        0.01658778466221455,
        0.019719152174979538,
        0.021834941034955885
    ],
    "cls_confidence_intervals": {
        "Mangrove": [
            0.007705220933213401,
            0.009208678676279431,
            0.010947051691699529,
            0.012121628053469863
        ],
        "Other": [
            0.026169674278673262,
            0.03127595218670707,
            0.03718008601787116,
            0.041169365633522574
        ]
    },
    "cohen_kappa": 0.91,
    "confusion_matrix": [
        [
            298,
            25
        ],
        [
            2,
            275
        ]
    ],
    "macro avg": {
        "f1-score": 0.9549337776899944,
        "precision": 0.955,
        "recall": 0.9576902012942741,
        "support": 600
    },
    "producer_accuracy": [
        99.33333333333333,
        91.66666666666666
    ],
    "user_accuracy": [
        92.26006191950464,
        99.27797833935018
    ],
    "weighted avg": {
        "f1-score": 0.9550662223100055,
        "precision": 0.9579388888888889,
        "recall": 0.955,
        "support": 600
    }
}