{
    "Mangrove": {
        "f1-score": {
            "90th": [
                0.9717096800840207,
                0.9898989898989898
            ],
            "95th": [
                0.9695945945945946,
                0.9915110356536502
            ],
            "99th": [
                0.964538376113677,
                0.9948553814711983
            ],
            "mean": 0.9813854237026238,
            "median": 0.9817275243306485
        },
        "precision": {
            "90th": [
                0.9572924470874696,
                0.9872224822449686
            ],
            "95th": [
                0.9545350291909925,
                0.99
            ],
            "99th": [
                0.948716000311745,
                0.9934212676298589
            ],
            "mean": 0.9733396000094211,
            "median": 0.9738562091503268
        },
        "producer_accuracy": {
            "90th": [
                95.72924470874696,
                98.72224822449685
            ],
            "95th": [
                95.45350291909925,
                99.0
            ],
            "99th": [
                94.8716000311745,
                99.3421267629859
            ],
            "mean": 97.33396000094211,
            "median": 97.38562091503267
        },
        "recall": {
            "90th": [
                0.9793103448275862,
                0.9968152866242038
            ],
            "95th": [
                0.9767422480620155,
                1.0
            ],
            "99th": [
                0.9706813651611649,
                1.0
            ],
            "mean": 0.9896267349121786,
            "median": 0.9899665551839465
        },
        "support": {
            "90th": [
                274.0,
                315.0
            ],
            "95th": [
                270.0,
                319.0
            ],
            "99th": [
                263.99,
                325.0049999999999
            ],
            "mean": 294.8815,
            "median": 295.0
        },
        "user_accuracy": {
            "90th": [
                97.93103448275862,
                99.68152866242038
            ],
            "95th": [
                97.67422480620154,
                100.0
            ],
            "99th": [
                97.0681365161165,
                100.0
            ],
            "mean": 98.96267349121786,
            "median": 98.99665551839465
        }
    },
    "Other": {
        "f1-score": {
            "90th": [
                0.9720853858784894,
                0.9902928280613842
            ],
            "95th": [
                0.9703298040055275,
                0.9917088113153243
            ],
            "99th": [
                0.9656238646193772,
                0.9949066213921901
            ],
            "mean": 0.9817013411809239,
            "median": 0.9819376026272578
        },
        "precision": {
            "90th": [
                0.9795918367346939,
                0.9968656935736677
            ],
            "95th": [
                0.9771241830065359,
                1.0
            ],
            "99th": [
                0.9716058611073012,
                1.0
            ],
            "mean": 0.989813980101982,
            "median": 0.9901315789473685
        },
        "producer_accuracy": {
            "90th": [
                97.95918367346938,
                99.68656935736678
            ],
            "95th": [
                97.7124183006536,
                100.0
            ],
            "99th": [
                97.16058611073012,
                100.0
            ],
            "mean": 98.9813980101982,
            "median": 99.01315789473685
        },
        "recall": {
            "90th": [
                0.9578915662650602,
                0.9875795627175356
            ],
            "95th": [
                0.9546925566343042,
                0.9902597402597403
            ],
            "99th": [
                0.9477089555468986,
                0.9935693372918443
            ],
            "mean": 0.9737786284680933,
            "median": 0.9742765273311897
        },
        "support": {
            "90th": [
                285.0,
                326.0
            ],
            "95th": [
                281.0,
                330.0
            ],
            "99th": [
                274.995,
                336.00999999999976
            ],
            "mean": 305.1185,
            "median": 305.0
        },
        "user_accuracy": {
            "90th": [
                95.78915662650601,
                98.75795627175354
            ],
            "95th": [
                95.46925566343042,
                99.02597402597402
            ],
            "99th": [
                94.77089555468986,
                99.35693372918443
            ],
            "mean": 97.37786284680934,
            "median": 97.42765273311898
        }
    },
    "accuracy": {
        "90th": [
            0.9716666666666667,
            0.99
        ],
        "95th": [
            0.97,
            0.9916666666666667
        ],
        "99th": [
            0.965,
            0.995
        ],
        "mean": 0.9815758333333333,
        "median": 0.9816666666666667
    },
    "cohen_kappa": {
        "90th": [
            0.9433180291892442,
            0.9799891051794866
        ],
        "95th": [
            0.9399892647433584,
            0.983317828171559
        ],
        "99th": [
            0.9299933176515572,
            0.9899902215570837
        ],
        "mean": 0.963090914150586,
        "median": 0.9633186607976524
    },
    "macro avg": {
        "f1-score": {
            "90th": [
                0.9716533594937624,
                0.9899945525897433
            ],
            "95th": [
                0.9699916643512086,
                0.9916583435390803
            ],
            "99th": [
                0.9649918582637615,
                0.994994986087288
            ],
            "mean": 0.981543382441774,
            "median": 0.9816580561430227
        },
        "precision": {
            "90th": [
                0.9719227285400667,
                0.9899972214504029
            ],
            "95th": [
                0.9701579003454164,
                0.9916368806927929
            ],
            "99th": [
                0.9659439987434316,
                0.994952060139311
            ],
            "mean": 0.9815767900557015,
            "median": 0.9817696331139636
        },
        "recall": {
            "90th": [
                0.9722047782220024,
                0.9900910819737765
            ],
            "95th": [
                0.9704728194170245,
                0.9916967876354664
            ],
            "99th": [
                0.9649586827931598,
                0.9949711278324427
            ],
            "mean": 0.9817026816901361,
            "median": 0.9818189900426743
        }
    },
    "weighted avg": {
        "f1-score": {
            "90th": [
                0.9716786477687854,
                0.9900008895214376
            ],
            "95th": [
                0.9700073263220207,
                0.991666829882748
            ],
            "99th": [
                0.9649937703404137,
                0.994999848699146
            ],
            "mean": 0.9815771106111731,
            "median": 0.9816679908021384
        },
        "precision": {
            "90th": [
                0.9721280820293977,
                0.9900294861657136
            ],
            "95th": [
                0.9703742226080083,
                0.9917139481173581
            ],
            "99th": [
                0.9655961779156764,
                0.9950060048378983
            ],
            "mean": 0.9817703713974291,
            "median": 0.9818349797525829
        },