{
    "Mangrove": {
        "f1-score": {
            "90th": [
                0.8997017835636864,
                0.929371876606504
            ],
            "95th": [
                0.8963444560338245,
                0.9320759104870557
            ],
            "99th": [
                0.8905770813400921,
                0.936416796353935
            ],
            "mean": 0.9146808697911709,
            "median": 0.9149243761720132
        },
        "precision": {
            "90th": [
                0.9554610703697926,
                0.980276134122288
            ],
            "95th": [
                0.9524835874516178,
                0.9818566605130198
            ],
            "99th": [
                0.9466360302871565,
                0.9860005555555555
            ],
            "mean": 0.9680878567560728,
            "median": 0.9685534591194969
        },
        "producer_accuracy": {
            "90th": [
                95.54610703697925,
                98.0276134122288
            ],
            "95th": [
                95.24835874516178,
                98.18566605130198
            ],
            "99th": [
                94.66360302871566,
                98.60005555555554
            ],
            "mean": 96.80878567560727,
            "median": 96.85534591194968
        },
        "recall": {
            "90th": [
                0.842636415644325,
                0.8905380333951762
            ],
            "95th": [
                0.8380271854591235,
                0.894927536231884
            ],
            "99th": [
                0.8291343638376012,
                0.903743829699712
            ],
            "mean": 0.8669954564512284,
            "median": 0.8670309653916212
        },
        "support": {
            "90th": [
                532.0,
                584.0
            ],
            "95th": [
                526.0,
                590.0
            ],
            "99th": [
                516.995,
                598.0
            ],
            "mean": 558.2505,
            "median": 558.5
        },
        "user_accuracy": {
            "90th": [
                84.26364156443249,
                89.05380333951763
            ],
            "95th": [
                83.80271854591234,
                89.4927536231884
            ],
            "99th": [
                82.91343638376011,
                90.37438296997121
            ],
            "mean": 86.69954564512284,
            "median": 86.70309653916212
        }
    },
    "Other": {
        "f1-score": {
            "90th": [
                0.8863867381540812,
                0.9206696709803508
            ],
            "95th": [
                0.8828419598119738,
                0.9238388157792954
            ],
            "99th": [
                0.8759398641549745,
                0.9299368299651385
            ],
            "mean": 0.9040892791687996,
            "median": 0.9045173401108375
        },
        "precision": {
            "90th": [
                0.8224470380118221,
                0.8780513001411006
            ],
            "95th": [
                0.8179977228366949,
                0.8825939102228733
            ],
            "99th": [
                0.808509322219785,
                0.8924309374073952
            ],
            "mean": 0.8514655951704619,
            "median": 0.851815253989167
        },
        "producer_accuracy": {
            "90th": [
                82.24470380118221,
                87.80513001411006
            ],
            "95th": [
                81.79977228366948,
                88.25939102228732
            ],
            "99th": [
                80.8509322219785,
                89.24309374073951
            ],
            "mean": 85.14655951704619,
            "median": 85.1815253989167
        },
        "recall": {
            "90th": [
                0.9493392070484582,
                0.9775784753363229
            ],
            "95th": [
                0.9460582642737302,
                0.9798217564029253
            ],
            "99th": [
                0.9396716338246026,
                0.9837977693602693
            ],
            "mean": 0.9638703011129233,
            "median": 0.9644444444444444
        },
        "support": {
            "90th": [
                416.0,
                468.0
            ],
            "95th": [
                410.0,
                474.0
            ],
            "99th": [
                402.0,
                483.0049999999999
            ],
            "mean": 441.7495,
            "median": 441.5
        },
        "user_accuracy": {
            "90th": [
                94.93392070484582,
                97.75784753363229
            ],
            "95th": [
                94.60582642737302,
                97.98217564029254
            ],
            "99th": [
                93.96716338246027,
                98.37977693602694
            ],
            "mean": 96.38703011129233,
            "median": 96.44444444444444
        }
    },
    "accuracy": {
        "90th": [
            0.894,
            0.925
        ],
        "95th": [
            0.891,
            0.928
        ],
        "99th": [
            0.885,
            0.933
        ],
        "mean": 0.9097785000000002,
        "median": 0.91
    },
    "cohen_kappa": {
        "90th": [
            0.7882989216655059,
            0.84974389466243
        ],
        "95th": [
            0.7819423013035784,
            0.8557600279580067
        ],
        "99th": [
            0.7706666525189589,
            0.865426354442863
        ],
        "mean": 0.819417137299631,
        "median": 0.8199625522079781
    },
    "macro avg": {
        "f1-score": {
            "90th": [
                0.8936653219709222,
                0.9247038584149431
            ],
            "95th": [
                0.8905375210263363,
                0.9276863675335559
            ],
            "99th": [
                0.8846544640657992,
                0.932537148181034
            ],
            "mean": 0.9093850744799852,
            "median": 0.909676209487482
        },
        "precision": {
            "90th": [
                0.8943090032282459,
                0.9247636751780005
            ],
            "95th": [
                0.8907060512968208,
                0.9272816080326259
            ],
            "99th": [
                0.8858126574554553,
                0.93293569947862
            ],
            "mean": 0.9097767259632674,
            "median": 0.90993571391502
        },
        "recall": {
            "90th": [
                0.9012362114635659,
                0.929202324772947
            ],
            "95th": [
                0.8983584781375791,
                0.9321604647675777
            ],
            "99th": [
                0.8927197033113201,
                0.936193709888929
            ],
            "mean": 0.9154328787820759,
            "median": 0.9155974533389584
        }
    },
    "weighted avg": {
        "f1-score": {
            "90th": [
                0.8945049155202751,
                0.9251266390825102
            ],
            "95th": [
                0.8914020856027567,
                0.9281914111251635
            ],
            "99th": [
                0.8857027531975524,
                0.9329207339239234
            ],
            "mean": 0.9100917296912671,
            "median": 0.9103178165051142
        },
        "precision": {
            "90th": [
                0.9034077034345107,
                0.9299929882446589
            ],
            "95th": [
                0.9006208435201377,
                0.9323026396555951
            ],
            "99th": [
                0.8960384621625874,
                0.9363397133018806
            ],
            "mean": 0.9167468195955453,
            "median": 0.9169015706421805
        },