{
    "Mangrove": {
        "f1-score": 0.9475691134413727,
        "precision": 0.994,
        "recall": 0.9052823315118397,
        "support": 549
    },
    "Other": {
        "f1-score": 0.9421661409043112,
        "precision": 0.896,
        "recall": 0.9933481152993349,
        "support": 451
    },
    "accuracy": 0.945,
    "accuracy_conf_interval": [
        0.011823365003246752,
        0.014130363052660754,
        0.016797829547295695,
        0.01860017177340038
    ],
    "cls_confidence_intervals": {
        "Mangrove": [
            0.00566405762682544,
            0.006769239602791379,
            0.008047106262501998,
            0.008910529681225387
        ],
        "Other": [
            0.022388733166483522,
            0.026757266467260798,
            0.03180838309628452,
            0.03522129973751677
        ]
    },
    "cohen_kappa": 0.89,
    "confusion_matrix": [
        [
            497,
            52
        ],
        [
            3,
            448
        ]
    ],
    "macro avg": {
        "f1-score": 0.944867627172842,
        "precision": 0.9450000000000001,
        "recall": 0.9493152234055873,
        "support": 1000
    },
    "producer_accuracy": [
        99.4,
        89.60000000000001
    ],
    "user_accuracy": [
        90.52823315118397,
        99.33481152993349
    ],
    "weighted avg": {
        "f1-score": 0.9451323728271579,
        "precision": 0.949802,
        "recall": 0.945,
        "support": 1000
    }
}