{
    "Mangrove": {
        "f1-score": {
            "90th": [
                0.9329385598616367,
                0.9572955503645301
            ],
            "95th": [
                0.9308169792396056,
                0.9595264452293593
            ],
            "99th": [
                0.9260668592981801,
                0.9628920633478681
            ],
            "mean": 0.9454464193625831,
            "median": 0.9455984174085065
        },
        "precision": {
            "90th": [
                0.9528440821125257,
                0.9798407379762446
            ],
            "95th": [
                0.9500935700575815,
                0.9818913480885312
            ],
            "99th": [
                0.9437735738274736,
                0.9850746268656716
            ],
            "mean": 0.9665219560898785,
            "median": 0.9667318982387475
        },
        "producer_accuracy": {
            "90th": [
                95.28440821125258,
                97.98407379762446
            ],
            "95th": [
                95.00935700575815,
                98.18913480885311
            ],
            "99th": [
                94.37735738274736,
                98.50746268656717
            ],
            "mean": 96.65219560898785,
            "median": 96.67318982387475
        },
        "recall": {
            "90th": [
                0.9061276221925869,
                0.9443341868176736
            ],
            "95th": [
                0.9013775721585416,
                0.9469551854497826
            ],
            "99th": [
                0.8944411600979738,
                0.9535318730098976
            ],
            "mean": 0.9253657591472649,
            "median": 0.9255423116835118
        },
        "support": {
            "90th": [
                496.0,
                548.0
            ],
            "95th": [
                492.0,
                553.0249999999999
            ],
            "99th": [
                482.0,
                568.0049999999999
            ],
            "mean": 522.1965,
            "median": 522.0
        },
        "user_accuracy": {
            "90th": [
                90.6127622192587,
                94.43341868176735
            ],
            "95th": [
                90.13775721585417,
                94.69551854497827
            ],
            "99th": [
                89.44411600979737,
                95.35318730098976
            ],
            "mean": 92.53657591472647,
            "median": 92.55423116835118
        }
    },
    "Other": {
        "f1-score": {
            "90th": [
                0.9298961287380865,
                0.9554655870445343
            ],
            "95th": [
                0.9272259908129473,
                0.9577464788732395
            ],
            "99th": [
                0.9213006418192216,
                0.961652453228199
            ],
            "mean": 0.9429647528673076,
            "median": 0.9433017100731163
        },
        "precision": {
            "90th": [
                0.9022359416662349,
                0.9412955465587044
            ],
            "95th": [
                0.8973255778864144,
                0.9451240394253257
            ],
            "99th": [
                0.8897582804679779,
                0.9525695816864296
            ],
            "mean": 0.9220547112524011,
            "median": 0.9224652087475149
        },
        "producer_accuracy": {
            "90th": [
                90.22359416662349,
                94.12955465587044
            ],
            "95th": [
                89.73255778864144,
                94.51240394253256
            ],
            "99th": [
                88.97582804679779,
                95.25695816864295
            ],
            "mean": 92.20547112524012,
            "median": 92.2465208747515
        },
        "recall": {
            "90th": [
                0.9509188759859771,
                0.978682565335289
            ],
            "95th": [
                0.9478444389804114,
                0.9812128090833728
            ],
            "99th": [
                0.9398795308459242,
                0.9844817546951693
            ],
            "mean": 0.9649578911442802,
            "median": 0.9652173913043478
        },
        "support": {
            "90th": [
                452.0,
                504.0
            ],
            "95th": [
                446.975,
                508.0
            ],
            "99th": [
                431.995,
                518.0
            ],
            "mean": 477.8035,
            "median": 478.0
        },
        "user_accuracy": {
            "90th": [
                95.09188759859772,
                97.86825653352889
            ],
            "95th": [
                94.78444389804113,
                98.12128090833728
            ],
            "99th": [
                93.98795308459242,
                98.44817546951693
            ],
            "mean": 96.49578911442804,
            "median": 96.52173913043478
        }
    },
    "accuracy": {
        "90th": [
            0.932,
            0.956
        ],
        "95th": [
            0.93,
            0.9580249999999998
        ],
        "99th": [
            0.925,
            0.962
        ],
        "mean": 0.944288,
        "median": 0.9444999999999999
    },
    "cohen_kappa": {
        "90th": [
            0.8637478772635994,
            0.9120169631284392
        ],
        "95th": [
            0.8594243967039464,
            0.9160897967717505
        ],
        "99th": [
            0.8498508271066842,
            0.9239927397830192
        ],
        "mean": 0.8884743466055671,
        "median": 0.8885258663428729
    },
    "macro avg": {
        "f1-score": {
            "90th": [
                0.9318281518431555,
                0.955998415942974
            ],
            "95th": [
                0.9295991891722433,
                0.9580197228164795
            ],
            "99th": [
                0.9248332941167254,
                0.9619781716410192
            ],
            "mean": 0.9442055861149454,
            "median": 0.9442051241622372
        },
        "precision": {
            "90th": [
                0.9317257609092993,
                0.9561454246029655
            ],
            "95th": [
                0.9295178175205103,
                0.9583843968291578
            ],
            "99th": [
                0.9245690561811721,
                0.9620010829722625
            ],
            "mean": 0.9442883336711397,
            "median": 0.9445650934688149
        },
        "recall": {
            "90th": [
                0.933024039296843,
                0.9570547984051236
            ],
            "95th": [
                0.9306504986889303,
                0.9590410882847115
            ],
            "99th": [
                0.9263491843870232,
                0.962275790181382
            ],
            "mean": 0.9451618251457726,
            "median": 0.9453405366619378
        }
    },
    "weighted avg": {
        "f1-score": {
            "90th": [
                0.932011097999528,
                0.9560430529749144
            ],
            "95th": [
                0.9299702532873984,
                0.9580859001788838
            ],
            "99th": [
                0.9251233642667996,
                0.9619986449145796
            ],
            "mean": 0.9443158713248513,
            "median": 0.9445329184548441
        },
        "precision": {
            "90th": [
                0.9334355236970407,
                0.9569845320513005
            ],
            "95th": [
                0.9312792120764645,
                0.959113224378461
            ],
            "99th": [
                0.9269677157528922,
                0.9624879111394812
            ],
            "mean": 0.9453786176079814,