{
    "Mangrove": {
        "f1-score": {
            "90th": [
                0.9795081967213115,
                0.9918367346938775
            ],
            "95th": [
                0.9780865559717218,
                0.9929517130423476
            ],
            "99th": [
                0.9762641898864809,
                0.9948832507273194
            ],
            "mean": 0.9858994816084878,
            "median": 0.986
        },
        "precision": {
            "90th": [
                0.9669421487603306,
                0.9881668452686019
            ],
            "95th": [
                0.9645669291338582,
                0.9900798561999057
            ],
            "99th": [
                0.9607412754875704,
                0.9938656454012319
            ],
            "mean": 0.9781337296847384,
            "median": 0.9783251021137152
        },
        "producer_accuracy": {
            "90th": [
                96.69421487603306,
                98.81668452686019
            ],
            "95th": [
                96.45669291338582,
                99.00798561999056
            ],
            "99th": [
                96.07412754875705,
                99.38656454012319
            ],
            "mean": 97.81337296847386,
            "median": 97.83251021137151
        },
        "recall": {
            "90th": [
                0.9874213836477987,
                0.9980657640232108
            ],
            "95th": [
                0.985684338227899,
                1.0
            ],
            "99th": [
                0.9830817419022843,
                1.0
            ],
            "mean": 0.9938176259723152,
            "median": 0.994
        },
        "support": {
            "90th": [
                466.0,
                519.0
            ],
            "95th": [
                460.0,
                524.0
            ],
            "99th": [
                453.0,
                535.0049999999999
            ],
            "mean": 492.452,
            "median": 492.0
        },
        "user_accuracy": {
            "90th": [
                98.74213836477988,
                99.80657640232108
            ],
            "95th": [
                98.5684338227899,
                100.0
            ],
            "99th": [
                98.30817419022843,
                100.0
            ],
            "mean": 99.38176259723151,
            "median": 99.4
        }
    },
    "Other": {
        "f1-score": {
            "90th": [
                0.9800000000000001,
                0.9920159680638722
            ],
            "95th": [
                0.9788043720847189,
                0.9929225006861552
            ],
            "99th": [
                0.9762147168939426,
                0.9949248006510165
            ],
            "mean": 0.9861000824333755,
            "median": 0.9861891017780824
        },
        "precision": {
            "90th": [
                0.9875,
                0.9980881365580255
            ],
            "95th": [
                0.9858578701999755,
                1.0
            ],
            "99th": [
                0.9831758453331194,
                1.0
            ],
            "mean": 0.9939024347266603,
            "median": 0.9940711462450593
        },
        "producer_accuracy": {
            "90th": [
                98.75,
                99.80881365580255
            ],
            "95th": [
                98.58578701999755,
                100.0
            ],
            "99th": [
                98.31758453331194,
                100.0
            ],
            "mean": 99.39024347266604,
            "median": 99.40711462450594
        },
        "recall": {
            "90th": [
                0.9676767676767677,
                0.9882583170254403
            ],
            "95th": [
                0.9653832116788321,
                0.9903665518008004
            ],
            "99th": [
                0.9605807696399781,
                0.9938777373018173
            ],
            "mean": 0.9784454549680273,
            "median": 0.978505124327957
        },
        "support": {
            "90th": [
                481.0,
                534.0
            ],
            "95th": [
                476.0,
                540.0
            ],
            "99th": [
                464.995,
                547.0
            ],
            "mean": 507.548,
            "median": 508.0
        },
        "user_accuracy": {
            "90th": [
                96.76767676767678,
                98.82583170254404
            ],
            "95th": [
                96.53832116788321,
                99.03665518008005
            ],
            "99th": [
                96.05807696399782,
                99.38777373018172
            ],
            "mean": 97.84454549680274,
            "median": 97.8505124327957
        }
    },
    "accuracy": {
        "90th": [
            0.98,
            0.992
        ],
        "95th": [
            0.9789749999999999,
            0.993
        ],
        "99th": [
            0.977,
            0.995
        ],
        "mean": 0.986015,
        "median": 0.986
    },
    "cohen_kappa": {
        "90th": [
            0.9599615631005766,
            0.9839862409712268
        ],
        "95th": [
            0.957684911343534,
            0.9859899828240523
        ],
        "99th": [
            0.9538780719516605,
            0.9899949606615821
        ],
        "mean": 0.9720019453337362,
        "median": 0.9719963035120636
    },
    "macro avg": {
        "f1-score": {
            "90th": [
                0.9799793667187513,
                0.9919928399923994
            ],
            "95th": [
                0.9788397741224428,
                0.9929949283212711
            ],
            "99th": [
                0.9769351332393179,
                0.9949973558021901
            ],
            "mean": 0.9859997820209315,
            "median": 0.9859972554620706
        },
        "precision": {
            "90th": [
                0.9798524786961421,
                0.9919344960665402
            ],
            "95th": [
                0.9783306728704773,
                0.992990366366064
            ],
            "99th": [
                0.9767853099207444,
                0.9950196393254402
            ],
            "mean": 0.9860180822056994,
            "median": 0.9860590520012595
        },
        "recall": {
            "90th": [
                0.9800959034567251,
                0.9920159001844138
            ],
            "95th": [
                0.9787912361333654,
                0.992980122959495
            ],
            "99th": [
                0.9764733536586493,
                0.994963348293983
            ],
            "mean": 0.9861315404701713,
            "median": 0.9861479099735799
        }
    },
    "weighted avg": {
        "f1-score": {
            "90th": [
                0.97999950799688,
                0.992
            ],
            "95th": [
                0.9789605709137496,
                0.9929997703726351
            ],
            "99th": [
                0.9769840996141628,
                0.9949998251362037
            ],
            "mean": 0.9860158738359207,
            "median": 0.9860012334931777
        },
        "precision": {
            "90th": [
                0.9801949141139727,
                0.9920339571727695
            ],
            "95th": [
                0.9790594306426986,
                0.993045213566898
            ],
            "99th": [
                0.9771057275413944,
                0.9950174760749401
            ],
            "mean": 0.9861664542129291,
            "median": 0.98619070044972
        },
        "recall": {
            "90th": [
                0.98,
                0.992
            ],