{
    "Mangrove": {
        "f1-score": {
            "90th": [
                0.953020134228188,
                0.9806493057953997
            ],
            "95th": [
                0.9501187648456058,
                0.9825346497057148
            ],
            "99th": [
                0.9438742126480222,
                0.9864867894800631
            ],
            "mean": 0.9682359230549712,
            "median": 0.9689737470167064
        },
        "precision": {
            "90th": [
                0.9154772384305835,
                0.9655246411129199
            ],
            "95th": [
                0.9095466017872167,
                0.9691629955947136
            ],
            "99th": [
                0.8986159493868624,
                0.976853437341451
            ],
            "mean": 0.9426886066019586,
            "median": 0.9437229437229437
        },
        "producer_accuracy": {
            "90th": [
                91.54772384305835,
                96.552464111292
            ],
            "95th": [
                90.95466017872167,
                96.91629955947137
            ],
            "99th": [
                89.86159493868625,
                97.6853437341451
            ],
            "mean": 94.26886066019586,
            "median": 94.37229437229438
        },
        "recall": {
            "90th": [
                0.985981308411215,
                1.0
            ],
            "95th": [
                0.9851485148514851,
                1.0
            ],
            "99th": [
                0.9801975272154081,
                1.0
            ],
            "mean": 0.9953567340538405,
            "median": 0.9953917050691244
        },
        "support": {
            "90th": [
                196.0,
                230.0
            ],
            "95th": [
                192.0,
                234.0
            ],
            "99th": [
                186.0,
                239.0
            ],
            "mean": 212.9715,
            "median": 213.0
        },
        "user_accuracy": {
            "90th": [
                98.5981308411215,
                100.0
            ],
            "95th": [
                98.51485148514851,
                100.0
            ],
            "99th": [
                98.01975272154081,
                100.0
            ],
            "mean": 99.53567340538405,
            "median": 99.53917050691244
        }
    },
    "Other": {
        "f1-score": {
            "90th": [
                0.9557522123893806,
                0.9815950920245399
            ],
            "95th": [
                0.9525956935471316,
                0.9836734693877551
            ],
            "99th": [
                0.9460774509803921,
                0.9871252818796827
            ],
            "mean": 0.9699140700188832,
            "median": 0.9705882352941176
        },
        "precision": {
            "90th": [
                0.9867227138643068,
                1.0
            ],
            "95th": [
                0.9859138320488972,
                1.0
            ],
            "99th": [
                0.9816509533674376,
                1.0
            ],
            "mean": 0.9955968458279385,
            "median": 0.9956426808429846
        },
        "producer_accuracy": {
            "90th": [
                98.67227138643068,
                100.0
            ],
            "95th": [
                98.59138320488972,
                100.0
            ],
            "99th": [
                98.16509533674375,
                100.0
            ],
            "mean": 99.55968458279385,
            "median": 99.56426808429846
        },
        "recall": {
            "90th": [
                0.9191489361702128,
                0.9672131147540983
            ],
            "95th": [
                0.9141538404617434,
                0.9702159213847817
            ],
            "99th": [
                0.9043428936792108,
                0.9775814126539644
            ],
            "mean": 0.9456432112604835,
            "median": 0.9469387755102041
        },
        "support": {
            "90th": [
                220.0,
                254.0
            ],
            "95th": [
                216.0,
                258.0
            ],
            "99th": [
                211.0,
                264.0
            ],
            "mean": 237.0285,
            "median": 237.0
        },
        "user_accuracy": {
            "90th": [
                91.91489361702128,
                96.72131147540983
            ],
            "95th": [
                91.41538404617434,
                97.02159213847818
            ],
            "99th": [
                90.43428936792108,
                97.75814126539643
            ],
            "mean": 94.56432112604834,
            "median": 94.6938775510204
        }
    },
    "accuracy": {
        "90th": [
            0.9555555555555556,
            0.98
        ],
        "95th": [
            0.9511111111111111,
            0.9822222222222222
        ],
        "99th": [
            0.9444444444444444,
            0.9866666666666667
        ],
        "mean": 0.9691633333333333,
        "median": 0.9688888888888889
    },
    "cohen_kappa": {
        "90th": [
            0.9105592727845162,
            0.9600157962286504
        ],
        "95th": [
            0.9023302136541972,
            0.9644479908657316
        ],
        "99th": [
            0.8892169379814134,
            0.9733123099933119
        ],
        "mean": 0.9382039875435186,
        "median": 0.9378330373001776
    },
    "macro avg": {
        "f1-score": {
            "90th": [
                0.9552346140996743,
                0.9799999012340802
            ],
            "95th": [
                0.9510869565217392,
                0.9822191050734514
            ],
            "99th": [
                0.9444441700946673,
                0.9866537804648552
            ],
            "mean": 0.9690749965369273,
            "median": 0.9688882743362832
        },
        "precision": {
            "90th": [
                0.9547422750690217,
                0.9809547619047619
            ],
            "95th": [
                0.9521733973788769,
                0.9827591752119982
            ],
            "99th": [
                0.946257308828597,
                0.9866270951854194
            ],
            "mean": 0.9691427262149486,
            "median": 0.969822254261291
        },
        "recall": {
            "90th": [
                0.9572072072072072,
                0.9818548387096775
            ],
            "95th": [
                0.9541398413797176,
                0.9834727748869163
            ],
            "99th": [
                0.9481992330927157,
                0.9871377914272894
            ],
            "mean": 0.9704999726571618,
            "median": 0.971118683245656
        }
    },
    "weighted avg": {
        "f1-score": {
            "90th": [
                0.9554852309530849,
                0.9800386659202076
            ],
            "95th": [
                0.9512369781857747,
                0.982243388086942
            ],
            "99th": [
                0.9446281392119995,
                0.9866722042488715
            ],
            "mean": 0.9691871664775257,
            "median": 0.9689792106796077
        },
        "precision": {
            "90th": [
                0.957746757968731,
                0.980865593645485
            ],
            "95th": [
                0.9551203835414361,
                0.9828746928977766
            ],
            "99th": [
                0.9502290530662242,
                0.9870190973711226
            ],
            "mean": 0.9706925987426005,
            "median": 0.9709241952232607
        },