{
    "Mangrove": {
        "f1-score": {
            "90th": [
                0.9808027923211169,
                0.9950248756218905
            ],
            "95th": [
                0.9789469419090676,
                0.9953646306499758
            ],
            "99th": [
                0.9763503285395488,
                0.9982180342162666
            ],
            "mean": 0.9883188128366421,
            "median": 0.9885057471264368
        },
        "precision": {
            "90th": [
                0.9750884136539506,
                0.9966782909066907
            ],
            "95th": [
                0.9724090038314176,
                0.9968459203148641
            ],
            "99th": [
                0.9668874172185431,
                1.0
            ],
            "mean": 0.9866457562096955,
            "median": 0.9868852459016394
        },
        "producer_accuracy": {
            "90th": [
                97.50884136539507,
                99.66782909066907
            ],
            "95th": [
                97.24090038314176,
                99.68459203148642
            ],
            "99th": [
                96.68874172185431,
                100.0
            ],
            "mean": 98.66457562096956,
            "median": 98.68852459016394
        },
        "recall": {
            "90th": [
                0.9794520547945206,
                1.0
            ],
            "95th": [
                0.9768211920529801,
                1.0
            ],
            "99th": [
                0.9724124052524821,
                1.0
            ],
            "mean": 0.9900394097876812,
            "median": 0.990228013029316
        },
        "support": {
            "90th": [
                280.0,
                319.0
            ],
            "95th": [
                275.0,
                323.02499999999986
            ],
            "99th": [
                267.0,
                330.0
            ],
            "mean": 299.3645,
            "median": 299.0
        },
        "user_accuracy": {
            "90th": [
                97.94520547945206,
                100.0
            ],
            "95th": [
                97.68211920529801,
                100.0
            ],
            "99th": [
                97.24124052524822,
                100.0
            ],
            "mean": 99.00394097876813,
            "median": 99.0228013029316
        }
    },
    "Other": {
        "f1-score": {
            "90th": [
                0.980933667443067,
                0.9950738916256158
            ],
            "95th": [
                0.9793973728495107,
                0.9954068650119561
            ],
            "99th": [
                0.975694416306501,
                0.9982177756096963
            ],
            "mean": 0.9883223106185371,
            "median": 0.9885057471264368
        },
        "precision": {
            "90th": [
                0.9792387543252595,
                1.0
            ],
            "95th": [
                0.976271186440678,
                1.0
            ],
            "99th": [
                0.972024975024975,
                1.0
            ],
            "mean": 0.9900508687028448,
            "median": 0.9901960784313726
        },
        "producer_accuracy": {
            "90th": [
                97.92387543252595,
                100.0
            ],
            "95th": [
                97.6271186440678,
                100.0
            ],
            "99th": [
                97.2024975024975,
                100.0
            ],
            "mean": 99.00508687028449,
            "median": 99.01960784313727
        },
        "recall": {
            "90th": [
                0.9750884136539506,
                0.9966666666666667
            ],
            "95th": [
                0.9726962457337884,
                0.9967951277955271
            ],
            "99th": [
                0.9662144866709713,
                1.0
            ],
            "mean": 0.9866414951041536,
            "median": 0.9868852459016394
        },
        "support": {
            "90th": [
                281.0,
                320.0
            ],
            "95th": [
                276.975,
                325.0
            ],
            "99th": [
                270.0,
                333.0
            ],
            "mean": 300.6355,
            "median": 301.0
        },
        "user_accuracy": {
            "90th": [
                97.50884136539507,
                99.66666666666667
            ],
            "95th": [
                97.26962457337885,
                99.67951277955272
            ],
            "99th": [
                96.62144866709714,
                100.0
            ],
            "mean": 98.66414951041536,
            "median": 98.68852459016394
        }
    },
    "accuracy": {
        "90th": [
            0.9816666666666667,
            0.995
        ],
        "95th": [
            0.98,
            0.995
        ],
        "99th": [
            0.9766666666666667,
            0.9983333333333333
        ],
        "mean": 0.9883391666666667,
        "median": 0.9883333333333333
    },
    "cohen_kappa": {
        "90th": [
            0.9631440159687863,
            0.9899955535793686
        ],
        "95th": [
            0.9598021526915281,
            0.99
        ],
        "99th": [
            0.9532531237548488,
            0.9966494825935525
        ],
        "mean": 0.9766417827959385,
        "median": 0.976658107946969
    },
    "macro avg": {
        "f1-score": {
            "90th": [
                0.98157156549621,
                0.9949976516753699
            ],
            "95th": [
                0.9799001955221173,
                0.9949999861110724
            ],
            "99th": [
                0.9766224144271762,
                0.998324736619277
            ],
            "mean": 0.9883205617275896,
            "median": 0.9883278539091963
        },
        "precision": {
            "90th": [
                0.9812695330118506,
                0.9950057695266993
            ],
            "95th": [
                0.9797073274229213,
                0.9952710507158457
            ],
            "99th": [
                0.9765220670685897,
                0.9982819887451279
            ],
            "mean": 0.9883483124562702,
            "median": 0.9883788204141123
        },
        "recall": {
            "90th": [
                0.9812129373992492,
                0.9950263962211725
            ],
            "95th": [
                0.9795774410774412,
                0.9952535389130694
            ],
            "99th": [
                0.9765115293999991,
                0.998220640569395
            ],
            "mean": 0.9883404524459173,
            "median": 0.9883728689153572
        }
    },
    "weighted avg": {
        "f1-score": {
            "90th": [
                0.981657164161012,
                0.9950001250281313
            ],
            "95th": [
                0.9799941499528337,
                0.9950012132617737
            ],
            "99th": [
                0.9766611789592395,
                0.9983331520116938
            ],
            "mean": 0.9883391026332657,
            "median": 0.9883338196133291
        },
        "precision": {
            "90th": [
                0.9816697726025465,
                0.9950060042697029
            ],
            "95th": [
                0.98,
                0.9950522693769646
            ],
            "99th": [
                0.9766935227648365,
                0.9983385416666666
            ],
            "mean": 0.9883865376877728,
            "median": 0.9883827513694963
        },
        "recall": {
            "90th": [
                0.9816666666666667,
                0.995
            ],
            "95th": [
                0.98,
                0.995
            ],