overall accuracy,0.966
cohen kappa,0.9319999999999999
""
Confidence Interval,90%,95%,98%,99%
Overall Accuracy,0.009398788347441392,0.01123269826889337,0.013353156615572221,0.01478589874170658
""
class,f1-score,precision,recall,support
Mangrove,0.96579476861167,0.96,0.97165991902834,494
Other,0.9662027833001987,0.972,0.9604743083003953,506
""
macro avg,0.9659987759559343,0.966,0.9660671136643677,1000
weighted (pixel) avg,0.9660012240440655,0.966072,0.966,1000
""
Confidence Interval,90%,95%,98%,99%
Mangrove,0.014372239908935564,0.017176579403362015,0.0204190969437926,0.022609987173813267
Other,0.0120995994644451,0.014460496920922192,0.01719028460497383,0.01903473574284656
""
Point Count Confusion Matrix
,Mangrove,Other,User Acc
Mangrove,480,14,97.16599190283401
Other,20,486,96.04743083003953
Producer,96.0,97.2
""
