{
    "Mangrove": {
        "f1-score": 0.9767054908485857,
        "precision": 0.9816053511705686,
        "recall": 0.9718543046357616,
        "support": 604
    },
    "Other": {
        "f1-score": 0.9766277128547579,
        "precision": 0.9717607973421927,
        "recall": 0.9815436241610739,
        "support": 596
    },
    "accuracy": 0.9766666666666667,
    "accuracy_conf_interval": [
        0.00714685219493843,
        0.008541359940292271,
        0.010153759520857649,
        0.011243218696915337
    ],
    "cls_confidence_intervals": {
        "Mangrove": [
            0.009011715348178993,
            0.010770098830750504,
            0.012803229732473814,
            0.014176966828232806
        ],
        "Other": [
            0.0110726482804121,
            0.013233165018053486,
            0.01573126249595134,
            0.01741916619723367
        ]
    },
    "cohen_kappa": 0.9533343703473256,
    "confusion_matrix": [
        [
            587,
            17
        ],
        [
            11,
            585
        ]
    ],
    "macro avg": {
        "f1-score": 0.9766666018516719,
        "precision": 0.9766830742563806,
        "recall": 0.9766989643984177,
        "support": 1200
    },
    "producer_accuracy": [
        98.16053511705685,
        97.17607973421927
    ],
    "user_accuracy": [
        97.18543046357617,
        98.15436241610739
    ],
    "weighted avg": {
        "f1-score": 0.9766668611116514,
        "precision": 0.9767158894358087,
        "recall": 0.9766666666666667,
        "support": 1200
    }
}