overall accuracy,0.96
cohen kappa,0.92
""
Confidence Interval,90%,95%,98%,99%
Overall Accuracy,0.013120000000000005,0.015680000000000006,0.01864000000000001,0.02064000000000001
""
class,f1-score,precision,recall,support
Mangrove,0.9586206896551723,0.9266666666666666,0.9928571428571429,280
Other,0.9612903225806452,0.9933333333333333,0.93125,320
""
macro avg,0.9599555061179088,0.96,0.9620535714285714,600
weighted (pixel) avg,0.9600444938820912,0.9622222222222221,0.96,600
""
Confidence Interval,90%,95%,98%,99%
Mangrove,0.02468287275434949,0.029499043047881097,0.03506773994977702,0.03883037299159859
Other,0.007705220933213401,0.009208678676279431,0.010947051691699529,0.012121628053469863
""
Point Count Confusion Matrix
,Mangrove,Other,User Acc
Mangrove,278,2,99.28571428571429
Other,22,298,93.125
Producer,92.66666666666666,99.33333333333333
""
