{
    "Mangrove": {
        "f1-score": {
            "90th": [
                0.9433930817610063,
                0.9707401032702238
            ],
            "95th": [
                0.9397560879734271,
                0.9730718615013286
            ],
            "99th": [
                0.9350586622679645,
                0.9781523511234776
            ],
            "mean": 0.9578796199354097,
            "median": 0.9582637729549249
        },
        "precision": {
            "90th": [
                0.9172185430463576,
                0.9609120521172638
            ],
            "95th": [
                0.9126205105574038,
                0.9644012944983819
            ],
            "99th": [
                0.9013147050318102,
                0.9724137931034482
            ],
            "mean": 0.9404881559547005,
            "median": 0.9409779143897996
        },
        "producer_accuracy": {
            "90th": [
                91.72185430463577,
                96.09120521172639
            ],
            "95th": [
                91.26205105574039,
                96.44012944983818
            ],
            "99th": [
                90.13147050318103,
                97.24137931034483
            ],
            "mean": 94.04881559547005,
            "median": 94.09779143897995
        },
        "recall": {
            "90th": [
                0.9595959595959596,
                0.9896907216494846
            ],
            "95th": [
                0.9569506646338558,
                0.9928321812596006
            ],
            "99th": [
                0.9496378490427997,
                0.996415770609319
            ],
            "mean": 0.9760629724642171,
            "median": 0.9765886287625418
        },
        "support": {
            "90th": [
                269.0,
                309.0
            ],
            "95th": [
                265.0,
                312.02499999999986
            ],
            "99th": [
                255.995,
                320.0
            ],
            "mean": 288.9415,
            "median": 289.0
        },
        "user_accuracy": {
            "90th": [
                95.95959595959596,
                98.96907216494846
            ],
            "95th": [
                95.69506646338557,
                99.28321812596006
            ],
            "99th": [
                94.96378490427996,
                99.6415770609319
            ],
            "mean": 97.60629724642172,
            "median": 97.65886287625418
        }
    },
    "Other": {
        "f1-score": {
            "90th": [
                0.9461145424521221,
                0.9715245861573586
            ],
            "95th": [
                0.9432739059967586,
                0.9738062585209625
            ],
            "99th": [
                0.9369622810466082,
                0.978298238110349
            ],
            "mean": 0.9594523421956908,
            "median": 0.9598689049104291
        },
        "precision": {
            "90th": [
                0.9618044497523001,
                0.9900990099009901
            ],
            "95th": [
                0.9584902396030555,
                0.9929830695620169
            ],
            "99th": [
                0.9517677108183799,
                0.9965871464105975
            ],
            "mean": 0.9769828701650601,
            "median": 0.977491961414791
        },
        "producer_accuracy": {
            "90th": [
                96.18044497523,
                99.00990099009901
            ],
            "95th": [
                95.84902396030554,
                99.29830695620169
            ],
            "99th": [
                95.176771081838,
                99.65871464105975
            ],
            "mean": 97.69828701650601,
            "median": 97.7491961414791
        },
        "recall": {
            "90th": [
                0.9207920792079208,
                0.9626215745287502
            ],
            "95th": [
                0.9166666666666666,
                0.9661538461538461
            ],
            "99th": [
                0.9078454639257083,
                0.9726063926940638
            ],
            "mean": 0.9426570535339315,
            "median": 0.9430379746835443
        },
        "support": {
            "90th": [
                291.0,
                331.0
            ],
            "95th": [
                287.975,
                335.0
            ],
            "99th": [
                280.0,
                344.0049999999999
            ],
            "mean": 311.0585,
            "median": 311.0
        },
        "user_accuracy": {
            "90th": [
                92.07920792079209,
                96.26215745287503
            ],
            "95th": [
                91.66666666666666,
                96.61538461538461
            ],
            "99th": [
                90.78454639257083,
                97.2606392694064
            ],
            "mean": 94.26570535339316,
            "median": 94.30379746835443
        }
    },
    "accuracy": {
        "90th": [
            0.945,
            0.9716666666666667
        ],
        "95th": [
            0.9416666666666667,
            0.9733333333333334
        ],
        "99th": [
            0.935,
            0.9783333333333334
        ],
        "mean": 0.9587475,
        "median": 0.9583333333333334
    },
    "cohen_kappa": {
        "90th": [
            0.8899728599617974,
            0.9429251211040277
        ],
        "95th": [
            0.8833586054950752,
            0.9465355599554689
        ],
        "99th": [
            0.8699381753310227,
            0.9566493408522684
        ],
        "mean": 0.9173669637486224,
        "median": 0.9167305066013334
    },
    "macro avg": {
        "f1-score": {
            "90th": [
                0.9449558117488763,
                0.9714604685519546
            ],
            "95th": [
                0.9416198003397173,
                0.9732664995822891
            ],
            "99th": [
                0.9349039539328814,
                0.9783231572599359
            ],
            "mean": 0.9586659810655501,
            "median": 0.9583332175922712
        },
        "precision": {
            "90th": [
                0.9449371659685107,
                0.9708634417235381
            ],
            "95th": [
                0.9415629583537046,
                0.973134039478682
            ],
            "99th": [
                0.935721571514899,
                0.9783628327745055
            ],
            "mean": 0.9587355130598803,
            "median": 0.9589605951504204
        },
        "recall": {
            "90th": [
                0.9460101494115842,
                0.9714912828968897
            ],
            "95th": [
                0.9433553165584416,
                0.9733349334933494
            ],
            "99th": [
                0.9365526990080411,
                0.9782999696500975
            ],
            "mean": 0.9593600129990744,
            "median": 0.959773278248193
        }
    },
    "weighted avg": {
        "f1-score": {
            "90th": [
                0.945021719536367,
                0.9716398211999334
            ],
            "95th": [
                0.9417743234363651,
                0.9733321777264177
            ],
            "99th": [
                0.9350788649146882,
                0.9783315893120246
            ],
            "mean": 0.9587623816245148,
            "median": 0.9584158892814129
        },
        "precision": {
            "90th": [
                0.9463427949199665,
                0.9717092821007954
            ],
            "95th": [
                0.9437334349442112,
                0.9735464474822615
            ],
            "99th": [
                0.9370305915744404,
                0.9784722586256723
            ],