{
    "Mangrove": {
        "f1-score": {
            "90th": [
                0.9625998869614364,
                0.9843763539861351
            ],
            "95th": [
                0.9606803887935963,
                0.9862080815262472
            ],
            "99th": [
                0.9560966146169398,
                0.989726549802647
            ],
            "mean": 0.9742195732108037,
            "median": 0.9746376811594202
        },
        "precision": {
            "90th": [
                0.9278964547716769,
                0.9692333945917564
            ],
            "95th": [
                0.924335862862602,
                0.972791421653407
            ],
            "99th": [
                0.915886113917656,
                0.9796620407234672
            ],
            "mean": 0.9498139368635663,
            "median": 0.950530035335689
        },
        "producer_accuracy": {
            "90th": [
                92.7896454771677,
                96.92333945917564
            ],
            "95th": [
                92.4335862862602,
                97.2791421653407
            ],
            "99th": [
                91.5886113917656,
                97.96620407234671
            ],
            "mean": 94.98139368635664,
            "median": 95.0530035335689
        },
        "recall": {
            "90th": [
                1.0,
                1.0
            ],
            "95th": [
                1.0,
                1.0
            ],
            "99th": [
                1.0,
                1.0
            ],
            "mean": 1.0,
            "median": 1.0
        },
        "support": {
            "90th": [
                265.0,
                304.0
            ],
            "95th": [
                262.0,
                308.0
            ],
            "99th": [
                254.995,
                316.0049999999999
            ],
            "mean": 284.7725,
            "median": 285.0
        },
        "user_accuracy": {
            "90th": [
                100.0,
                100.0
            ],
            "95th": [
                100.0,
                100.0
            ],
            "99th": [
                100.0,
                100.0
            ],
            "mean": 100.0,
            "median": 100.0
        }
    },
    "Other": {
        "f1-score": {
            "90th": [
                0.9647435897435896,
                0.9851754165280269
            ],
            "95th": [
                0.9625985755779254,
                0.9870550161812297
            ],
            "99th": [
                0.9582611864845165,
                0.990881870948841
            ],
            "mean": 0.975496880576127,
            "median": 0.9759229534510433
        },
        "precision": {
            "90th": [
                1.0,
                1.0
            ],
            "95th": [
                1.0,
                1.0
            ],
            "99th": [
                1.0,
                1.0
            ],
            "mean": 1.0,
            "median": 1.0
        },
        "producer_accuracy": {
            "90th": [
                100.0,
                100.0
            ],
            "95th": [
                100.0,
                100.0
            ],
            "99th": [
                100.0,
                100.0
            ],
            "mean": 100.0,
            "median": 100.0
        },
        "recall": {
            "90th": [
                0.9318885448916409,
                0.970783949060648
            ],
            "95th": [
                0.9278940182567378,
                0.9744408945686901
            ],
            "99th": [
                0.9198670304920304,
                0.9819285200503506
            ],
            "mean": 0.9522383824216569,
            "median": 0.9529780564263323
        },
        "support": {
            "90th": [
                296.0,
                335.0
            ],
            "95th": [
                292.0,
                338.0
            ],
            "99th": [
                283.995,
                345.0049999999999
            ],
            "mean": 315.2275,
            "median": 315.0
        },
        "user_accuracy": {
            "90th": [
                93.18885448916409,
                97.0783949060648
            ],
            "95th": [
                92.78940182567378,
                97.44408945686901
            ],
            "99th": [
                91.98670304920306,
                98.19285200503506
            ],
            "mean": 95.2238382421657,
            "median": 95.29780564263322
        }
    },
    "accuracy": {
        "90th": [
            0.9633333333333334,
            0.985
        ],
        "95th": [
            0.9616666666666667,
            0.9866666666666667
        ],
        "99th": [
            0.9583333333333334,
            0.99
        ],
        "mean": 0.974915,
        "median": 0.975
    },
    "cohen_kappa": {
        "90th": [
            0.9267616730411923,
            0.9699459026247245
        ],
        "95th": [
            0.923398019450242,
            0.9732956800865307
        ],
        "99th": [
            0.9164208874579934,
            0.9799878136716155
        ],
        "mean": 0.9497542373291592,
        "median": 0.9500077765680894
    },
    "macro avg": {
        "f1-score": {
            "90th": [
                0.9633316017647071,
                0.9849695633658158
            ],
            "95th": [
                0.9616426933500104,
                0.9866454625509826
            ],
            "99th": [
                0.9581375515137643,
                0.9899929055166099
            ],
            "mean": 0.9748582268934654,
            "median": 0.9749882583768491
        },
        "precision": {
            "90th": [
                0.9639482273858384,
                0.9846166972958782
            ],
            "95th": [
                0.9621679314313011,
                0.9863957108267035
            ],
            "99th": [
                0.957943056958828,
                0.9898310203617335
            ],
            "mean": 0.974906968431783,
            "median": 0.9752650176678446
        },
        "recall": {
            "90th": [
                0.9659442724458205,
                0.985391974530324
            ],
            "95th": [
                0.963947009128369,
                0.9872204472843451
            ],
            "99th": [
                0.9599335152460151,
                0.9909642600251753
            ],
            "mean": 0.9761191912108284,
            "median": 0.9764890282131662
        }
    },
    "weighted avg": {
        "f1-score": {
            "90th": [
                0.9634500478176032,
                0.9850026253573405
            ],
            "95th": [
                0.9617132457825764,
                0.9866720048043239
            ],
            "99th": [
                0.958254845272747,
                0.9900097630062283
            ],
            "mean": 0.9749318732294504,
            "median": 0.9750260869565216
        },
        "precision": {
            "90th": [
                0.9661622685185185,
                0.9854485049833887
            ],
            "95th": [
                0.9645860927152319,
                0.9870282485875707
            ],
            "99th": [
                0.9615282940148738,
                0.990218990222749
            ],
            "mean": 0.976250795137945,
            "median": 0.976271186440678
        },
        "recall": {
            "90th": [
                0.9633333333333334,
                0.985
            ],
            "95th": [
                0.9616666666666667,
                0.9866666666666667
            ],
            "99th": [
                0.9583333333333334,
                0.99
            ],
            "mean": 0.974915,
            "median": 0.975
        }
    }
}