{
    "Mangrove": {
        "f1-score": {
            "90th": [
                0.9427168576104746,
                0.9702675901392956
            ],
            "95th": [
                0.9397208115600696,
                0.9727145914545594
            ],
            "99th": [
                0.9349302161492393,
                0.9768179873029618
            ],
            "mean": 0.9576476167799366,
            "median": 0.9580419580419579
        },
        "precision": {
            "90th": [
                0.9614085675759777,
                0.9900990099009901
            ],
            "95th": [
                0.95803457106274,
                0.9930567528735632
            ],
            "99th": [
                0.9513852339181286,
                0.9966216784966785
            ],
            "mean": 0.9767324034451088,
            "median": 0.9772357121705656
        },
        "producer_accuracy": {
            "90th": [
                96.14085675759776,
                99.00990099009901
            ],
            "95th": [
                95.80345710627401,
                99.30567528735632
            ],
            "99th": [
                95.13852339181287,
                99.66216784966785
            ],
            "mean": 97.67324034451087,
            "median": 97.72357121705656
        },
        "recall": {
            "90th": [
                0.9166666666666666,
                0.9611713122455371
            ],
            "95th": [
                0.9107127515954836,
                0.9643948023355987
            ],
            "99th": [
                0.9037261468233181,
                0.970873786407767
            ],
            "mean": 0.9394270317846799,
            "median": 0.9394904458598726
        },
        "support": {
            "90th": [
                292.0,
                332.0
            ],
            "95th": [
                287.0,
                337.0
            ],
            "99th": [
                281.995,
                344.0
            ],
            "mean": 312.008,
            "median": 312.0
        },
        "user_accuracy": {
            "90th": [
                91.66666666666666,
                96.11713122455372
            ],
            "95th": [
                91.07127515954835,
                96.43948023355988
            ],
            "99th": [
                90.37261468233181,
                97.0873786407767
            ],
            "mean": 93.94270317846798,
            "median": 93.94904458598727
        }
    },
    "Other": {
        "f1-score": {
            "90th": [
                0.9411668273866923,
                0.9692058346839545
            ],
            "95th": [
                0.9378491472622632,
                0.9720853858784892
            ],
            "99th": [
                0.9328493647912885,
                0.9748749999999998
            ],
            "mean": 0.9559195287638884,
            "median": 0.9562289562289563
        },
        "precision": {
            "90th": [
                0.9134931461272292,
                0.9593264119081869
            ],
            "95th": [
                0.9085361044856506,
                0.9629629629629629
            ],
            "99th": [
                0.897957020263936,
                0.9694920407695832
            ],
            "mean": 0.9370004848200787,
            "median": 0.9375
        },
        "producer_accuracy": {
            "90th": [
                91.34931461272292,
                95.93264119081869
            ],
            "95th": [
                90.85361044856506,
                96.29629629629629
            ],
            "99th": [
                89.7957020263936,
                96.94920407695832
            ],
            "mean": 93.70004848200786,
            "median": 93.75
        },
        "recall": {
            "90th": [
                0.9601449275362319,
                0.9897260273972602
            ],
            "95th": [
                0.9562289562289562,
                0.9927536231884058
            ],
            "99th": [
                0.94927388346643,
                0.9964030061664954
            ],
            "mean": 0.9757734297751365,
            "median": 0.9761904761904762
        },
        "support": {
            "90th": [
                268.0,
                308.0
            ],
            "95th": [
                263.0,
                313.0
            ],
            "99th": [
                256.0,
                318.0049999999999
            ],
            "mean": 287.992,
            "median": 288.0
        },
        "user_accuracy": {
            "90th": [
                96.01449275362319,
                98.97260273972603
            ],
            "95th": [
                95.62289562289563,
                99.27536231884058
            ],
            "99th": [
                94.92738834664301,
                99.64030061664954
            ],
            "mean": 97.57734297751365,
            "median": 97.61904761904762
        }
    },
    "accuracy": {
        "90th": [
            0.94325,
            0.97
        ],
        "95th": [
            0.9383333333333334,
            0.9716666666666667
        ],
        "99th": [
            0.935,
            0.9750083333333331
        ],
        "mean": 0.95687,
        "median": 0.9566666666666667
    },
    "cohen_kappa": {
        "90th": [
            0.8855953607377701,
            0.9397921824247929
        ],
        "95th": [
            0.8767898084066719,
            0.9433068765423864
        ],
        "99th": [
            0.8699718636529018,
            0.9500234280618176
        ],
        "mean": 0.9136103976051213,
        "median": 0.9133497005693325
    },
    "macro avg": {
        "f1-score": {
            "90th": [
                0.9427422043126511,
                0.9698803907664878
            ],
            "95th": [
                0.9383331620365611,
                0.9716439030221483
            ],
            "99th": [
                0.934903583203871,
                0.9750071906094525
            ],
            "mean": 0.9567835727719124,
            "median": 0.9566589615931722
        },
        "precision": {
            "90th": [
                0.942689841632395,
                0.9695251383928862
            ],
            "95th": [
                0.9393053246182189,
                0.9721228386180586
            ],
            "99th": [
                0.93499959664874,
                0.9751022626439575
            ],
            "mean": 0.9568664441325937,
            "median": 0.9569967814089102
        },
        "recall": {
            "90th": [
                0.9434670613717228,
                0.9700556453457173
            ],
            "95th": [
                0.940485109001772,
                0.9724622511246714
            ],
            "99th": [
                0.9356256371784928,
                0.9764642260116265
            ],
            "mean": 0.9576002307799082,
            "median": 0.9578947368421052
        }
    },
    "weighted avg": {
        "f1-score": {
            "90th": [
                0.9431365405395843,
                0.9699920444010502
            ],
            "95th": [
                0.9385606349570329,
                0.9716814001793875
            ],
            "99th": [
                0.9350304451163525,
                0.9750377600706777
            ],
            "mean": 0.9568877452632939,
            "median": 0.9567074619080016
        },
        "precision": {
            "90th": [
                0.9441514105698742,
                0.9700881600220355
            ],
            "95th": [
                0.9407108779581436,
                0.9722920987343806
            ],
            "99th": [
                0.9360623201527188,
                0.9759762064411888
            ],
            "mean": 0.9578006834219338,