overall accuracy,0.982
cohen kappa,0.964
""
Confidence Interval,90%,95%,98%,99%
Overall Accuracy,0.006895024989077272,0.008240395718653325,0.009795980624725637,0.010847051507206927
""
class,f1-score,precision,recall,support
Mangrove,0.982,0.982,0.982,500
Other,0.982,0.982,0.982,500
""
macro avg,0.982,0.982,0.982,1000
weighted (pixel) avg,0.982,0.982,0.982,1000
""
Confidence Interval,90%,95%,98%,99%
Mangrove,0.009751037852454479,0.01165367938464072,0.01385360865623106,0.01534004735325156
Other,0.009751037852454479,0.01165367938464072,0.01385360865623106,0.01534004735325156
""
Point Count Confusion Matrix
,Mangrove,Other,User Acc
Mangrove,491,9,98.2
Other,9,491,98.2
Producer,98.2,98.2
""
