{
    "Mangrove": {
        "f1-score": {
            "90th": [
                0.89,
                0.9210288447092995
            ],
            "95th": [
                0.8866156385440551,
                0.9235154792444029
            ],
            "99th": [
                0.8795288654930613,
                0.9297102940633645
            ],
            "mean": 0.9057341355165356,
            "median": 0.9058380414312618
        },
        "precision": {
            "90th": [
                0.9289870664452604,
                0.9621869622600532
            ],
            "95th": [
                0.924748742731416,
                0.9653769779100736
            ],
            "99th": [
                0.9186001052732319,
                0.9704215679285186
            ],
            "mean": 0.9458194138420906,
            "median": 0.9461538461538461
        },
        "producer_accuracy": {
            "90th": [
                92.89870664452604,
                96.21869622600532
            ],
            "95th": [
                92.4748742731416,
                96.53769779100736
            ],
            "99th": [
                91.8600105273232,
                97.04215679285187
            ],
            "mean": 94.58194138420905,
            "median": 94.61538461538461
        },
        "recall": {
            "90th": [
                0.8458715596330275,
                0.8921949505431712
            ],
            "95th": [
                0.8403596364004318,
                0.8962432915921288
            ],
            "99th": [
                0.8292669326321516,
                0.9045066620551081
            ],
            "mean": 0.869057348821474,
            "median": 0.8692932220889741
        },
        "support": {
            "90th": [
                519.0,
                570.0
            ],
            "95th": [
                512.975,
                576.0
            ],
            "99th": [
                500.99,
                587.0
            ],
            "mean": 543.9715,
            "median": 543.0
        },
        "user_accuracy": {
            "90th": [
                84.58715596330275,
                89.21949505431712
            ],
            "95th": [
                84.03596364004318,
                89.62432915921288
            ],
            "99th": [
                82.92669326321516,
                90.4506662055108
            ],
            "mean": 86.9057348821474,
            "median": 86.9293222088974
        }
    },
    "Other": {
        "f1-score": {
            "90th": [
                0.8800813704496788,
                0.9138110072689511
            ],
            "95th": [
                0.8768027648910638,
                0.9168377302251542
            ],
            "99th": [
                0.8669424809424809,
                0.9226146044624746
            ],
            "mean": 0.8970946144707391,
            "median": 0.8970667898795488
        },
        "precision": {
            "90th": [
                0.8305000169153219,
                0.8823588000937427
            ],
            "95th": [
                0.8243492095307293,
                0.8860523131888554
            ],
            "99th": [
                0.8156304871648058,
                0.8939112324316154
            ],
            "mean": 0.8575849381118373,
            "median": 0.8577235772357723
        },
        "producer_accuracy": {
            "90th": [
                83.05000169153219,
                88.23588000937427
            ],
            "95th": [
                82.43492095307293,
                88.60523131888554
            ],
            "99th": [
                81.56304871648058,
                89.39112324316154
            ],
            "mean": 85.75849381118373,
            "median": 85.77235772357723
        },
        "recall": {
            "90th": [
                0.9217391304347826,
                0.9583378920495988
            ],
            "95th": [
                0.9177177434855432,
                0.962058835916442
            ],
            "99th": [
                0.9088936852253554,
                0.9672494935922883
            ],
            "mean": 0.9406348920295845,
            "median": 0.9409190371991247
        },
        "support": {
            "90th": [
                430.0,
                481.0
            ],
            "95th": [
                424.0,
                487.02499999999986
            ],
            "99th": [
                413.0,
                499.00999999999976
            ],
            "mean": 456.0285,
            "median": 457.0
        },
        "user_accuracy": {
            "90th": [
                92.17391304347827,
                95.83378920495988
            ],
            "95th": [
                91.77177434855433,
                96.2058835916442
            ],
            "99th": [
                90.88936852253555,
                96.72494935922883
            ],
            "mean": 94.06348920295845,
            "median": 94.09190371991247
        }
    },
    "accuracy": {
        "90th": [
            0.886,
            0.917
        ],
        "95th": [
            0.883,
            0.919
        ],
        "99th": [
            0.875,
            0.9250099999999998
        ],
        "mean": 0.9016925000000001,
        "median": 0.902
    },
    "cohen_kappa": {
        "90th": [
            0.772533172302883,
            0.8340486563848475
        ],
        "95th": [
            0.7656807603676196,
            0.8381379055966016
        ],
        "99th": [
            0.750092384990421,
            0.8495493086212984
        ],
        "mean": 0.803239339445764,
        "median": 0.8030352667356796
    },
    "macro avg": {
        "f1-score": {
            "90th": [
                0.885954381752701,
                0.9169201602740233
            ],
            "95th": [
                0.8825297613103051,
                0.9189495379641196
            ],
            "99th": [
                0.8747458690044467,
                0.9246712055456352
            ],
            "mean": 0.9014143749936374,
            "median": 0.9013844391921351
        },
        "precision": {
            "90th": [
                0.8866642016431489,
                0.9170329705130609
            ],
            "95th": [
                0.8834119135536599,
                0.9190883496500671
            ],
            "99th": [
                0.874883192664894,
                0.924653181915981
            ],
            "mean": 0.901702175976964,
            "median": 0.9015726778431139
        },
        "recall": {
            "90th": [
                0.889852333504798,
                0.9194974151713592
            ],
            "95th": [
                0.8868801328389553,
                0.9224461703478115
            ],
            "99th": [
                0.8785269443091408,
                0.928071509786695
            ],
            "mean": 0.9048461204255291,
            "median": 0.904818579516212
        }
    },
    "weighted avg": {
        "f1-score": {
            "90th": [
                0.8863421895968342,
                0.9171081460012002
            ],
            "95th": [
                0.8831704990625975,
                0.9193110558427913
            ],
            "99th": [
                0.875276032429266,
                0.9252176793024013
            ],
            "mean": 0.901885544599928,
            "median": 0.9020429282129677
        },
        "precision": {
            "90th": [
                0.8913116363767134,
                0.9200308792372762
            ],
            "95th": [
                0.888843523371638,
                0.9227356903147117
            ],
            "99th": [
                0.8797237312780979,
                0.9279119206076692
            ],
            "mean": 0.9057630353618581,
            "median": 0.905772941671376
        },