overall accuracy,0.955
cohen kappa,0.91
""
Confidence Interval,90%,95%,98%,99%
Overall Accuracy,0.013879574921444824,0.01658778466221455,0.019719152174979538,0.021834941034955885
""
class,f1-score,precision,recall,support
Mangrove,0.956661316211878,0.9933333333333333,0.9226006191950464,323
Other,0.953206239168111,0.9166666666666666,0.9927797833935018,277
""
macro avg,0.9549337776899944,0.955,0.9576902012942741,600
weighted (pixel) avg,0.9550662223100055,0.9579388888888889,0.955,600
""
Confidence Interval,90%,95%,98%,99%
Mangrove,0.007705220933213401,0.009208678676279431,0.010947051691699529,0.012121628053469863
Other,0.026169674278673262,0.03127595218670707,0.03718008601787116,0.041169365633522574
""
Point Count Confusion Matrix
,Mangrove,Other,User Acc
Mangrove,298,25,92.26006191950464
Other,2,275,99.27797833935018
Producer,99.33333333333333,91.66666666666666
""
