{
    "Mangrove": {
        "f1-score": {
            "90th": [
                0.9795897500104335,
                0.9920167632861766
            ],
            "95th": [
                0.9781304871500921,
                0.9930365414307772
            ],
            "99th": [
                0.9746294500369601,
                0.9951221401081387
            ],
            "mean": 0.9859767907052667,
            "median": 0.9861932938856015
        },
        "precision": {
            "90th": [
                0.9668013252023938,
                0.9883720930232558
            ],
            "95th": [
                0.9636702589953068,
                0.9903297518289524
            ],
            "99th": [
                0.9588472111054517,
                0.9940594646421164
            ],
            "mean": 0.9781449705292398,
            "median": 0.9784946031066536
        },
        "producer_accuracy": {
            "90th": [
                96.68013252023938,
                98.83720930232558
            ],
            "95th": [
                96.36702589953067,
                99.03297518289524
            ],
            "99th": [
                95.88472111054516,
                99.40594646421164
            ],
            "mean": 97.81449705292398,
            "median": 97.84946031066536
        },
        "recall": {
            "90th": [
                0.9877049180327869,
                0.9980806142034548
            ],
            "95th": [
                0.9858585858585859,
                1.0
            ],
            "99th": [
                0.98326342289238,
                1.0
            ],
            "mean": 0.9939648960814527,
            "median": 0.9940119760479041
        },
        "support": {
            "90th": [
                467.0,
                518.0
            ],
            "95th": [
                462.0,
                523.0
            ],
            "99th": [
                452.0,
                533.0049999999999
            ],
            "mean": 491.795,
            "median": 491.0
        },
        "user_accuracy": {
            "90th": [
                98.77049180327869,
                99.80806142034548
            ],
            "95th": [
                98.58585858585859,
                100.0
            ],
            "99th": [
                98.32634228923799,
                100.0
            ],
            "mean": 99.39648960814527,
            "median": 99.40119760479041
        }
    },
    "Other": {
        "f1-score": {
            "90th": [
                0.9798644187053475,
                0.9921722113502935
            ],
            "95th": [
                0.9785495403472931,
                0.993184362352536
            ],
            "99th": [
                0.975074276669491,
                0.9950644070871438
            ],
            "mean": 0.9862174226050119,
            "median": 0.9863813229571985
        },
        "precision": {
            "90th": [
                0.9878775610354558,
                0.998109640831758
            ],
            "95th": [
                0.986055081072914,
                1.0
            ],
            "99th": [
                0.9835389249501506,
                1.0
            ],
            "mean": 0.9940654904564492,
            "median": 0.9940944881889764
        },
        "producer_accuracy": {
            "90th": [
                98.78775610354559,
                99.8109640831758
            ],
            "95th": [
                98.6055081072914,
                100.0
            ],
            "99th": [
                98.35389249501506,
                100.0
            ],
            "mean": 99.40654904564491,
            "median": 99.40944881889764
        },
        "recall": {
            "90th": [
                0.9671179883945842,
                0.9884615384615385
            ],
            "95th": [
                0.9646365422396856,
                0.9903119409660107
            ],
            "99th": [
                0.9597796982623309,
                0.9941406821089182
            ],
            "mean": 0.9785200669188718,
            "median": 0.9787234042553191
        },
        "support": {
            "90th": [
                482.0,
                533.0
            ],
            "95th": [
                477.0,
                538.0
            ],
            "99th": [
                466.995,
                548.0
            ],
            "mean": 508.205,
            "median": 509.0
        },
        "user_accuracy": {
            "90th": [
                96.71179883945842,
                98.84615384615385
            ],
            "95th": [
                96.46365422396856,
                99.03119409660107
            ],
            "99th": [
                95.97796982623309,
                99.41406821089181
            ],
            "mean": 97.85200669188718,
            "median": 97.87234042553192
        }
    },
    "accuracy": {
        "90th": [
            0.98,
            0.992
        ],
        "95th": [
            0.978,
            0.993
        ],
        "99th": [
            0.975,
            0.995
        ],
        "mean": 0.9861115,
        "median": 0.986
    },
    "cohen_kappa": {
        "90th": [
            0.9599691201704997,
            0.9839936710974424
        ],
        "95th": [
            0.9560110544211836,
            0.9859983282001905
        ],
        "99th": [
            0.9499999239768889,
            0.989998881874914
        ],
        "mean": 0.9721966773674233,
        "median": 0.9719989919637106
    },
    "macro avg": {
        "f1-score": {
            "90th": [
                0.9799818595464856,
                0.9919967987194878
            ],
            "95th": [
                0.977999894398944,
                0.9929991528975006
            ],
            "99th": [
                0.9749909507220957,
                0.9949993959269882
            ],
            "mean": 0.9860971066551392,
            "median": 0.9859985998599861
        },
        "precision": {
            "90th": [
                0.9798549910827654,
                0.992031586455978
            ],
            "95th": [
                0.9784960129342909,
                0.9930521877207027
            ],
            "99th": [
                0.9750433826941232,
                0.9950642079552631
            ],
            "mean": 0.9861052304928444,
            "median": 0.986186253127522
        },
        "recall": {
            "90th": [
                0.9800326197879773,
                0.9920727815822239
            ],
            "95th": [
                0.9785458477925583,
                0.9931238116180683
            ],
            "99th": [
                0.9752015931724392,
                0.9950412649445106
            ],
            "mean": 0.9862424815001622,
            "median": 0.98630688688419
        }
    },
    "weighted avg": {
        "f1-score": {
            "90th": [
                0.9799971195852202,
                0.9920003970230511
            ],
            "95th": [
                0.9780216908070671,
                0.9930007787491937
            ],
            "99th": [
                0.975000968008729,
                0.9950001658201423
            ],
            "mean": 0.9861125716457111,
            "median": 0.9860038124071426
        },
        "precision": {
            "90th": [
                0.9802064122246087,
                0.9920695695577714
            ],
            "95th": [
                0.9787804616722046,
                0.993052161662708
            ],
            "99th": [
                0.9754554067057052,
                0.9950481807251849
            ],
            "mean": 0.9862667980533648,
            "median": 0.9862082954016832
        },
        "recall": {
            "90th": [
                0.98,
                0.992
            ],