overall accuracy,0.991
cohen kappa,0.982
""
Confidence Interval,90%,95%,98%,99%
Overall Accuracy,0.004897809959563562,0.005853480195575965,0.006958473905965305,0.007705091277849995
""
class,f1-score,precision,recall,support
Mangrove,0.990990990990991,0.99,0.9919839679358717,499
Other,0.991008991008991,0.992,0.9900199600798403,501
""
macro avg,0.9909999909999909,0.991,0.991001964007856,1000
weighted (pixel) avg,0.991000009000009,0.9910019999999999,0.991,1000
""
Confidence Interval,90%,95%,98%,99%
Mangrove,0.007297539311302136,0.008721449420824505,0.010367845484959743,0.011480275258024093
Other,0.006533707309024488,0.0078085770278585355,0.009282645140260401,0.010278637108099502
""
Point Count Confusion Matrix
,Mangrove,Other,User Acc
Mangrove,495,4,99.19839679358718
Other,5,496,99.00199600798403
Producer,99.0,99.2
""
