{
    "Mangrove": {
        "f1-score": {
            "90th": [
                0.9534333605229599,
                0.9813113136355721
            ],
            "95th": [
                0.9508176532342727,
                0.9832643472703487
            ],
            "99th": [
                0.9453666048915456,
                0.9869570839580211
            ],
            "mean": 0.9678313353988908,
            "median": 0.9683257918552036
        },
        "precision": {
            "90th": [
                0.9152542372881356,
                0.9662497971437845
            ],
            "95th": [
                0.9107142857142857,
                0.9700886524822695
            ],
            "99th": [
                0.9008599231228541,
                0.977273241464418
            ],
            "mean": 0.9420044267837345,
            "median": 0.9428571428571428
        },
        "producer_accuracy": {
            "90th": [
                91.52542372881356,
                96.62497971437844
            ],
            "95th": [
                91.07142857142857,
                97.00886524822695
            ],
            "99th": [
                90.08599231228543,
                97.7273241464418
            ],
            "mean": 94.20044267837342,
            "median": 94.28571428571428
        },
        "recall": {
            "90th": [
                0.9861111111111112,
                1.0
            ],
            "95th": [
                0.9852216748768473,
                1.0
            ],
            "99th": [
                0.9805820506748757,
                1.0
            ],
            "mean": 0.9952608894667727,
            "median": 0.9953917050691244
        },
        "support": {
            "90th": [
                196.0,
                230.0
            ],
            "95th": [
                192.975,
                234.0
            ],
            "99th": [
                186.0,
                241.0
            ],
            "mean": 212.9905,
            "median": 213.0
        },
        "user_accuracy": {
            "90th": [
                98.61111111111111,
                100.0
            ],
            "95th": [
                98.52216748768473,
                100.0
            ],
            "99th": [
                98.05820506748758,
                100.0
            ],
            "mean": 99.52608894667726,
            "median": 99.53917050691244
        }
    },
    "Other": {
        "f1-score": {
            "90th": [
                0.955787610619469,
                0.9819860218963358
            ],
            "95th": [
                0.953269987303041,
                0.9841986455981941
            ],
            "99th": [
                0.9486637552901255,
                0.9871808282373135
            ],
            "mean": 0.9695351543565568,
            "median": 0.9698275862068965
        },
        "precision": {
            "90th": [
                0.9868421052631579,
                1.0
            ],
            "95th": [
                0.9858490566037735,
                1.0
            ],
            "99th": [
                0.9817347408989988,
                1.0
            ],
            "mean": 0.9955143468291956,
            "median": 0.9955947136563876
        },
        "producer_accuracy": {
            "90th": [
                98.68421052631578,
                100.0
            ],
            "95th": [
                98.58490566037736,
                100.0
            ],
            "99th": [
                98.17347408989988,
                100.0
            ],
            "mean": 99.55143468291956,
            "median": 99.55947136563876
        },
        "recall": {
            "90th": [
                0.9203539823008849,
                0.9680090909090908
            ],
            "95th": [
                0.9148936170212766,
                0.9714314750290359
            ],
            "99th": [
                0.9049576938213302,
                0.9783554448425138
            ],
            "mean": 0.9449929177212127,
            "median": 0.9453781512605042
        },
        "support": {
            "90th": [
                220.0,
                254.0
            ],
            "95th": [
                216.0,
                257.02499999999986
            ],
            "99th": [
                209.0,
                264.0
            ],
            "mean": 237.0095,
            "median": 237.0
        },
        "user_accuracy": {
            "90th": [
                92.03539823008849,
                96.80090909090909
            ],
            "95th": [
                91.48936170212765,
                97.14314750290359
            ],
            "99th": [
                90.495769382133,
                97.83554448425137
            ],
            "mean": 94.49929177212127,
            "median": 94.53781512605042
        }
    },
    "accuracy": {
        "90th": [
            0.9555555555555556,
            0.9822222222222222
        ],
        "95th": [
            0.9533333333333334,
            0.9844444444444445
        ],
        "99th": [
            0.9488777777777778,
            0.9866666666666667
        ],
        "mean": 0.9687733333333333,
        "median": 0.9688888888888889
    },
    "cohen_kappa": {
        "90th": [
            0.9109888249412991,
            0.9643366619115549
        ],
        "95th": [
            0.9064336054701655,
            0.9687287799362292
        ],
        "99th": [
            0.8960031253031201,
            0.9733122467134526
        ],
        "mean": 0.937421669591018,
        "median": 0.9377777777777778
    },
    "macro avg": {
        "f1-score": {
            "90th": [
                0.9554287751827422,
                0.9821626763913112
            ],
            "95th": [
                0.9531387143643477,
                0.9843605861404469
            ],
            "99th": [
                0.9479257140256706,
                0.9866537488136665
            ],
            "mean": 0.9686832448777238,
            "median": 0.9688667496886675
        },
        "precision": {
            "90th": [
                0.9551858637660463,
                0.9817898522528634
            ],
            "95th": [
                0.9529933761374209,
                0.9835398191618849
            ],
            "99th": [
                0.9477971405056683,
                0.9870132737332366
            ],
            "mean": 0.968759386806465,
            "median": 0.9691594198752789
        },
        "recall": {
            "90th": [
                0.956951128757099,
                0.9822222222222222
            ],
            "95th": [
                0.9547738940703399,
                0.9843947534766119
            ],
            "99th": [
                0.9503756921168579,
                0.9872881772913502
            ],
            "mean": 0.9701269035939928,
            "median": 0.9702993136299602
        }
    },
    "weighted avg": {
        "f1-score": {
            "90th": [
                0.9555809756501129,
                0.9822180069273502
            ],
            "95th": [
                0.9533186873762143,
                0.9844406794730576
            ],
            "99th": [
                0.9488929177918787,
                0.9866730063645627
            ],
            "mean": 0.9687980227945743,
            "median": 0.9689156560612938
        },
        "precision": {
            "90th": [
                0.9580265172893723,
                0.9825717268311295
            ],
            "95th": [
                0.9560442734181348,
                0.9846780145167701
            ],
            "99th": [
                0.9521476837870722,
                0.9870286576168928
            ],
            "mean": 0.9703313743696041,
            "median": 0.9703602810083549
        },