{
    "Mangrove": {
        "f1-score": {
            "90th": [
                0.9435586796258568,
                0.9708421455811088
            ],
            "95th": [
                0.9399991423670668,
                0.9729729729729729
            ],
            "99th": [
                0.9320660254623175,
                0.976303317535545
            ],
            "mean": 0.957398007115026,
            "median": 0.9577013715296414
        },
        "precision": {
            "90th": [
                0.9611261529989444,
                0.9899345693699355
            ],
            "95th": [
                0.9568070321151717,
                0.9927298794395568
            ],
            "99th": [
                0.9499935897435897,
                0.9965987543666115
            ],
            "mean": 0.9765093623762414,
            "median": 0.9770491803278688
        },
        "producer_accuracy": {
            "90th": [
                96.11261529989446,
                98.99345693699355
            ],
            "95th": [
                95.68070321151717,
                99.27298794395568
            ],
            "99th": [
                94.99935897435897,
                99.65987543666115
            ],
            "mean": 97.65093623762414,
            "median": 97.70491803278688
        },
        "recall": {
            "90th": [
                0.9161073825503355,
                0.95989111747851
            ],
            "95th": [
                0.9111806788827899,
                0.9635761589403974
            ],
            "99th": [
                0.9016311475409836,
                0.9691796494079405
            ],
            "mean": 0.9391440266491013,
            "median": 0.9399013731717136
        },
        "support": {
            "90th": [
                292.0,
                331.0
            ],
            "95th": [
                288.0,
                335.0
            ],
            "99th": [
                281.0,
                342.0049999999999
            ],
            "mean": 312.086,
            "median": 312.0
        },
        "user_accuracy": {
            "90th": [
                91.61073825503355,
                95.989111747851
            ],
            "95th": [
                91.11806788827897,
                96.35761589403974
            ],
            "99th": [
                90.16311475409836,
                96.91796494079405
            ],
            "mean": 93.91440266491013,
            "median": 93.99013731717136
        }
    },
    "Other": {
        "f1-score": {
            "90th": [
                0.9409719116477836,
                0.9696
            ],
            "95th": [
                0.9376111229946524,
                0.9716196616109591
            ],
            "99th": [
                0.9303901078423832,
                0.9760765550239234
            ],
            "mean": 0.9556296176185297,
            "median": 0.9560087959472129
        },
        "precision": {
            "90th": [
                0.9124518999518999,
                0.9580430859463117
            ],
            "95th": [
                0.908115111071099,
                0.9621993127147767
            ],
            "99th": [
                0.8979585518417893,
                0.9684212186617964
            ],
            "mean": 0.9366855968195974,
            "median": 0.9372937293729373
        },
        "producer_accuracy": {
            "90th": [
                91.24518999518999,
                95.80430859463117
            ],
            "95th": [
                90.81151110710991,
                96.21993127147766
            ],
            "99th": [
                89.79585518417893,
                96.84212186617964
            ],
            "mean": 93.66855968195974,
            "median": 93.72937293729373
        },
        "recall": {
            "90th": [
                0.958904109589041,
                0.9894384729429206
            ],
            "95th": [
                0.9553226093138998,
                0.9925650557620818
            ],
            "99th": [
                0.9477566073288044,
                0.9964664933061265
            ],
            "mean": 0.9754995703515315,
            "median": 0.9761904761904762
        },
        "support": {
            "90th": [
                269.0,
                308.0
            ],
            "95th": [
                265.0,
                312.0
            ],
            "99th": [
                257.995,
                319.0
            ],
            "mean": 287.914,
            "median": 288.0
        },
        "user_accuracy": {
            "90th": [
                95.8904109589041,
                98.94384729429207
            ],
            "95th": [
                95.53226093138997,
                99.25650557620817
            ],
            "99th": [
                94.77566073288045,
                99.64664933061265
            ],
            "mean": 97.54995703515314,
            "median": 97.61904761904762
        }
    },
    "accuracy": {
        "90th": [
            0.9433333333333334,
            0.97
        ],
        "95th": [
            0.94,
            0.9716666666666667
        ],
        "99th": [
            0.9316666666666666,
            0.975
        ],
        "mean": 0.9566,
        "median": 0.9566666666666667
    },
    "cohen_kappa": {
        "90th": [
            0.8860279164129663,
            0.9399927324517449
        ],
        "95th": [
            0.8797755810846914,
            0.9433371738110471
        ],
        "99th": [
            0.8633969903237647,
            0.9499978276734533
        ],
        "mean": 0.9130707656348311,
        "median": 0.9133261105065336
    },
    "macro avg": {
        "f1-score": {
            "90th": [
                0.9429982899486985,
                0.9699916643512086
            ],
            "95th": [
                0.9398067126662282,
                0.9716646989374261
            ],
            "99th": [
                0.9316572961089952,
                0.9749982637683172
            ],
            "mean": 0.9565138123667778,
            "median": 0.956643061222221
        },
        "precision": {
            "90th": [
                0.9425640901245679,
                0.9700446671629686
            ],
            "95th": [
                0.9397272373132686,
                0.9717655954912205
            ],
            "99th": [
                0.932669135106933,
                0.9758130097242645
            ],
            "mean": 0.9565974795979193,
            "median": 0.9568623529019569
        },
        "recall": {
            "90th": [
                0.9436314662033027,
                0.970558104316066
            ],
            "95th": [
                0.9407731572762476,
                0.97242578820239
            ],
            "99th": [
                0.9328267646173313,
                0.9760241076009288
            ],
            "mean": 0.9573217985003164,
            "median": 0.9575010527689259
        }
    },
    "weighted avg": {
        "f1-score": {
            "90th": [
                0.9433057756636344,
                0.9700093716967838
            ],
            "95th": [
                0.939999599839936,
                0.971688271858163
            ],
            "99th": [
                0.9317666428555188,
                0.9750191535023021
            ],
            "mean": 0.9566177079178819,
            "median": 0.9566881166117001
        },
        "precision": {
            "90th": [
                0.9441973701878122,
                0.970548913285035
            ],
            "95th": [
                0.9415792639201637,
                0.9723122385736428
            ],
            "99th": [
                0.9333628486983876,
                0.9757047724788264
            ],
            "mean": 0.9575228933044159,