overall accuracy,0.937
cohen kappa,0.874
""
Confidence Interval,90%,95%,98%,99%
Overall Accuracy,0.01260038799402621,0.01505900028554352,0.01790177074761041,0.019822561600358307
""
class,f1-score,precision,recall,support
Mangrove,0.936299292214358,0.926,0.9468302658486708,489
Other,0.9376854599406529,0.948,0.9275929549902152,511
""
macro avg,0.9369923760775054,0.937,0.937211610419443,1000
weighted (pixel) avg,0.9370076239224947,0.9372419999999999,0.937,1000
""
Confidence Interval,90%,95%,98%,99%
Mangrove,0.01919907031082494,0.022945230371473713,0.02727672794159885,0.030203415488980704
Other,0.016284134708359554,0.019461526846576052,0.02313538650638888,0.025617724114370518
""
Point Count Confusion Matrix
,Mangrove,Other,User Acc
Mangrove,463,26,94.68302658486708
Other,37,474,92.75929549902152
Producer,92.60000000000001,94.8
""
