{
    "Mangrove": {
        "f1-score": {
            "90th": [
                0.8996279007547594,
                0.9293909747342939
            ],
            "95th": [
                0.8960212218864891,
                0.9321277929776561
            ],
            "99th": [
                0.8901835760037776,
                0.9367817160193138
            ],
            "mean": 0.9145691421111385,
            "median": 0.9145631067961165
        },
        "precision": {
            "90th": [
                0.9544466207915604,
                0.980659507255252
            ],
            "95th": [
                0.9519985212569315,
                0.9827239584192043
            ],
            "99th": [
                0.9475800960210871,
                0.9863026845108195
            ],
            "mean": 0.9681588854977996,
            "median": 0.9683794466403162
        },
        "producer_accuracy": {
            "90th": [
                95.44466207915603,
                98.0659507255252
            ],
            "95th": [
                95.19985212569316,
                98.27239584192043
            ],
            "99th": [
                94.7580096021087,
                98.63026845108195
            ],
            "mean": 96.81588854977998,
            "median": 96.83794466403161
        },
        "recall": {
            "90th": [
                0.8427787934186471,
                0.8903383918113765
            ],
            "95th": [
                0.837587855613732,
                0.8947392697611186
            ],
            "99th": [
                0.8284075813485408,
                0.9022190810617783
            ],
            "mean": 0.8667337857156812,
            "median": 0.866489854773921
        },
        "support": {
            "90th": [
                532.0,
                584.0
            ],
            "95th": [
                528.0,
                589.0
            ],
            "99th": [
                517.995,
                596.0
            ],
            "mean": 557.9415,
            "median": 558.0
        },
        "user_accuracy": {
            "90th": [
                84.27787934186472,
                89.03383918113765
            ],
            "95th": [
                83.7587855613732,
                89.47392697611187
            ],
            "99th": [
                82.84075813485407,
                90.22190810617782
            ],
            "mean": 86.67337857156812,
            "median": 86.6489854773921
        }
    },
    "Other": {
        "f1-score": {
            "90th": [
                0.887275490983394,
                0.9206712408982128
            ],
            "95th": [
                0.8835671658920068,
                0.9240403168688637
            ],
            "99th": [
                0.8762310177726108,
                0.9280347917513507
            ],
            "mean": 0.9041548436342389,
            "median": 0.904109589041096
        },
        "precision": {
            "90th": [
                0.8245281024372731,
                0.8770854993698802
            ],
            "95th": [
                0.8201998710509348,
                0.8826925944333995
            ],
            "99th": [
                0.8105453133328892,
                0.8923089637635092
            ],
            "mean": 0.8514522661189162,
            "median": 0.851145038167939
        },
        "producer_accuracy": {
            "90th": [
                82.45281024372731,
                87.70854993698802
            ],
            "95th": [
                82.01998710509349,
                88.26925944333996
            ],
            "99th": [
                81.0545313332889,
                89.23089637635093
            ],
            "mean": 85.14522661189162,
            "median": 85.1145038167939
        },
        "recall": {
            "90th": [
                0.9484753888322954,
                0.9783103736465993
            ],
            "95th": [
                0.9452023447540829,
                0.9806299304850425
            ],
            "99th": [
                0.9379122627345311,
                0.9842349380630631
            ],
            "mean": 0.9640203671600603,
            "median": 0.9642857142857143
        },
        "support": {
            "90th": [
                416.0,
                468.0
            ],
            "95th": [
                411.0,
                472.0
            ],
            "99th": [
                404.0,
                482.0049999999999
            ],
            "mean": 442.0585,
            "median": 442.0
        },
        "user_accuracy": {
            "90th": [
                94.84753888322955,
                97.83103736465993
            ],
            "95th": [
                94.52023447540829,
                98.06299304850425
            ],
            "99th": [
                93.7912262734531,
                98.42349380630631
            ],
            "mean": 96.40203671600602,
            "median": 96.42857142857143
        }
    },
    "accuracy": {
        "90th": [
            0.895,
            0.925
        ],
        "95th": [
            0.891,
            0.927
        ],
        "99th": [
            0.885995,
            0.932
        ],
        "mean": 0.9097430000000001,
        "median": 0.91
    },
    "cohen_kappa": {
        "90th": [
            0.7899967229775691,
            0.8497880207890935
        ],
        "95th": [
            0.7820579212455873,
            0.8542940927704895
        ],
        "99th": [
            0.7718744898372706,
            0.8641228948696061
        ],
        "mean": 0.8193717651333734,
        "median": 0.8187291232321852
    },
    "macro avg": {
        "f1-score": {
            "90th": [
                0.8944358860460417,
                0.9246817805227084
            ],
            "95th": [
                0.8904135128021828,
                0.9269788969012044
            ],
            "99th": [
                0.8854678094370089,
                0.931891460317117
            ],
            "mean": 0.9093619928726887,
            "median": 0.9089908080352043
        },
        "precision": {
            "90th": [
                0.895065778853609,
                0.9244434443444345
            ],
            "95th": [
                0.8913324418772985,
                0.9272933817216882
            ],
            "99th": [
                0.885782866259772,
                0.931746301014493
            ],
            "mean": 0.9098055758083579,
            "median": 0.9096718717171701
        },
        "recall": {
            "90th": [
                0.9011464475031343,
                0.9295287982346853
            ],
            "95th": [
                0.8979854990585522,
                0.9320204144585711
            ],
            "99th": [
                0.8924562409722653,
                0.9362066860545133
            ],
            "mean": 0.9153770764378708,
            "median": 0.915250157770259
        }
    },
    "weighted avg": {
        "f1-score": {
            "90th": [
                0.8952518480262346,
                0.9252195650313515
            ],
            "95th": [
                0.8912700229017264,
                0.9274499605241608
            ],
            "99th": [
                0.8860963705681263,
                0.9322272565528472
            ],
            "mean": 0.9100497218643782,
            "median": 0.9100655336311966
        },
        "precision": {
            "90th": [
                0.9034500307209499,
                0.9300148014776343
            ],
            "95th": [
                0.9004920391054874,
                0.9325533426580819
            ],
            "99th": [
                0.8944346369619448,
                0.936399682967914
            ],
            "mean": 0.9167204981478537,
            "median": 0.9166229283758467
        },