{
    "Mangrove": {
        "f1-score": {
            "90th": [
                0.9924812030075187,
                1.0
            ],
            "95th": [
                0.9918256130790191,
                1.0
            ],
            "99th": [
                0.9886597192068316,
                1.0
            ],
            "mean": 0.9975251860017943,
            "median": 0.9975550122249389
        },
        "precision": {
            "90th": [
                1.0,
                1.0
            ],
            "95th": [
                1.0,
                1.0
            ],
            "99th": [
                1.0,
                1.0
            ],
            "mean": 1.0,
            "median": 1.0
        },
        "producer_accuracy": {
            "90th": [
                100.0,
                100.0
            ],
            "95th": [
                100.0,
                100.0
            ],
            "99th": [
                100.0,
                100.0
            ],
            "mean": 100.0,
            "median": 100.0
        },
        "recall": {
            "90th": [
                0.9850746268656716,
                1.0
            ],
            "95th": [
                0.9837837837837838,
                1.0
            ],
            "99th": [
                0.9775737605297348,
                1.0
            ],
            "mean": 0.9950753155667944,
            "median": 0.9951219512195122
        },
        "support": {
            "90th": [
                184.0,
                218.0
            ],
            "95th": [
                181.0,
                222.0
            ],
            "99th": [
                175.995,
                227.0
            ],
            "mean": 200.9145,
            "median": 201.0
        },
        "user_accuracy": {
            "90th": [
                98.50746268656717,
                100.0
            ],
            "95th": [
                98.37837837837839,
                100.0
            ],
            "99th": [
                97.75737605297347,
                100.0
            ],
            "mean": 99.50753155667942,
            "median": 99.51219512195122
        }
    },
    "Other": {
        "f1-score": {
            "90th": [
                0.9925187032418953,
                1.0
            ],
            "95th": [
                0.9919137466307278,
                1.0
            ],
            "99th": [
                0.9879512209421628,
                1.0
            ],
            "mean": 0.9975235270523076,
            "median": 0.9975429975429976
        },
        "precision": {
            "90th": [
                0.9851485148514851,
                1.0
            ],
            "95th": [
                0.983957219251337,
                1.0
            ],
            "99th": [
                0.9761893315018315,
                1.0
            ],
            "mean": 0.9950720545197511,
            "median": 0.9950980392156863
        },
        "producer_accuracy": {
            "90th": [
                98.51485148514851,
                100.0
            ],
            "95th": [
                98.3957219251337,
                100.0
            ],
            "99th": [
                97.61893315018315,
                100.0
            ],
            "mean": 99.50720545197512,
            "median": 99.50980392156863
        },
        "recall": {
            "90th": [
                1.0,
                1.0
            ],
            "95th": [
                1.0,
                1.0
            ],
            "99th": [
                1.0,
                1.0
            ],
            "mean": 1.0,
            "median": 1.0
        },
        "support": {
            "90th": [
                182.0,
                216.0
            ],
            "95th": [
                178.0,
                219.0
            ],
            "99th": [
                173.0,
                224.00499999999988
            ],
            "mean": 199.0855,
            "median": 199.0
        },
        "user_accuracy": {
            "90th": [
                100.0,
                100.0
            ],
            "95th": [
                100.0,
                100.0
            ],
            "99th": [
                100.0,
                100.0
            ],
            "mean": 100.0,
            "median": 100.0
        }
    },
    "accuracy": {
        "90th": [
            0.9925,
            1.0
        ],
        "95th": [
            0.9925,
            1.0
        ],
        "99th": [
            0.9875,
            1.0
        ],
        "mean": 0.99753125,
        "median": 0.9975
    },
    "cohen_kappa": {
        "90th": [
            0.9849797226255445,
            1.0
        ],
        "95th": [
            0.9848710442272516,
            1.0
        ],
        "99th": [
            0.9750037431891466,
            1.0
        ],
        "mean": 0.9950488733597548,
        "median": 0.9949974987493747
    },
    "macro avg": {
        "f1-score": {
            "90th": [
                0.9924894382725709,
                1.0
            ],
            "95th": [
                0.9924350929293243,
                1.0
            ],
            "99th": [
                0.9874999187493164,
                1.0
            ],
            "mean": 0.9975243565270511,
            "median": 0.9974987337339529
        },
        "precision": {
            "90th": [
                0.9925742574257426,
                1.0
            ],
            "95th": [
                0.9919786096256684,
                1.0
            ],
            "99th": [
                0.9880946657509158,
                1.0
            ],
            "mean": 0.9975360272598756,
            "median": 0.9975490196078431
        },
        "recall": {
            "90th": [
                0.9925373134328358,
                1.0
            ],
            "95th": [
                0.991891891891892,
                1.0
            ],
            "99th": [
                0.9887868802648674,
                1.0
            ],
            "mean": 0.9975376577833972,
            "median": 0.9975609756097561
        }
    },
    "weighted avg": {
        "f1-score": {
            "90th": [
                0.9924998593741211,
                1.0
            ],
            "95th": [
                0.9924953275732957,
                1.0
            ],
            "99th": [
                0.9875161498182675,
                1.0
            ],
            "mean": 0.997531256918352,
            "median": 0.9975001406962275
        },
        "precision": {
            "90th": [
                0.9926113861386139,
                1.0
            ],
            "95th": [
                0.9926032110091743,
                1.0
            ],
            "99th": [
                0.9878433256860939,
                1.0
            ],
            "mean": 0.9975560935137583,
            "median": 0.9975127551020408
        },
        "recall": {
            "90th": [
                0.9925,
                1.0
            ],
            "95th": [
                0.9925,
                1.0
            ],
            "99th": [
                0.9875,
                1.0
            ],
            "mean": 0.99753125,
            "median": 0.9975
        }
    }
}