{
    "Mangrove": {
        "f1-score": 0.9518072289156627,
        "precision": 0.948,
        "recall": 0.9556451612903226,
        "support": 496
    },
    "Other": {
        "f1-score": 0.952191235059761,
        "precision": 0.956,
        "recall": 0.9484126984126984,
        "support": 504
    },
    "accuracy": 0.952,
    "accuracy_conf_interval": [
        0.011086205915460893,
        0.01324936804530692,
        0.015750524257941392,
        0.0174404946718836
    ],
    "cls_confidence_intervals": {
        "Mangrove": [
            0.016284134708359554,
            0.019461526846576052,
            0.02313538650638888,
            0.025617724114370518
        ],
        "Other": [
            0.01504229599496035,
            0.017977378140318467,
            0.021371066870888793,
            0.02366409979694982
        ]
    },
    "cohen_kappa": 0.904,
    "confusion_matrix": [
        [
            474,
            22
        ],
        [
            26,
            478
        ]
    ],
    "macro avg": {
        "f1-score": 0.9519992319877119,
        "precision": 0.952,
        "recall": 0.9520289298515106,
        "support": 1000
    },
    "producer_accuracy": [
        94.8,
        95.6
    ],
    "user_accuracy": [
        95.56451612903226,
        94.84126984126983
    ],
    "weighted avg": {
        "f1-score": 0.9520007680122883,
        "precision": 0.9520319999999999,
        "recall": 0.952,
        "support": 1000
    }
}