{
    "Mangrove": {
        "f1-score": {
            "90th": [
                0.9755038715941312,
                0.9895404443172923
            ],
            "95th": [
                0.9742521721184183,
                0.9906542056074766
            ],
            "99th": [
                0.9718456725755996,
                0.9929804206086078
            ],
            "mean": 0.9826875172295267,
            "median": 0.982835018987683
        },
        "precision": {
            "90th": [
                0.9591074265818261,
                0.9836082335981763
            ],
            "95th": [
                0.9571984435797666,
                0.9858878066787823
            ],
            "99th": [
                0.9511199437228229,
                0.9903479517485254
            ],
            "mean": 0.9717952849793294,
            "median": 0.972
        },
        "producer_accuracy": {
            "90th": [
                95.91074265818263,
                98.36082335981763
            ],
            "95th": [
                95.71984435797665,
                98.58878066787823
            ],
            "99th": [
                95.1119943722823,
                99.03479517485255
            ],
            "mean": 97.17952849793295,
            "median": 97.2
        },
        "recall": {
            "90th": [
                0.9875246881496882,
                0.9981310154833309
            ],
            "95th": [
                0.9857426534768694,
                1.0
            ],
            "99th": [
                0.9834023170952632,
                1.0
            ],
            "mean": 0.9938622309179727,
            "median": 0.9939576977997013
        },
        "support": {
            "90th": [
                463.0,
                515.0
            ],
            "95th": [
                458.0,
                519.0
            ],
            "99th": [
                450.0,
                528.0099999999998
            ],
            "mean": 488.367,
            "median": 488.0
        },
        "user_accuracy": {
            "90th": [
                98.75246881496882,
                99.8131015483331
            ],
            "95th": [
                98.57426534768693,
                100.0
            ],
            "99th": [
                98.34023170952631,
                100.0
            ],
            "mean": 99.38622309179726,
            "median": 99.39576977997014
        }
    },
    "Other": {
        "f1-score": {
            "90th": [
                0.9760274748009069,
                0.9899406479034852
            ],
            "95th": [
                0.9748224961206752,
                0.9909370113406913
            ],
            "99th": [
                0.972221111111111,
                0.9932510124466243
            ],
            "mean": 0.9831007029231877,
            "median": 0.983218163869694
        },
        "precision": {
            "90th": [
                0.9878283777766784,
                0.9981450553671308
            ],
            "95th": [
                0.9862204724409449,
                1.0
            ],
            "99th": [
                0.9834710743801653,
                1.0
            ],
            "mean": 0.9940099142360241,
            "median": 0.9941060903732809
        },
        "producer_accuracy": {
            "90th": [
                98.78283777766784,
                99.81450553671309
            ],
            "95th": [
                98.62204724409449,
                100.0
            ],
            "99th": [
                98.34710743801654,
                100.0
            ],
            "mean": 99.40099142360242,
            "median": 99.41060903732809
        },
        "recall": {
            "90th": [
                0.9603174603174603,
                0.9841599812155128
            ],
            "95th": [
                0.9577735124760077,
                0.9861939733494852
            ],
            "99th": [
                0.9533943815706325,
                0.9905304817038307
            ],
            "mean": 0.9724607689690719,
            "median": 0.9727095516569201
        },
        "support": {
            "90th": [
                485.0,
                537.0
            ],
            "95th": [
                481.0,
                542.0
            ],
            "99th": [
                471.99,
                550.0
            ],
            "mean": 511.633,
            "median": 512.0
        },
        "user_accuracy": {
            "90th": [
                96.03174603174604,
                98.41599812155128
            ],
            "95th": [
                95.77735124760078,
                98.61939733494852
            ],
            "99th": [
                95.33943815706326,
                99.05304817038306
            ],
            "mean": 97.24607689690718,
            "median": 97.270955165692
        }
    },
    "accuracy": {
        "90th": [
            0.976,
            0.99
        ],
        "95th": [
            0.975,
            0.991
        ],
        "99th": [
            0.972,
            0.993
        ],
        "mean": 0.9829134999999999,
        "median": 0.983
    },
    "cohen_kappa": {
        "90th": [
            0.9519468243159686,
            0.9799418795880931
        ],
        "95th": [
            0.949855161648592,
            0.9819640326502065
        ],
        "99th": [
            0.94401097272956,
            0.9859986625916087
        ],
        "mean": 0.965793524312792,
        "median": 0.9659859862257805
    },
    "macro avg": {
        "f1-score": {
            "90th": [
                0.9759688556369055,
                0.9899707547207657
            ],
            "95th": [
                0.974918510239769,
                0.9909817777733471
            ],
            "99th": [
                0.9719982078853047,
                0.9929991568180103
            ],
            "mean": 0.9828941100763573,
            "median": 0.9829910022401851
        },
        "precision": {
            "90th": [
                0.975883525774395,
                0.9896907402873723
            ],
            "95th": [
                0.9746244278261681,
                0.9907817035331798
            ],
            "99th": [
                0.9723671963430499,
                0.9930010782215167
            ],
            "mean": 0.9829025996076769,
            "median": 0.9830288303296928
        },
        "recall": {
            "90th": [
                0.9762338034501573,
                0.9899844737730642
            ],
            "95th": [
                0.975117074947225,
                0.9909701821345857
            ],
            "99th": [
                0.9723671963430499,
                0.9932705967925064
            ],
            "mean": 0.9831614999435223,
            "median": 0.9832063268442623
        }
    },
    "weighted avg": {
        "f1-score": {
            "90th": [
                0.9759965243148623,
                0.9899992219233443
            ],
            "95th": [
                0.9749929718240208,
                0.9909996846229246
            ],
            "99th": [
                0.9720035663082438,
                0.9930016296465363
            ],
            "mean": 0.9829159092557782,
            "median": 0.98300198924866
        },
        "precision": {
            "90th": [
                0.9763959786605375,
                0.9900327397559249
            ],
            "95th": [
                0.9752418903801843,
                0.991048400099059
            ],
            "99th": [
                0.9725047938832019,
                0.9931006398180653
            ],
            "mean": 0.9831934801052925,
            "median": 0.9832534481032928
        },
        "recall": {
            "90th": [
                0.976,
                0.99
            ],