{
    "Mangrove": {
        "f1-score": {
            "90th": [
                0.9332094704641053,
                0.9571843750809865
            ],
            "95th": [
                0.9311954298920093,
                0.959473830446792
            ],
            "99th": [
                0.9263801514241673,
                0.9626868598185543
            ],
            "mean": 0.9458513241857527,
            "median": 0.946
        },
        "precision": {
            "90th": [
                0.9721669980119284,
                0.9917872891910997
            ],
            "95th": [
                0.9700214132762313,
                0.9922182766045862
            ],
            "99th": [
                0.9658634538152611,
                0.9959514986287057
            ],
            "mean": 0.982266619700935,
            "median": 0.982421875
        },
        "producer_accuracy": {
            "90th": [
                97.21669980119285,
                99.17872891910997
            ],
            "95th": [
                97.00214132762312,
                99.22182766045862
            ],
            "99th": [
                96.5863453815261,
                99.59514986287057
            ],
            "mean": 98.2266619700935,
            "median": 98.2421875
        },
        "recall": {
            "90th": [
                0.8925220706526797,
                0.9318600368324125
            ],
            "95th": [
                0.8876149182920401,
                0.9347836207594528
            ],
            "99th": [
                0.8812249137747186,
                0.9416059814252037
            ],
            "mean": 0.9121273995882534,
            "median": 0.9122000601931654
        },
        "support": {
            "90th": [
                513.0,
                563.0
            ],
            "95th": [
                508.0,
                567.0
            ],
            "99th": [
                498.995,
                580.0
            ],
            "mean": 537.616,
            "median": 537.0
        },
        "user_accuracy": {
            "90th": [
                89.25220706526797,
                93.18600368324125
            ],
            "95th": [
                88.761491829204,
                93.47836207594527
            ],
            "99th": [
                88.12249137747186,
                94.16059814252037
            ],
            "mean": 91.21273995882535,
            "median": 91.22000601931654
        }
    },
    "Other": {
        "f1-score": {
            "90th": [
                0.9283251972248643,
                0.9545497508162915
            ],
            "95th": [
                0.925771116510167,
                0.9564377959535084
            ],
            "99th": [
                0.9209692951645008,
                0.9600020833333333
            ],
            "mean": 0.9417002035528635,
            "median": 0.9418223983645762
        },
        "precision": {
            "90th": [
                0.8838126025282254,
                0.9269334355295642
            ],
            "95th": [
                0.879416072514232,
                0.9305589933993399
            ],
            "99th": [
                0.8697386076500827,
                0.9368648244465283
            ],
            "mean": 0.9056511486737318,
            "median": 0.905966500976098
        },
        "producer_accuracy": {
            "90th": [
                88.38126025282254,
                92.69334355295642
            ],
            "95th": [
                87.94160725142319,
                93.05589933993399
            ],
            "99th": [
                86.97386076500828,
                93.68648244465284
            ],
            "mean": 90.56511486737318,
            "median": 90.5966500976098
        },
        "recall": {
            "90th": [
                0.9702064011638479,
                0.9911120965755112
            ],
            "95th": [
                0.9679613042008242,
                0.9916501373703879
            ],
            "99th": [
                0.9637182139094039,
                0.9955654101995566
            ],
            "mean": 0.9808581014942062,
            "median": 0.9811912020335252
        },
        "support": {
            "90th": [
                437.0,
                487.0
            ],
            "95th": [
                433.0,
                492.0
            ],
            "99th": [
                420.0,
                501.0049999999999
            ],
            "mean": 462.384,
            "median": 463.0
        },
        "user_accuracy": {
            "90th": [
                97.0206401163848,
                99.11120965755113
            ],
            "95th": [
                96.79613042008242,
                99.16501373703878
            ],
            "99th": [
                96.37182139094038,
                99.55654101995566
            ],
            "mean": 98.08581014942061,
            "median": 98.11912020335252
        }
    },
    "accuracy": {
        "90th": [
            0.931,
            0.956
        ],
        "95th": [
            0.929,
            0.958
        ],
        "99th": [
            0.925,
            0.962
        ],
        "mean": 0.9439025,
        "median": 0.944
    },
    "cohen_kappa": {
        "90th": [
            0.8623546293821699,
            0.9117365208033013
        ],
        "95th": [
            0.8581455708292575,
            0.915826299087121
        ],
        "99th": [
            0.8504849723599954,
            0.923627963990157
        ],
        "mean": 0.887728789496799,
        "median": 0.888040081639581
    },
    "macro avg": {
        "f1-score": {
            "90th": [
                0.9309941068713395,
                0.9558234179567922
            ],
            "95th": [
                0.9289477907433313,
                0.9578587084709944
            ],
            "99th": [
                0.924999915999691,
                0.9617794580464794
            ],
            "mean": 0.9437757638693081,
            "median": 0.9439312594490104
        },
        "precision": {
            "90th": [
                0.9315780676570007,
                0.9558363851805075
            ],
            "95th": [
                0.9296821975971687,
                0.9578085289633252
            ],
            "99th": [
                0.9256363522833787,
                0.961125684253445
            ],
            "mean": 0.9439588841873333,
            "median": 0.9440874408723958
        },
        "recall": {
            "90th": [
                0.934521824217952,
                0.9574500591237666
            ],
            "95th": [
                0.9323435685645951,
                0.959751865360057
            ],
            "99th": [
                0.9289322359063555,
                0.9626744031111748
            ],
            "mean": 0.9464927505412298,
            "median": 0.9466723125304078
        }
    },
    "weighted avg": {
        "f1-score": {
            "90th": [
                0.9313081558814285,
                0.9559978352023236
            ],
            "95th": [
                0.9291287984227091,
                0.9580002772399225
            ],
            "99th": [
                0.92521012217622,
                0.9619954877175579
            ],
            "mean": 0.9439836998300127,
            "median": 0.9441008832228255
        },
        "precision": {
            "90th": [
                0.9358570953154924,
                0.957583338897158
            ],
            "95th": [
                0.9334075207991803,
                0.9595745162442498
            ],
            "99th": [
                0.929956081732783,
                0.9629125042498548
            ],
            "mean": 0.9469435636482972,
            "median": 0.94704632003076
        },