{
    "Mangrove": {
        "f1-score": {
            "90th": [
                0.852148875804315,
                0.889869341507198
            ],
            "95th": [
                0.8477989828148688,
                0.8937150792085716
            ],
            "99th": [
                0.8397123062854156,
                0.9001180533036519
            ],
            "mean": 0.8713808991996587,
            "median": 0.8720271800679502
        },
        "precision": {
            "90th": [
                0.7454873086294789,
                0.8048805529123053
            ],
            "95th": [
                0.7390419937895477,
                0.8107114821951045
            ],
            "99th": [
                0.727458084947839,
                0.8218115673942531
            ],
            "mean": 0.7754187043225906,
            "median": 0.776
        },
        "producer_accuracy": {
            "90th": [
                74.54873086294788,
                80.48805529123054
            ],
            "95th": [
                73.90419937895477,
                81.07114821951045
            ],
            "99th": [
                72.7458084947839,
                82.1811567394253
            ],
            "mean": 77.54187043225905,
            "median": 77.60000000000001
        },
        "recall": {
            "90th": [
                0.9877149877149877,
                1.0
            ],
            "95th": [
                0.9868073878627969,
                1.0
            ],
            "99th": [
                0.9841261353026058,
                1.0
            ],
            "mean": 0.9947631686155519,
            "median": 0.9949238578680203
        },
        "support": {
            "90th": [
                365.0,
                415.0
            ],
            "95th": [
                359.0,
                419.0
            ],
            "99th": [
                350.995,
                429.0
            ],
            "mean": 389.8205,
            "median": 390.0
        },
        "user_accuracy": {
            "90th": [
                98.77149877149877,
                100.0
            ],
            "95th": [
                98.68073878627969,
                100.0
            ],
            "99th": [
                98.41261353026059,
                100.0
            ],
            "mean": 99.47631686155519,
            "median": 99.49238578680203
        }
    },
    "Other": {
        "f1-score": {
            "90th": [
                0.8811432883133525,
                0.9115161007190768
            ],
            "95th": [
                0.8779587388405931,
                0.9143418590249468
            ],
            "99th": [
                0.8734146069132495,
                0.9202605084595509
            ],
            "mean": 0.8969204114354704,
            "median": 0.8969917958067457
        },
        "precision": {
            "90th": [
                0.9903456197060848,
                1.0
            ],
            "95th": [
                0.9898161810549067,
                1.0
            ],
            "99th": [
                0.9874737729404879,
                1.0
            ],
            "mean": 0.9959222375295657,
            "median": 0.996031746031746
        },
        "producer_accuracy": {
            "90th": [
                99.0345619706085,
                100.0
            ],
            "95th": [
                98.98161810549067,
                100.0
            ],
            "99th": [
                98.7473772940488,
                100.0
            ],
            "mean": 99.59222375295656,
            "median": 99.60317460317461
        },
        "recall": {
            "90th": [
                0.7905781931016174,
                0.8400673400673401
            ],
            "95th": [
                0.7859364818434926,
                0.8452390646812471
            ],
            "99th": [
                0.776857656942696,
                0.8557386047296347
            ],
            "mean": 0.8159516868979745,
            "median": 0.8159609120521173
        },
        "support": {
            "90th": [
                585.0,
                635.0
            ],
            "95th": [
                581.0,
                641.0
            ],
            "99th": [
                571.0,
                649.0049999999999
            ],
            "mean": 610.1795,
            "median": 610.0
        },
        "user_accuracy": {
            "90th": [
                79.05781931016173,
                84.006734006734
            ],
            "95th": [
                78.59364818434926,
                84.52390646812471
            ],
            "99th": [
                77.6857656942696,
                85.57386047296347
            ],
            "mean": 81.59516868979746,
            "median": 81.59609120521174
        }
    },
    "accuracy": {
        "90th": [
            0.86995,
            0.902
        ],
        "95th": [
            0.866,
            0.904
        ],
        "99th": [
            0.86,
            0.910005
        ],
        "mean": 0.885652,
        "median": 0.886
    },
    "cohen_kappa": {
        "90th": [
            0.7394069482547911,
            0.8022149581502487
        ],
        "95th": [
            0.7330782734894041,
            0.8069551082422666
        ],
        "99th": [
            0.722421391643358,
            0.8202234876961866
        ],
        "mean": 0.7711824217614669,
        "median": 0.7712138622631266
    },
    "macro avg": {
        "f1-score": {
            "90th": [
                0.8676528931940751,
                0.9002095599241593
            ],
            "95th": [
                0.8642363112671614,
                0.9026496163502846
            ],
            "99th": [
                0.8587917279620483,
                0.9095410657818618
            ],
            "mean": 0.8841506553175645,
            "median": 0.8841630782402861
        },
        "precision": {
            "90th": [
                0.8704813493143013,
                0.900622184332374
            ],
            "95th": [
                0.8672923041311076,
                0.9035300718682616
            ],
            "99th": [
                0.8614553020942354,
                0.9090844148484563
            ],
            "mean": 0.8856704709260781,
            "median": 0.8861116612813356
        },
        "recall": {
            "90th": [
                0.892255437834831,
                0.9176299601950029
            ],
            "95th": [
                0.889949283108687,
                0.9203024390693898
            ],
            "99th": [
                0.8858976534844045,
                0.9248313372366959
            ],
            "mean": 0.9053574277567632,
            "median": 0.9053275990296716
        }
    },
    "weighted avg": {
        "f1-score": {
            "90th": [
                0.8713999363781444,
                0.9026774099484959
            ],
            "95th": [
                0.8677121006680945,
                0.9049674521180858
            ],
            "99th": [
                0.8624103924583392,
                0.9111062490271385
            ],
            "mean": 0.8870694045002019,
            "median": 0.8871433536799875
        },
        "precision": {
            "90th": [
                0.900160535070979,
                0.9200433994953914
            ],
            "95th": [
                0.8984213307560597,
                0.9218943497082628
            ],
            "99th": [
                0.8954386359754943,
                0.925428356074858
            ],
            "mean": 0.9101363911311909,
            "median": 0.9100051216079168
        },
        "recall": {
            "90th": [
                0.86995,
                0.902
            ],
            "95th": [
                0.866,
                0.904
            ],