{
    "Mangrove": {
        "f1-score": {
            "90th": [
                0.9684210526315791,
                0.9843137254901959
            ],
            "95th": [
                0.9672906368352181,
                0.9858299595141701
            ],
            "99th": [
                0.9641016905606085,
                0.9883043206722307
            ],
            "mean": 0.9766228592597941,
            "median": 0.976788270304539
        },
        "precision": {
            "90th": [
                0.971071385794706,
                0.9903110146492136
            ],
            "95th": [
                0.9689424885956548,
                0.9921104536489151
            ],
            "99th": [
                0.9655168909447716,
                0.99415232902075
            ],
            "mean": 0.9815043700130095,
            "median": 0.9818181818181818
        },
        "producer_accuracy": {
            "90th": [
                97.1071385794706,
                99.03110146492135
            ],
            "95th": [
                96.89424885956548,
                99.21104536489152
            ],
            "99th": [
                96.55168909447715,
                99.415232902075
            ],
            "mean": 98.15043700130094,
            "median": 98.18181818181819
        },
        "recall": {
            "90th": [
                0.9590619307832422,
                0.9838383838383838
            ],
            "95th": [
                0.9567895433027013,
                0.9858299595141701
            ],
            "99th": [
                0.9519982205029013,
                0.9897750511247444
            ],
            "mean": 0.9718344587411082,
            "median": 0.9721115537848606
        },
        "support": {
            "90th": [
                478.0,
                529.0
            ],
            "95th": [
                473.0,
                533.0
            ],
            "99th": [
                464.995,
                542.0049999999999
            ],
            "mean": 503.1615,
            "median": 503.0
        },
        "user_accuracy": {
            "90th": [
                95.90619307832422,
                98.38383838383838
            ],
            "95th": [
                95.67895433027012,
                98.582995951417
            ],
            "99th": [
                95.19982205029012,
                98.97750511247445
            ],
            "mean": 97.18344587411083,
            "median": 97.21115537848605
        }
    },
    "Other": {
        "f1-score": {
            "90th": [
                0.9682677211456724,
                0.9843152603507156
            ],
            "95th": [
                0.9666299430775004,
                0.9860279441117764
            ],
            "99th": [
                0.9632564669447466,
                0.98800140625
            ],
            "mean": 0.9765467647803034,
            "median": 0.9766970618034448
        },
        "precision": {
            "90th": [
                0.9593005494245253,
                0.9838725903809956
            ],
            "95th": [
                0.9566986925313651,
                0.9860300232867598
            ],
            "99th": [
                0.9519809578035048,
                0.989670053972002
            ],
            "mean": 0.9717450126584768,
            "median": 0.972
        },
        "producer_accuracy": {
            "90th": [
                95.93005494245251,
                98.38725903809957
            ],
            "95th": [
                95.6698692531365,
                98.60300232867597
            ],
            "99th": [
                95.19809578035049,
                98.9670053972002
            ],
            "mean": 97.17450126584767,
            "median": 97.2
        },
        "recall": {
            "90th": [
                0.9710144927536232,
                0.990293140034929
            ],
            "95th": [
                0.9691119691119691,
                0.9919517102615694
            ],
            "99th": [
                0.9645815089453861,
                0.9941177046160931
            ],
            "mean": 0.9814419378967844,
            "median": 0.9817444219066938
        },
        "support": {
            "90th": [
                471.0,
                522.0
            ],
            "95th": [
                467.0,
                527.0
            ],
            "99th": [
                457.995,
                535.0049999999999
            ],
            "mean": 496.8385,
            "median": 497.0
        },
        "user_accuracy": {
            "90th": [
                97.10144927536231,
                99.0293140034929
            ],
            "95th": [
                96.91119691119691,
                99.19517102615694
            ],
            "99th": [
                96.4581508945386,
                99.4117704616093
            ],
            "mean": 98.14419378967844,
            "median": 98.17444219066938
        }
    },
    "accuracy": {
        "90th": [
            0.969,
            0.984
        ],
        "95th": [
            0.967,
            0.986
        ],
        "99th": [
            0.964,
            0.988
        ],
        "mean": 0.9766075,
        "median": 0.977
    },
    "cohen_kappa": {
        "90th": [
            0.9378638721163155,
            0.9679980030738351
        ],
        "95th": [
            0.9339883819552242,
            0.9719869375058003
        ],
        "99th": [
            0.9275812502067452,
            0.975984642177477
        ],
        "mean": 0.9531719897415776,
        "median": 0.9539227745694399
    },
    "macro avg": {
        "f1-score": {
            "90th": [
                0.9689310704182967,
                0.9839984286447079
            ],
            "95th": [
                0.966992573328999,
                0.9859932501448349
            ],
            "99th": [
                0.9637900092956245,
                0.9879918885200976
            ],
            "mean": 0.9765848120200488,
            "median": 0.9769612718980607
        },
        "precision": {
            "90th": [
                0.9686690083197781,
                0.9841118261642539
            ],
            "95th": [
                0.9669855684031031,
                0.9859857066710603
            ],
            "99th": [
                0.9635225814471845,
                0.9880523529444165
            ],
            "mean": 0.9766246913357431,
            "median": 0.9769126754252613
        },
        "recall": {
            "90th": [
                0.968779194083768,
                0.9840745443558641
            ],
            "95th": [
                0.9671031363906273,
                0.9859918414156812
            ],
            "99th": [
                0.9640227151651837,
                0.9880314972088915
            ],
            "mean": 0.9766381983189463,
            "median": 0.9769229835533848
        }
    },
    "weighted avg": {
        "f1-score": {
            "90th": [
                0.968990159547703,
                0.9840010402622744
            ],
            "95th": [
                0.967001668627659,
                0.986
            ],
            "99th": [
                0.9640010017166131,
                0.9880002004093883
            ],
            "mean": 0.9766077010965133,
            "median": 0.9769985047473022
        },
        "precision": {
            "90th": [
                0.9690024837535649,
                0.9840743924836581
            ],
            "95th": [
                0.9671035125023952,
                0.9860085664777335
            ],
            "99th": [
                0.9640114539364518,
                0.9880749308853313
            ],
            "mean": 0.9767009825447442,
            "median": 0.9770120883516502
        },