{
    "Mangrove": {
        "f1-score": {
            "90th": [
                0.9721234330569907,
                0.9901315789473684
            ],
            "95th": [
                0.9704337814645309,
                0.9916534490373584
            ],
            "99th": [
                0.9667247518972563,
                0.9934855528498994
            ],
            "mean": 0.9815919545328378,
            "median": 0.9818780889621086
        },
        "precision": {
            "90th": [
                0.9577899213462593,
                0.9873817034700315
            ],
            "95th": [
                0.9542477906655621,
                0.99
            ],
            "99th": [
                0.9475515274199485,
                0.9934854477769787
            ],
            "mean": 0.9735870928658731,
            "median": 0.9736842105263158
        },
        "producer_accuracy": {
            "90th": [
                95.77899213462594,
                98.73817034700315
            ],
            "95th": [
                95.4247790665562,
                99.0
            ],
            "99th": [
                94.75515274199485,
                99.34854477769787
            ],
            "mean": 97.35870928658731,
            "median": 97.36842105263158
        },
        "recall": {
            "90th": [
                0.9792387543252595,
                1.0
            ],
            "95th": [
                0.9765866647213306,
                1.0
            ],
            "99th": [
                0.972221250971251,
                1.0
            ],
            "mean": 0.9897922886699555,
            "median": 0.99
        },
        "support": {
            "90th": [
                275.0,
                315.0
            ],
            "95th": [
                271.0,
                319.0
            ],
            "99th": [
                264.995,
                326.0049999999999
            ],
            "mean": 295.0955,
            "median": 295.0
        },
        "user_accuracy": {
            "90th": [
                97.92387543252595,
                100.0
            ],
            "95th": [
                97.65866647213306,
                100.0
            ],
            "99th": [
                97.22212509712509,
                100.0
            ],
            "mean": 98.97922886699554,
            "median": 99.0
        }
    },
    "Other": {
        "f1-score": {
            "90th": [
                0.9726027397260273,
                0.9903536977491961
            ],
            "95th": [
                0.970838948787062,
                0.9916812222856874
            ],
            "99th": [
                0.9669950495049504,
                0.9935902491304699
            ],
            "mean": 0.9818831414031297,
            "median": 0.9821138211382114
        },
        "precision": {
            "90th": [
                0.9797297297297297,
                1.0
            ],
            "95th": [
                0.9767422480620155,
                1.0
            ],
            "99th": [
                0.972024062199781,
                1.0
            ],
            "mean": 0.9899433021501065,
            "median": 0.9901315789473685
        },
        "producer_accuracy": {
            "90th": [
                97.97297297297297,
                100.0
            ],
            "95th": [
                97.67422480620154,
                100.0
            ],
            "99th": [
                97.2024062199781,
                100.0
            ],
            "mean": 98.99433021501065,
            "median": 99.01315789473685
        },
        "recall": {
            "90th": [
                0.9581808435466972,
                0.9875776397515528
            ],
            "95th": [
                0.9554092594353075,
                0.9901639344262295
            ],
            "99th": [
                0.9488796482329304,
                0.9936306743504195
            ],
            "mean": 0.9740117316572794,
            "median": 0.9742765273311897
        },
        "support": {
            "90th": [
                285.0,
                325.0
            ],
            "95th": [
                281.0,
                329.0
            ],
            "99th": [
                273.995,
                335.0049999999999
            ],
            "mean": 304.9045,
            "median": 305.0
        },
        "user_accuracy": {
            "90th": [
                95.81808435466972,
                98.75776397515527
            ],
            "95th": [
                95.54092594353077,
                99.01639344262296
            ],
            "99th": [
                94.88796482329303,
                99.36306743504196
            ],
            "mean": 97.40117316572793,
            "median": 97.42765273311898
        }
    },
    "accuracy": {
        "90th": [
            0.9733333333333334,
            0.99
        ],
        "95th": [
            0.9716666666666667,
            0.9916666666666667
        ],
        "99th": [
            0.9666666666666667,
            0.9933333333333333
        ],
        "mean": 0.9817675,
        "median": 0.9816666666666667
    },
    "cohen_kappa": {
        "90th": [
            0.9464132608860072,
            0.9799982220641835
        ],
        "95th": [
            0.9430136388733977,
            0.9833200727749166
        ],
        "99th": [
            0.9333518319020018,
            0.9866668162945844
        ],
        "mean": 0.9634791852063378,
        "median": 0.9633243681607679
    },
    "macro avg": {
        "f1-score": {
            "90th": [
                0.9732020232472449,
                0.9899982608058103
            ],
            "95th": [
                0.9715029991476128,
                0.991660008567077
            ],
            "99th": [
                0.9666651758587418,
                0.9933332596288108
            ],
            "mean": 0.9817375479679837,
            "median": 0.9816605025578041
        },
        "precision": {
            "90th": [
                0.9726720797779715,
                0.9900657008305688
            ],
            "95th": [
                0.9711450220510587,
                0.9916825200670268
            ],
            "99th": [
                0.967171046632684,
                0.9934374990971209
            ],
            "mean": 0.9817651975079899,
            "median": 0.9818068129170723
        },
        "recall": {
            "90th": [
                0.9731485597439544,
                0.9901572828304221
            ],
            "95th": [
                0.9712204167973916,
                0.991672388987659
            ],
            "99th": [
                0.9671104581835056,
                0.993465729761732
            ],
            "mean": 0.9819020101636174,
            "median": 0.9819267053305711
        }
    },
    "weighted avg": {
        "f1-score": {
            "90th": [
                0.9733214407756678,
                0.9900015645452622
            ],
            "95th": [
                0.9716370391969319,
                0.9916665995368505
            ],
            "99th": [
                0.9666733006633997,
                0.9933342255117362
            ],
            "mean": 0.9817688944187196,
            "median": 0.9816704927536232
        },
        "precision": {
            "90th": [
                0.9733614529265718,
                0.9900916150886194
            ],
            "95th": [
                0.9716736881038943,
                0.9916744504685576
            ],
            "99th": [
                0.9672038165815339,
                0.9934213450580938
            ],
            "mean": 0.9819617194253204,
            "median": 0.9819381774303664
        },
        "recall": {
            "90th": [
                0.9733333333333334,
                0.99
            ],