{
    "Mangrove": {
        "f1-score": {
            "90th": [
                0.9533146570529749,
                0.9812206572769953
            ],
            "95th": [
                0.9497684044545186,
                0.9839080459770115
            ],
            "99th": [
                0.9431269624733926,
                0.9878544470694337
            ],
            "mean": 0.967847904358908,
            "median": 0.9683257918552037
        },
        "precision": {
            "90th": [
                0.9156090014064698,
                0.9666666666666667
            ],
            "95th": [
                0.909951539216942,
                0.9714319566689235
            ],
            "99th": [
                0.8968586635963318,
                0.9786324786324786
            ],
            "mean": 0.9418858530652879,
            "median": 0.9425837320574163
        },
        "producer_accuracy": {
            "90th": [
                91.56090014064698,
                96.66666666666667
            ],
            "95th": [
                90.99515392169421,
                97.14319566689234
            ],
            "99th": [
                89.68586635963318,
                97.86324786324786
            ],
            "mean": 94.18858530652881,
            "median": 94.25837320574163
        },
        "recall": {
            "90th": [
                0.9861111111111112,
                1.0
            ],
            "95th": [
                0.9853658536585366,
                1.0
            ],
            "99th": [
                0.9803891859774212,
                1.0
            ],
            "mean": 0.9954333380524679,
            "median": 0.9954128440366973
        },
        "support": {
            "90th": [
                195.0,
                230.0
            ],
            "95th": [
                193.0,
                234.0
            ],
            "99th": [
                184.995,
                239.00499999999988
            ],
            "mean": 213.053,
            "median": 213.0
        },
        "user_accuracy": {
            "90th": [
                98.61111111111111,
                100.0
            ],
            "95th": [
                98.53658536585365,
                100.0
            ],
            "99th": [
                98.03891859774212,
                100.0
            ],
            "mean": 99.54333380524679,
            "median": 99.54128440366972
        }
    },
    "Other": {
        "f1-score": {
            "90th": [
                0.9557894736842105,
                0.9823047834392422
            ],
            "95th": [
                0.9531879932074718,
                0.9846153846153847
            ],
            "99th": [
                0.9469077667506048,
                0.9885583524027459
            ],
            "mean": 0.969526595447814,
            "median": 0.9699769053117782
        },
        "precision": {
            "90th": [
                0.9869536738181127,
                1.0
            ],
            "95th": [
                0.986296613394216,
                1.0
            ],
            "99th": [
                0.9813940324703817,
                1.0
            ],
            "mean": 0.9956793084405697,
            "median": 0.9956331877729258
        },
        "producer_accuracy": {
            "90th": [
                98.69536738181128,
                100.0
            ],
            "95th": [
                98.62966133942162,
                100.0
            ],
            "99th": [
                98.13940324703817,
                100.0
            ],
            "mean": 99.56793084405696,
            "median": 99.56331877729258
        },
        "recall": {
            "90th": [
                0.9196769219736087,
                0.9678842861485784
            ],
            "95th": [
                0.915175555019305,
                0.9729760029087384
            ],
            "99th": [
                0.9017078969543758,
                0.9801587301587301
            ],
            "mean": 0.9448313932693003,
            "median": 0.9452054794520548
        },
        "support": {
            "90th": [
                220.0,
                255.0
            ],
            "95th": [
                216.0,
                257.0
            ],
            "99th": [
                210.995,
                265.0049999999999
            ],
            "mean": 236.947,
            "median": 237.0
        },
        "user_accuracy": {
            "90th": [
                91.96769219736088,
                96.78842861485784
            ],
            "95th": [
                91.5175555019305,
                97.29760029087385
            ],
            "99th": [
                90.17078969543758,
                98.01587301587301
            ],
            "mean": 94.48313932693002,
            "median": 94.52054794520548
        }
    },
    "accuracy": {
        "90th": [
            0.9555555555555556,
            0.9822222222222222
        ],
        "95th": [
            0.9532777777777778,
            0.9844444444444445
        ],
        "99th": [
            0.9466555555555556,
            0.9888888888888889
        ],
        "mean": 0.9687788888888889,
        "median": 0.9688888888888889
    },
    "cohen_kappa": {
        "90th": [
            0.9109439055434704,
            0.9643132933550731
        ],
        "95th": [
            0.90577407743302,
            0.9688519727083952
        ],
        "99th": [
            0.8929589156493366,
            0.9775145092651684
        ],
        "mean": 0.9374306119154191,
        "median": 0.9377777777777778
    },
    "macro avg": {
        "f1-score": {
            "90th": [
                0.955405497201539,
                0.9821536036880936
            ],
            "95th": [
                0.9528179644955961,
                0.9844222124414597
            ],
            "99th": [
                0.9463508653114681,
                0.9887558544699034
            ],
            "mean": 0.9686872499033609,
            "median": 0.9688667496886675
        },
        "precision": {
            "90th": [
                0.9550721984302988,
                0.9815683737678187
            ],
            "95th": [
                0.9518858142312796,
                0.9841897233201582
            ],
            "99th": [
                0.9460027537659116,
                0.9883189568382328
            ],
            "mean": 0.9687825807529287,
            "median": 0.9691874542280805
        },
        "recall": {
            "90th": [
                0.9570800236038235,
                0.9824578469520103
            ],
            "95th": [
                0.9546187679018384,
                0.9846626339134985
            ],
            "99th": [
                0.9475451777434399,
                0.9886880197807308
            ],
            "mean": 0.9701323656608841,
            "median": 0.9705533596837945
        }
    },
    "weighted avg": {
        "f1-score": {
            "90th": [
                0.9555379958690837,
                0.982223363542529
            ],
            "95th": [
                0.9531600930233437,
                0.9844460656815331
            ],
            "99th": [
                0.9465089553113475,
                0.9888853265194162
            ],
            "mean": 0.9688035190783739,
            "median": 0.9689230581550574
        },
        "precision": {
            "90th": [
                0.9580699536451749,
                0.982590902937452
            ],
            "95th": [
                0.9553902667774397,
                0.9846976229871505
            ],
            "99th": [
                0.9497526262033782,
                0.9889727007842042
            ],
            "mean": 0.9703569274979879,
            "median": 0.970696173351775
        },