overall accuracy,0.981
cohen kappa,0.962
""
Confidence Interval,90%,95%,98%,99%
Overall Accuracy,0.007080356940154927,0.008461890001648572,0.010059287604000598,0.011138610308292508
""
class,f1-score,precision,recall,support
Mangrove,0.98128078817734,0.996,0.9669902912621359,515
Other,0.9807106598984772,0.966,0.9958762886597938,485
""
macro avg,0.9809957240379086,0.981,0.9814332899609648,1000
weighted (pixel) avg,0.9810042759620915,0.98145,0.981,1000
""
Confidence Interval,90%,95%,98%,99%
Mangrove,0.0046293339477726176,0.005532618620508739,0.0065770415233598785,0.007282732673934972
Other,0.013291893950825823,0.015885434233913788,0.01888421518623425,0.020910418532396724
""
Point Count Confusion Matrix
,Mangrove,Other,User Acc
Mangrove,498,17,96.69902912621359
Other,2,483,99.58762886597938
Producer,99.6,96.6
""
