{
    "Mangrove": {
        "f1-score": {
            "90th": [
                0.9523728262636112,
                0.9777777777777777
            ],
            "95th": [
                0.9494567511545415,
                0.9793818517489831
            ],
            "99th": [
                0.9440555285122347,
                0.9833336101882613
            ],
            "mean": 0.9658049691893521,
            "median": 0.9662522202486679
        },
        "precision": {
            "90th": [
                0.920380756439885,
                0.9646302250803859
            ],
            "95th": [
                0.9149641771602258,
                0.9676401503288444
            ],
            "99th": [
                0.9057229734917032,
                0.9728883317891981
            ],
            "mean": 0.9432966056177113,
            "median": 0.9435215946843853
        },
        "producer_accuracy": {
            "90th": [
                92.0380756439885,
                96.46302250803859
            ],
            "95th": [
                91.49641771602258,
                96.76401503288444
            ],
            "99th": [
                90.57229734917031,
                97.2888331789198
            ],
            "mean": 94.32966056177114,
            "median": 94.35215946843853
        },
        "recall": {
            "90th": [
                0.9788695067934107,
                0.9967948717948718
            ],
            "95th": [
                0.9759429434767152,
                1.0
            ],
            "99th": [
                0.9717309475478034,
                1.0
            ],
            "mean": 0.9895339631784661,
            "median": 0.9896551724137931
        },
        "support": {
            "90th": [
                265.0,
                306.0
            ],
            "95th": [
                261.975,
                310.0
            ],
            "99th": [
                253.995,
                317.0049999999999
            ],
            "mean": 285.7645,
            "median": 286.0
        },
        "user_accuracy": {
            "90th": [
                97.88695067934106,
                99.67948717948718
            ],
            "95th": [
                97.59429434767152,
                100.0
            ],
            "99th": [
                97.17309475478035,
                100.0
            ],
            "mean": 98.95339631784661,
            "median": 98.9655172413793
        }
    },
    "Other": {
        "f1-score": {
            "90th": [
                0.9543147208121828,
                0.9790017663937731
            ],
            "95th": [
                0.9520617136690239,
                0.9807692307692308
            ],
            "99th": [
                0.9466872072227835,
                0.9833349673202614
            ],
            "mean": 0.9673918242551659,
            "median": 0.967948717948718
        },
        "precision": {
            "90th": [
                0.9796610169491525,
                0.9969235488437942
            ],
            "95th": [
                0.9771986970684039,
                1.0
            ],
            "99th": [
                0.9729725148877691,
                1.0
            ],
            "mean": 0.9900360392208987,
            "median": 0.9901960784313726
        },
        "producer_accuracy": {
            "90th": [
                97.96610169491525,
                99.69235488437943
            ],
            "95th": [
                97.71986970684038,
                100.0
            ],
            "99th": [
                97.29725148877692,
                100.0
            ],
            "mean": 99.00360392208988,
            "median": 99.01960784313727
        },
        "recall": {
            "90th": [
                0.9235474006116208,
                0.9663710809328612
            ],
            "95th": [
                0.9195021024906427,
                0.9693251533742331
            ],
            "99th": [
                0.9108237245786143,
                0.9758626385005694
            ],
            "mean": 0.9458610772559732,
            "median": 0.9464004055881028
        },
        "support": {
            "90th": [
                294.0,
                335.0
            ],
            "95th": [
                290.0,
                338.02499999999986
            ],
            "99th": [
                282.995,
                346.0049999999999
            ],
            "mean": 314.2355,
            "median": 314.0
        },
        "user_accuracy": {
            "90th": [
                92.35474006116208,
                96.6371080932861
            ],
            "95th": [
                91.95021024906427,
                96.93251533742331
            ],
            "99th": [
                91.08237245786142,
                97.58626385005694
            ],
            "mean": 94.5861077255973,
            "median": 94.64004055881027
        }
    },
    "accuracy": {
        "90th": [
            0.9533333333333334,
            0.9783333333333334
        ],
        "95th": [
            0.9516666666666667,
            0.98
        ],
        "99th": [
            0.9466583333333334,
            0.9833333333333333
        ],
        "mean": 0.9666716666666667,
        "median": 0.9666666666666667
    },
    "cohen_kappa": {
        "90th": [
            0.9067658574213664,
            0.9566406992622071
        ],
        "95th": [
            0.9030662269364471,
            0.9599626317896703
        ],
        "99th": [
            0.893222158425617,
            0.9666592576128028
        ],
        "mean": 0.9332408236630766,
        "median": 0.9333625797546075
    },
    "macro avg": {
        "f1-score": {
            "90th": [
                0.9533286661999533,
                0.9783161187083346
            ],
            "95th": [
                0.9514615918924121,
                0.9799777530589544
            ],
            "99th": [
                0.9465253272935833,
                0.9833266639989329
            ],
            "mean": 0.9665983967222589,
            "median": 0.9666633329999665
        },
        "precision": {
            "90th": [
                0.9539809257036147,
                0.9782108666984876
            ],
            "95th": [
                0.9511882833691752,
                0.979773691581872
            ],
            "99th": [
                0.9462944627796113,
                0.9836068252437586
            ],
            "mean": 0.9666663224193051,
            "median": 0.9671377317895484
        },
        "recall": {
            "90th": [
                0.9551715884430196,
                0.9790319412961596
            ],
            "95th": [
                0.9526772842192545,
                0.9806547950678756
            ],
            "99th": [
                0.9479142119301243,
                0.9836069148704296
            ],
            "mean": 0.9676975202172196,
            "median": 0.9682174580067009
        }
    },
    "weighted avg": {
        "f1-score": {
            "90th": [
                0.9534078071712844,
                0.9783432700993675
            ],
            "95th": [
                0.9516586913645528,
                0.9800106947534297
            ],
            "99th": [
                0.9465595696225932,
                0.9833333555644479
            ],
            "mean": 0.9666908113089796,
            "median": 0.9667151469601343
        },
        "precision": {
            "90th": [
                0.9557747602924163,
                0.9788100961538461
            ],
            "95th": [
                0.9533510541724989,
                0.9805318786333688
            ],
            "99th": [
                0.9488119478646801,
                0.9836919290262033
            ],
            "mean": 0.9678705614850874,
            "median": 0.9684082521797563
        },