{
    "Mangrove": {
        "f1-score": {
            "90th": [
                0.9435336976320582,
                0.9717138103161397
            ],
            "95th": [
                0.9409660107334527,
                0.9738062585209625
            ],
            "99th": [
                0.9348215421631154,
                0.9787250253292806
            ],
            "mean": 0.9584129423327736,
            "median": 0.9588796039895116
        },
        "precision": {
            "90th": [
                0.8996539792387543,
                0.9504950495049505
            ],
            "95th": [
                0.8952611249784816,
                0.9551317891373802
            ],
            "99th": [
                0.8874551321520604,
                0.9628403153153152
            ],
            "mean": 0.9265224435341037,
            "median": 0.9271523178807947
        },
        "producer_accuracy": {
            "90th": [
                89.96539792387543,
                95.04950495049505
            ],
            "95th": [
                89.52611249784817,
                95.51317891373802
            ],
            "99th": [
                88.74551321520605,
                96.28403153153153
            ],
            "mean": 92.65224435341038,
            "median": 92.71523178807946
        },
        "recall": {
            "90th": [
                0.9826959582852749,
                1.0
            ],
            "95th": [
                0.9814797604295746,
                1.0
            ],
            "99th": [
                0.9768307593307594,
                1.0
            ],
            "mean": 0.9927309979232832,
            "median": 0.9929577464788732
        },
        "support": {
            "90th": [
                259.0,
                300.0
            ],
            "95th": [
                256.0,
                304.0
            ],
            "99th": [
                248.0,
                311.0
            ],
            "mean": 279.7715,
            "median": 280.0
        },
        "user_accuracy": {
            "90th": [
                98.26959582852749,
                100.0
            ],
            "95th": [
                98.14797604295747,
                100.0
            ],
            "99th": [
                97.68307593307594,
                100.0
            ],
            "mean": 99.27309979232832,
            "median": 99.29577464788733
        }
    },
    "Other": {
        "f1-score": {
            "90th": [
                0.9478601056560345,
                0.9737271644665163
            ],
            "95th": [
                0.9444398907103825,
                0.97553030416411
            ],
            "99th": [
                0.9387089617967631,
                0.9803318898855551
            ],
            "mean": 0.9611453600405947,
            "median": 0.9614147909967846
        },
        "precision": {
            "90th": [
                0.9838709677419355,
                1.0
            ],
            "95th": [
                0.9827586206896551,
                1.0
            ],
            "99th": [
                0.9787210915818686,
                1.0
            ],
            "mean": 0.9932181970994175,
            "median": 0.9934426229508196
        },
        "producer_accuracy": {
            "90th": [
                98.38709677419355,
                100.0
            ],
            "95th": [
                98.27586206896551,
                100.0
            ],
            "99th": [
                97.87210915818686,
                100.0
            ],
            "mean": 99.32181970994175,
            "median": 99.34426229508196
        },
        "recall": {
            "90th": [
                0.9075306685749335,
                0.9541284403669725
            ],
            "95th": [
                0.9018909483624674,
                0.957510773177326
            ],
            "99th": [
                0.8924395277060007,
                0.9659458394271496
            ],
            "mean": 0.9311973422578705,
            "median": 0.9318885448916409
        },
        "support": {
            "90th": [
                300.0,
                341.0
            ],
            "95th": [
                296.0,
                344.0
            ],
            "99th": [
                289.0,
                352.0
            ],
            "mean": 320.2285,
            "median": 320.0
        },
        "user_accuracy": {
            "90th": [
                90.75306685749335,
                95.41284403669725
            ],
            "95th": [
                90.18909483624674,
                95.75107731773261
            ],
            "99th": [
                89.24395277060006,
                96.59458394271496
            ],
            "mean": 93.11973422578706,
            "median": 93.18885448916409
        }
    },
    "accuracy": {
        "90th": [
            0.9466666666666667,
            0.9733333333333334
        ],
        "95th": [
            0.9433333333333334,
            0.975
        ],
        "99th": [
            0.9383333333333334,
            0.98
        ],
        "mean": 0.9598933333333333,
        "median": 0.96
    },
    "cohen_kappa": {
        "90th": [
            0.8931374186007681,
            0.9459357782998011
        ],
        "95th": [
            0.8866219538613711,
            0.9498802135144386
        ],
        "99th": [
            0.876723455177852,
            0.959867334812321
        ],
        "mean": 0.9196607728093734,
        "median": 0.9200226601845876
    },
    "macro avg": {
        "f1-score": {
            "90th": [
                0.9464518792043641,
                0.9729488127654943
            ],
            "95th": [
                0.9431872024446477,
                0.9749332946438092
            ],
            "99th": [
                0.9382570244140552,
                0.979928073378695
            ],
            "mean": 0.9597791511866841,
            "median": 0.9599677514424074
        },
        "precision": {
            "90th": [
                0.9463590684108841,
                0.9722269660458168
            ],
            "95th": [
                0.9433333333333334,
                0.9744286227128989
            ],
            "99th": [
                0.9385831592515224,
                0.9792422339166156
            ],
            "mean": 0.9598703203167607,
            "median": 0.9601982310324904
        },
        "recall": {
            "90th": [
                0.9491883167032698,
                0.9739271297536021
            ],
            "95th": [
                0.9461594866227829,
                0.9756992441708646
            ],
            "99th": [
                0.940987362684811,
                0.9805370923625254
            ],
            "mean": 0.9619641700905769,
            "median": 0.962075093579053
        }
    },
    "weighted avg": {
        "f1-score": {
            "90th": [
                0.9466662814772016,
                0.9733187694456357
            ],
            "95th": [
                0.9433768842189396,
                0.9750053722590019
            ],
            "99th": [
                0.9383679621637607,
                0.980005629674999
            ],
            "mean": 0.9599405520517172,
            "median": 0.9600510087999697
        },
        "precision": {
            "90th": [
                0.9503718931063024,
                0.9735837297236146
            ],
            "95th": [
                0.9476094392620612,
                0.9757301816143921
            ],
            "99th": [
                0.9427926971412697,
                0.9805557054976073
            ],
            "mean": 0.9622457203147798,
            "median": 0.9623373984730935
        },
        "recall": {
            "90th": [
                0.9466666666666667,
                0.9733333333333334
            ],