overall accuracy,0.855
cohen kappa,0.71
""
Confidence Interval,90%,95%,98%,99%
Overall Accuracy,0.018260426062937304,0.02182343602643727,0.025943166296734103,0.028726767830718446
""
class,f1-score,precision,recall,support
Mangrove,0.8311990686845168,0.714,0.9944289693593314,359
Other,0.8729184925503943,0.996,0.7769110764430577,641
""
macro avg,0.8520587806174555,0.855,0.8856700229011946,1000
weighted (pixel) avg,0.8579412193825443,0.894762,0.855,1000
""
Confidence Interval,90%,95%,98%,99%
Mangrove,0.03314293524719861,0.039609849441773946,0.04708721897925169,0.052139495693763666
Other,0.0046293339477726176,0.005532618620508739,0.0065770415233598785,0.007282732673934972
""
Point Count Confusion Matrix
,Mangrove,Other,User Acc
Mangrove,357,2,99.44289693593315
Other,143,498,77.69110764430577
Producer,71.39999999999999,99.6
""
