overall accuracy,0.971
cohen kappa,0.942
""
Confidence Interval,90%,95%,98%,99%
Overall Accuracy,0.008702668923956608,0.010400750665216434,0.012364157678548107,0.013690784038907347
""
class,f1-score,precision,recall,support
Mangrove,0.9713721618953602,0.984,0.9590643274853801,513
Other,0.9706180344478217,0.958,0.9835728952772074,487
""
macro avg,0.9709950981715909,0.971,0.9713186113812937,1000
weighted (pixel) avg,0.9710049018284089,0.9713379999999999,0.971,1000
""
Confidence Interval,90%,95%,98%,99%
Mangrove,0.009202723770710469,0.010998377189385683,0.013074601454728899,0.01447745568806891
Other,0.014711814680725152,0.01758241266720811,0.020901541589079028,0.023144196266018838
""
Point Count Confusion Matrix
,Mangrove,Other,User Acc
Mangrove,492,21,95.90643274853801
Other,8,479,98.35728952772074
Producer,98.4,95.8
""
