overall accuracy,0.984
cohen kappa,0.968
""
Confidence Interval,90%,95%,98%,99%
Overall Accuracy,0.006507308383656029,0.007777027092662083,0.009245139349950334,0.010237107091361313
""
class,f1-score,precision,recall,support
Mangrove,0.9839357429718876,0.98,0.9879032258064516,496
Other,0.9840637450199202,0.988,0.9801587301587301,504
""
macro avg,0.9839997439959038,0.984,0.9840309779825909,1000
weighted (pixel) avg,0.984000256004096,0.9840319999999999,0.984,1000
""
Confidence Interval,90%,95%,98%,99%
Mangrove,0.010268024152679038,0.01227154106051885,0.014588107485208635,0.01615335506945849
Other,0.007985974906046227,0.009544213912104029,0.01134592776285836,0.012563301986341016
""
Point Count Confusion Matrix
,Mangrove,Other,User Acc
Mangrove,490,6,98.79032258064517
Other,10,494,98.01587301587301
Producer,98.0,98.8
""
