{
    "Mangrove": {
        "f1-score": {
            "90th": [
                0.9894503617273708,
                0.9979423868312757
            ],
            "95th": [
                0.9886480908152734,
                0.9980430528375733
            ],
            "99th": [
                0.986415710167555,
                0.9990147783251232
            ],
            "mean": 0.9939493837822335,
            "median": 0.994059405940594
        },
        "precision": {
            "90th": [
                0.9820699238972255,
                0.9961464354527938
            ],
            "95th": [
                0.9802192362093352,
                0.9979879275653923
            ],
            "99th": [
                0.9774009167466154,
                1.0
            ],
            "mean": 0.9900174866534214,
            "median": 0.9900891874901776
        },
        "producer_accuracy": {
            "90th": [
                98.20699238972254,
                99.61464354527938
            ],
            "95th": [
                98.02192362093352,
                99.79879275653923
            ],
            "99th": [
                97.74009167466156,
                100.0
            ],
            "mean": 99.00174866534215,
            "median": 99.00891874901777
        },
        "recall": {
            "90th": [
                0.9939516129032258,
                1.0
            ],
            "95th": [
                0.9935753263797747,
                1.0
            ],
            "99th": [
                0.9916830185340824,
                1.0
            ],
            "mean": 0.997924810289434,
            "median": 0.998003992015968
        },
        "support": {
            "90th": [
                469.0,
                521.0
            ],
            "95th": [
                464.0,
                527.0249999999999
            ],
            "99th": [
                454.995,
                540.0
            ],
            "mean": 495.854,
            "median": 496.0
        },
        "user_accuracy": {
            "90th": [
                99.39516129032258,
                100.0
            ],
            "95th": [
                99.35753263797749,
                100.0
            ],
            "99th": [
                99.16830185340822,
                100.0
            ],
            "mean": 99.7924810289434,
            "median": 99.8003992015968
        }
    },
    "Other": {
        "f1-score": {
            "90th": [
                0.9897108735310339,
                0.9979340972991395
            ],
            "95th": [
                0.9888765250239949,
                0.9980507770723827
            ],
            "99th": [
                0.9864996675085416,
                0.9990167350920733
            ],
            "mean": 0.9940009095431053,
            "median": 0.9940886642128315
        },
        "precision": {
            "90th": [
                0.9939393939393939,
                1.0
            ],
            "95th": [
                0.993492054135622,
                1.0
            ],
            "99th": [
                0.9916492693110647,
                1.0
            ],
            "mean": 0.9979407259137093,
            "median": 0.998019801980198
        },
        "producer_accuracy": {
            "90th": [
                99.39393939393939,
                100.0
            ],
            "95th": [
                99.3492054135622,
                100.0
            ],
            "99th": [
                99.16492693110646,
                100.0
            ],
            "mean": 99.79407259137093,
            "median": 99.8019801980198
        },
        "recall": {
            "90th": [
                0.9822485207100592,
                0.9961315280464217
            ],
            "95th": [
                0.9804295690879091,
                0.9979880285730447
            ],
            "99th": [
                0.9772285109817007,
                1.0
            ],
            "mean": 0.9901039139700203,
            "median": 0.9902056713096197
        },
        "support": {
            "90th": [
                479.0,
                531.0
            ],
            "95th": [
                472.975,
                536.0
            ],
            "99th": [
                460.0,
                545.0049999999999
            ],
            "mean": 504.146,
            "median": 504.0
        },
        "user_accuracy": {
            "90th": [
                98.22485207100591,
                99.61315280464217
            ],
            "95th": [
                98.04295690879091,
                99.79880285730447
            ],
            "99th": [
                97.72285109817008,
                100.0
            ],
            "mean": 99.01039139700202,
            "median": 99.02056713096198
        }
    },
    "accuracy": {
        "90th": [
            0.99,
            0.998
        ],
        "95th": [
            0.989,
            0.998
        ],
        "99th": [
            0.987,
            0.999
        ],
        "mean": 0.9939815,
        "median": 0.994
    },
    "cohen_kappa": {
        "90th": [
            0.9799383425010935,
            0.9959923236757519
        ],
        "95th": [
            0.9779724699902067,
            0.9959994239170441
        ],
        "99th": [
            0.9739103286234232,
            0.997999839987199
        ],
        "mean": 0.987950626755048,
        "median": 0.98799783961113
    },
    "macro avg": {
        "f1-score": {
            "90th": [
                0.98996854134566,
                0.9979961542083936
            ],
            "95th": [
                0.9889849203559673,
                0.997999711958522
            ],
            "99th": [
                0.9869545228786952,
                0.9989999189934384
            ],
            "mean": 0.9939751466626694,
            "median": 0.9939988237694588
        },
        "precision": {
            "90th": [
                0.9896091150524391,
                0.9979552188973748
            ],
            "95th": [
                0.9888253125917376,
                0.9980354597634732
            ],
            "99th": [
                0.9866341407982098,
                0.9990157864788386
            ],
            "mean": 0.9939791062835655,
            "median": 0.9940349261629953
        },
        "recall": {
            "90th": [
                0.9898364820768373,
                0.9979470318254159
            ],
            "95th": [
                0.9889690028841039,
                0.9980430528375734
            ],
            "99th": [
                0.9867770227707557,
                0.999015757699983
            ],
            "mean": 0.994014362129727,
            "median": 0.994070829532786
        }
    },
    "weighted avg": {
        "f1-score": {
            "90th": [
                0.9899978252679972,
                0.9979998887137506
            ],
            "95th": [
                0.988998953529848,
                0.9980000800320128
            ],
            "99th": [
                0.9869966146198724,
                0.9990000150133835
            ],
            "mean": 0.9939816197640742,
            "median": 0.9940003722113107
        },
        "precision": {
            "90th": [
                0.9900266704605059,
                0.998
            ],
            "95th": [
                0.989050440807053,
                0.9980081466395112
            ],
            "99th": [
                0.9870848834780402,
                0.9990020284181798
            ],
            "mean": 0.9940248249411914,
            "median": 0.9940346416696595
        },
        "recall": {
            "90th": [
                0.99,
                0.998
            ],
            "95th": [
                0.989,
                0.998
            ],