{
    "Mangrove": {
        "f1-score": {
            "90th": [
                0.8996212121212122,
                0.9285747385144975
            ],
            "95th": [
                0.8958106451688942,
                0.9314560511215441
            ],
            "99th": [
                0.8904240931619036,
                0.9348683769648762
            ],
            "mean": 0.9146420130512807,
            "median": 0.9149952244508119
        },
        "precision": {
            "90th": [
                0.9545409540954096,
                0.9801980198019802
            ],
            "95th": [
                0.9512633841902788,
                0.982179098344617
            ],
            "99th": [
                0.9447721022724972,
                0.9859439159443385
            ],
            "mean": 0.9677921298776001,
            "median": 0.9680638722554891
        },
        "producer_accuracy": {
            "90th": [
                95.45409540954095,
                98.01980198019803
            ],
            "95th": [
                95.12633841902787,
                98.21790983446171
            ],
            "99th": [
                94.47721022724973,
                98.59439159443384
            ],
            "mean": 96.77921298775999,
            "median": 96.8063872255489
        },
        "recall": {
            "90th": [
                0.8432038121874834,
                0.8899091126934137
            ],
            "95th": [
                0.8377891041525869,
                0.8944540229885057
            ],
            "99th": [
                0.8292253354090386,
                0.8996377855282863
            ],
            "mean": 0.8671618817245105,
            "median": 0.8671586715867159
        },
        "support": {
            "90th": [
                531.0,
                584.0
            ],
            "95th": [
                526.975,
                590.0
            ],
            "99th": [
                516.995,
                597.0
            ],
            "mean": 557.3525,
            "median": 557.0
        },
        "user_accuracy": {
            "90th": [
                84.32038121874834,
                88.99091126934137
            ],
            "95th": [
                83.7789104152587,
                89.44540229885057
            ],
            "99th": [
                82.92253354090386,
                89.96377855282863
            ],
            "mean": 86.71618817245104,
            "median": 86.71586715867159
        }
    },
    "Other": {
        "f1-score": {
            "90th": [
                0.8876766077853948,
                0.9197905479474924
            ],
            "95th": [
                0.8829039205931247,
                0.9224231770920359
            ],
            "99th": [
                0.8751357104534652,
                0.9284974296255324
            ],
            "mean": 0.9043478197219329,
            "median": 0.9048604394381629
        },
        "precision": {
            "90th": [
                0.8255754261974118,
                0.8772635814889336
            ],
            "95th": [
                0.8185473289597001,
                0.8815840473276213
            ],
            "99th": [
                0.8090545579668396,
                0.8902217433919437
            ],
            "mean": 0.8520977919858241,
            "median": 0.8524747189246906
        },
        "producer_accuracy": {
            "90th": [
                82.55754261974118,
                87.72635814889335
            ],
            "95th": [
                81.85473289597,
                88.15840473276212
            ],
            "99th": [
                80.90545579668395,
                89.02217433919436
            ],
            "mean": 85.20977919858241,
            "median": 85.24747189246906
        },
        "recall": {
            "90th": [
                0.9483045367818529,
                0.9778761061946902
            ],
            "95th": [
                0.9452372798434442,
                0.9801783851147693
            ],
            "99th": [
                0.9379129390218179,
                0.984055389583344
            ],
            "mean": 0.9636342020521365,
            "median": 0.9638009049773756
        },
        "support": {
            "90th": [
                416.0,
                469.0
            ],
            "95th": [
                410.0,
                473.02499999999986
            ],
            "99th": [
                403.0,
                483.0049999999999
            ],
            "mean": 442.6475,
            "median": 443.0
        },
        "user_accuracy": {
            "90th": [
                94.8304536781853,
                97.78761061946902
            ],
            "95th": [
                94.52372798434442,
                98.01783851147692
            ],
            "99th": [
                93.79129390218179,
                98.40553895833442
            ],
            "mean": 96.36342020521364,
            "median": 96.38009049773756
        }
    },
    "accuracy": {
        "90th": [
            0.895,
            0.924
        ],
        "95th": [
            0.891,
            0.926
        ],
        "99th": [
            0.885,
            0.932
        ],
        "mean": 0.909873,
        "median": 0.91
    },
    "cohen_kappa": {
        "90th": [
            0.7899452170583954,
            0.8476954432117206
        ],
        "95th": [
            0.7828109880037002,
            0.8521424163655723
        ],
        "99th": [
            0.76953299519435,
            0.8641054334915517
        ],
        "mean": 0.8196259489990525,
        "median": 0.820201371521371
    },
    "macro avg": {
        "f1-score": {
            "90th": [
                0.8945236037745096,
                0.9236875750952572
            ],
            "95th": [
                0.8908454276916282,
                0.9259143569966881
            ],
            "99th": [
                0.8842759271591694,
                0.9318800883337233
            ],
            "mean": 0.9094949163866067,
            "median": 0.9098091561744651
        },
        "precision": {
            "90th": [
                0.8953552745211798,
                0.9236507774953236
            ],
            "95th": [
                0.8917087830524195,
                0.9260910822311748
            ],
            "99th": [
                0.8852397638362214,
                0.9317312790628941
            ],
            "mean": 0.9099449609317121,
            "median": 0.9103317899998398
        },
        "recall": {
            "90th": [
                0.9012674827485263,
                0.9288244822299754
            ],
            "95th": [
                0.8981462374554116,
                0.9309318668936565
            ],
            "99th": [
                0.8915827637944966,
                0.9361652747908804
            ],
            "mean": 0.9153980418883234,
            "median": 0.9157070494270784
        }
    },
    "weighted avg": {
        "f1-score": {
            "90th": [
                0.8952896610935693,
                0.9242431227483273
            ],
            "95th": [
                0.8919703748384817,
                0.9262748560035119
            ],
            "99th": [
                0.8852076090929695,
                0.932156128371679
            ],
            "mean": 0.910173377784778,
            "median": 0.9103469548838254
        },
        "precision": {
            "90th": [
                0.903834170794442,
                0.9292328557907155
            ],
            "95th": [
                0.9002458286155429,
                0.931324668297701
            ],
            "99th": [
                0.8936732079489621,
                0.9370654080711783
            ],
            "mean": 0.9167355096592884,
            "median": 0.9169866046571249
        },