{
    "Mangrove": {
        "f1-score": {
            "90th": [
                0.9647509033825009,
                0.9816438895284197
            ],
            "95th": [
                0.9635627530364373,
                0.9831541251885737
            ],
            "99th": [
                0.9599983453981386,
                0.9855382790610063
            ],
            "mean": 0.973397120575412,
            "median": 0.9735553379040156
        },
        "precision": {
            "90th": [
                0.979381443298969,
                0.995772116216626
            ],
            "95th": [
                0.9775051124744376,
                0.9960474308300395
            ],
            "99th": [
                0.9732814151497358,
                0.9980198410373582
            ],
            "mean": 0.9879623799249834,
            "median": 0.9882583170254403
        },
        "producer_accuracy": {
            "90th": [
                97.9381443298969,
                99.57721162166261
            ],
            "95th": [
                97.75051124744377,
                99.60474308300395
            ],
            "99th": [
                97.32814151497358,
                99.80198410373582
            ],
            "mean": 98.79623799249832,
            "median": 98.82583170254404
        },
        "recall": {
            "90th": [
                0.9443339960238568,
                0.973686679174484
            ],
            "95th": [
                0.9416171077411041,
                0.975609756097561
            ],
            "99th": [
                0.9361695942602672,
                0.9799216551244346
            ],
            "mean": 0.959304256408102,
            "median": 0.9596774193548387
        },
        "support": {
            "90th": [
                489.0,
                541.0
            ],
            "95th": [
                484.0,
                546.0
            ],
            "99th": [
                473.995,
                556.0
            ],
            "mean": 515.04,
            "median": 515.0
        },
        "user_accuracy": {
            "90th": [
                94.43339960238568,
                97.3686679174484
            ],
            "95th": [
                94.16171077411042,
                97.5609756097561
            ],
            "99th": [
                93.61695942602672,
                97.99216551244346
            ],
            "mean": 95.93042564081021,
            "median": 95.96774193548387
        }
    },
    "Other": {
        "f1-score": {
            "90th": [
                0.9639278557114229,
                0.9812850717498395
            ],
            "95th": [
                0.9621508337173312,
                0.9826006839640642
            ],
            "99th": [
                0.9590761698902022,
                0.9848338916927403
            ],
            "mean": 0.9725780921324156,
            "median": 0.9726102417140542
        },
        "precision": {
            "90th": [
                0.9426205161499757,
                0.9724417789937275
            ],
            "95th": [
                0.9402360617410598,
                0.9746841599763582
            ],
            "99th": [
                0.9352931034482759,
                0.979253540687905
            ],
            "mean": 0.9580778649426984,
            "median": 0.9582484217866081
        },
        "producer_accuracy": {
            "90th": [
                94.26205161499757,
                97.24417789937274
            ],
            "95th": [
                94.02360617410598,
                97.46841599763582
            ],
            "99th": [
                93.52931034482759,
                97.9253540687905
            ],
            "mean": 95.80778649426985,
            "median": 95.82484217866082
        },
        "recall": {
            "90th": [
                0.9790356394129979,
                0.9956993862199456
            ],
            "95th": [
                0.9770318722478553,
                0.9959432048681541
            ],
            "99th": [
                0.9721112110696997,
                0.9979466329484633
            ],
            "mean": 0.9875792708464773,
            "median": 0.9878048780487805
        },
        "support": {
            "90th": [
                459.0,
                511.0
            ],
            "95th": [
                454.0,
                516.0
            ],
            "99th": [
                444.0,
                526.0049999999999
            ],
            "mean": 484.96,
            "median": 485.0
        },
        "user_accuracy": {
            "90th": [
                97.9035639412998,
                99.56993862199457
            ],
            "95th": [
                97.70318722478554,
                99.59432048681542
            ],
            "99th": [
                97.21112110696997,
                99.79466329484634
            ],
            "mean": 98.75792708464773,
            "median": 98.78048780487805
        }
    },
    "accuracy": {
        "90th": [
            0.964,
            0.981
        ],
        "95th": [
            0.963,
            0.983
        ],
        "99th": [
            0.96,
            0.9850049999999999
        ],
        "mean": 0.9730209999999999,
        "median": 0.973
    },
    "cohen_kappa": {
        "90th": [
            0.9280480063386914,
            0.9620018543090476
        ],
        "95th": [
            0.9259817469729958,
            0.9659499395968868
        ],
        "99th": [
            0.9200201117380619,
            0.9700124678388335
        ],
        "mean": 0.945989609983902,
        "median": 0.9459926550010802
    },
    "macro avg": {
        "f1-score": {
            "90th": [
                0.9639998559994241,
                0.9809990689543787
            ],
            "95th": [
                0.9629727923592009,
                0.9829741036115932
            ],
            "99th": [
                0.9599897437699972,
                0.9850028686728073
            ],
            "mean": 0.9729876063539139,
            "median": 0.9729880877466963
        },
        "precision": {
            "90th": [
                0.9646667217723145,
                0.9814228579520297
            ],
            "95th": [
                0.9629197626609375,
                0.9827076173301896
            ],
            "99th": [
                0.9601422491130319,
                0.9850613160880373
            ],
            "mean": 0.9730201224338408,
            "median": 0.9730814389699902
        },
        "recall": {
            "90th": [
                0.965037482817517,
                0.9815395751331756
            ],
            "95th": [
                0.9637008072890602,
                0.9831056199107587
            ],
            "99th": [
                0.9607655913599178,
                0.9857733351547918
            ],
            "mean": 0.9734417636272896,
            "median": 0.9735057888696091
        }
    },
    "weighted avg": {
        "f1-score": {
            "90th": [
                0.9640517708896134,
                0.9810097909642539
            ],
            "95th": [
                0.9630147621419488,
                0.983000466658332
            ],
            "99th": [
                0.96001726318892,
                0.9850168573065122
            ],
            "mean": 0.9730272471192998,
            "median": 0.9730078607909403
        },
        "precision": {
            "90th": [
                0.9652325645432197,
                0.9814071383529994
            ],
            "95th": [
                0.9638411216216253,
                0.9831081868415886
            ],
            "99th": [
                0.961121728244031,
                0.9854510174175095
            ],
            "mean": 0.973518756238222,
            "median": 0.9735589690267231
        },