{
    "Mangrove": {
        "f1-score": {
            "90th": [
                0.9405587417448732,
                0.9627429190261478
            ],
            "95th": [
                0.9386459886000883,
                0.9649492558867183
            ],
            "99th": [
                0.9331956539700901,
                0.968503937007874
            ],
            "mean": 0.951882413875441,
            "median": 0.9520225776105362
        },
        "precision": {
            "90th": [
                0.9314498287182414,
                0.9634615384615385
            ],
            "95th": [
                0.9284218952411214,
                0.9657964857417598
            ],
            "99th": [
                0.9233862841310135,
                0.9706466492038955
            ],
            "mean": 0.9482364377064724,
            "median": 0.9486166007905138
        },
        "producer_accuracy": {
            "90th": [
                93.14498287182414,
                96.34615384615385
            ],
            "95th": [
                92.84218952411214,
                96.57964857417598
            ],
            "99th": [
                92.33862841310135,
                97.06466492038956
            ],
            "mean": 94.82364377064724,
            "median": 94.86166007905138
        },
        "recall": {
            "90th": [
                0.940036750483559,
                0.9701195219123506
            ],
            "95th": [
                0.9366329547065136,
                0.9724001955965695
            ],
            "99th": [
                0.930468419638834,
                0.976190946734425
            ],
            "mean": 0.955646121697079,
            "median": 0.956
        },
        "support": {
            "90th": [
                469.0,
                523.0
            ],
            "95th": [
                463.975,
                529.0
            ],
            "99th": [
                452.995,
                538.0099999999998
            ],
            "mean": 495.5355,
            "median": 495.0
        },
        "user_accuracy": {
            "90th": [
                94.0036750483559,
                97.01195219123507
            ],
            "95th": [
                93.66329547065136,
                97.24001955965696
            ],
            "99th": [
                93.04684196388341,
                97.6190946734425
            ],
            "mean": 95.56461216970789,
            "median": 95.6
        }
    },
    "Other": {
        "f1-score": {
            "90th": [
                0.9411764705882353,
                0.9631843848243447
            ],
            "95th": [
                0.9384460141271443,
                0.9653139058071815
            ],
            "99th": [
                0.9338502080765382,
                0.9691363489926709
            ],
            "mean": 0.9523592034880562,
            "median": 0.9525774116681323
        },
        "precision": {
            "90th": [
                0.9403578528827038,
                0.9705882352941176
            ],
            "95th": [
                0.9372623574144486,
                0.9727664964332036
            ],
            "99th": [
                0.932269094826918,
                0.9767907186203434
            ],
            "mean": 0.9560785921559762,
            "median": 0.9561904761904761
        },
        "producer_accuracy": {
            "90th": [
                94.03578528827038,
                97.05882352941177
            ],
            "95th": [
                93.72623574144487,
                97.27664964332035
            ],
            "99th": [
                93.2269094826918,
                97.67907186203435
            ],
            "mean": 95.60785921559763,
            "median": 95.61904761904762
        },
        "recall": {
            "90th": [
                0.9322709163346613,
                0.9636015325670498
            ],
            "95th": [
                0.9290022769363981,
                0.9660401789070134
            ],
            "99th": [
                0.9227713865528813,
                0.9704730199166282
            ],
            "mean": 0.9487548970219752,
            "median": 0.94921875
        },
        "support": {
            "90th": [
                477.0,
                531.0
            ],
            "95th": [
                471.0,
                536.0249999999999
            ],
            "99th": [
                461.99,
                547.0049999999999
            ],
            "mean": 504.4645,
            "median": 505.0
        },
        "user_accuracy": {
            "90th": [
                93.22709163346613,
                96.36015325670499
            ],
            "95th": [
                92.90022769363982,
                96.60401789070136
            ],
            "99th": [
                92.27713865528813,
                97.0473019916628
            ],
            "mean": 94.87548970219751,
            "median": 94.921875
        }
    },
    "accuracy": {
        "90th": [
            0.941,
            0.963
        ],
        "95th": [
            0.939,
            0.965
        ],
        "99th": [
            0.934,
            0.968
        ],
        "mean": 0.9521704999999999,
        "median": 0.952
    },
    "cohen_kappa": {
        "90th": [
            0.8819980175652601,
            0.9258454322005821
        ],
        "95th": [
            0.8779441956830396,
            0.929979918236617
        ],
        "99th": [
            0.8679829644933136,
            0.9359877096402509
        ],
        "mean": 0.9042476066116705,
        "median": 0.9039988479861758
    },
    "macro avg": {
        "f1-score": {
            "90th": [
                0.9409970144460608,
                0.9629184278979352
            ],
            "95th": [
                0.938967237468136,
                0.96498988207592
            ],
            "99th": [
                0.9339904101052497,
                0.9679918155066516
            ],
            "mean": 0.9521208086817486,
            "median": 0.9519975998705846
        },
        "precision": {
            "90th": [
                0.9410428057499535,
                0.9628102987417324
            ],
            "95th": [
                0.9389241109043892,
                0.9649780599122396
            ],
            "99th": [
                0.9339637646235589,
                0.9681741569141222
            ],
            "mean": 0.9521575149312244,
            "median": 0.9521665643984581
        },
        "recall": {
            "90th": [
                0.9411406866588644,
                0.963001852007408
            ],
            "95th": [
                0.938968252550092,
                0.965006981612352
            ],
            "99th": [
                0.9341717647792006,
                0.9679919366943626
            ],
            "mean": 0.9522005093595272,
            "median": 0.9521352135213521
        }
    },
    "weighted avg": {
        "f1-score": {
            "90th": [
                0.9410019470175233,
                0.9630000444002663
            ],
            "95th": [
                0.9389989199922707,
                0.9650001855085658
            ],
            "99th": [
                0.9340105272468431,
                0.9680000044808782
            ],
            "mean": 0.9521715901618351,
            "median": 0.9520065299067402
        },
        "precision": {
            "90th": [
                0.9411951141070023,
                0.9630194662176289
            ],
            "95th": [
                0.9390802720040704,
                0.9650390663207398
            ],
            "99th": [
                0.9341401699299794,
                0.9681017215030592
            ],
            "mean": 0.9522888262537738,
            "median": 0.952194247723939
        },