{
    "Mangrove": {
        "f1-score": 0.9586206896551723,
        "precision": 0.9266666666666666,
        "recall": 0.9928571428571429,
        "support": 280
    },
    "Other": {
        "f1-score": 0.9612903225806452,
        "precision": 0.9933333333333333,
        "recall": 0.93125,
        "support": 320
    },
    "accuracy": 0.96,
    "accuracy_conf_interval": [
        0.013120000000000005,
        0.015680000000000006,
        0.01864000000000001,
        0.02064000000000001
    ],
    "cls_confidence_intervals": {
        "Mangrove": [
            0.02468287275434949,
            0.029499043047881097,
            0.03506773994977702,
            0.03883037299159859
        ],
        "Other": [
            0.007705220933213401,
            0.009208678676279431,
            0.010947051691699529,
            0.012121628053469863
        ]
    },
    "cohen_kappa": 0.92,
    "confusion_matrix": [
        [
            278,
            2
        ],
        [
            22,
            298
        ]
    ],
    "macro avg": {
        "f1-score": 0.9599555061179088,
        "precision": 0.96,
        "recall": 0.9620535714285714,
        "support": 600
    },
    "producer_accuracy": [
        92.66666666666666,
        99.33333333333333
    ],
    "user_accuracy": [
        99.28571428571429,
        93.125
    ],
    "weighted avg": {
        "f1-score": 0.9600444938820912,
        "precision": 0.9622222222222221,
        "recall": 0.96,
        "support": 600
    }
}