{
    "Mangrove": {
        "f1-score": {
            "90th": [
                0.9559111042598016,
                0.9746719537682468
            ],
            "95th": [
                0.954181406710405,
                0.9763791129743359
            ],
            "99th": [
                0.9503105590062112,
                0.9798391145226065
            ],
            "mean": 0.9657793659497306,
            "median": 0.9660760698541252
        },
        "precision": {
            "90th": [
                0.944985565935608,
                0.9734151329243353
            ],
            "95th": [
                0.9421149978036206,
                0.9754626216685617
            ],
            "99th": [
                0.9360804244287695,
                0.979716637767454
            ],
            "mean": 0.9599798621941956,
            "median": 0.9604743083003953
        },
        "producer_accuracy": {
            "90th": [
                94.4985565935608,
                97.34151329243353
            ],
            "95th": [
                94.21149978036206,
                97.54626216685618
            ],
            "99th": [
                93.60804244287695,
                97.97166377674539
            ],
            "mean": 95.99798621941957,
            "median": 96.04743083003953
        },
        "recall": {
            "90th": [
                0.9588465262648269,
                0.9836065573770492
            ],
            "95th": [
                0.9559118236472945,
                0.985686529306661
            ],
            "99th": [
                0.9504950495049505,
                0.9894964521078141
            ],
            "mean": 0.9717200768677816,
            "median": 0.9720558882235529
        },
        "support": {
            "90th": [
                468.0,
                519.0
            ],
            "95th": [
                463.975,
                524.0
            ],
            "99th": [
                452.995,
                535.0
            ],
            "mean": 494.138,
            "median": 493.0
        },
        "user_accuracy": {
            "90th": [
                95.88465262648269,
                98.36065573770492
            ],
            "95th": [
                95.59118236472945,
                98.5686529306661
            ],
            "99th": [
                95.04950495049505,
                98.94964521078141
            ],
            "mean": 97.17200768677816,
            "median": 97.2055888223553
        }
    },
    "Other": {
        "f1-score": {
            "90th": [
                0.9560117302052786,
                0.9751924473630456
            ],
            "95th": [
                0.9538453815261043,
                0.9767474130327216
            ],
            "99th": [
                0.9504127098198244,
                0.9797430606403513
            ],
            "mean": 0.9661572036894819,
            "median": 0.9664031620553359
        },
        "precision": {
            "90th": [
                0.9591439688715954,
                0.9838709677419355
            ],
            "95th": [
                0.9559725305216427,
                0.9858878066787823
            ],
            "99th": [
                0.9511653412731316,
                0.9896053117644027
            ],
            "mean": 0.9720357738116442,
            "median": 0.9724950884086444
        },
        "producer_accuracy": {
            "90th": [
                95.91439688715954,
                98.38709677419355
            ],
            "95th": [
                95.59725305216426,
                98.58878066787823
            ],
            "99th": [
                95.11653412731316,
                98.96053117644027
            ],
            "mean": 97.20357738116441,
            "median": 97.24950884086444
        },
        "recall": {
            "90th": [
                0.9454191033138402,
                0.9738483002221747
            ],
            "95th": [
                0.9425040130699782,
                0.9759265753729682
            ],
            "99th": [
                0.9370229007633588,
                0.9809906749835025
            ],
            "mean": 0.9604165635706595,
            "median": 0.9607843137254902
        },
        "support": {
            "90th": [
                481.0,
                532.0
            ],
            "95th": [
                476.0,
                536.0249999999999
            ],
            "99th": [
                465.0,
                547.0049999999999
            ],
            "mean": 505.862,
            "median": 507.0
        },
        "user_accuracy": {
            "90th": [
                94.54191033138402,
                97.38483002221749
            ],
            "95th": [
                94.25040130699782,
                97.59265753729682
            ],
            "99th": [
                93.70229007633588,
                98.09906749835024
            ],
            "mean": 96.04165635706595,
            "median": 96.07843137254902
        }
    },
    "accuracy": {
        "90th": [
            0.956,
            0.975
        ],
        "95th": [
            0.954,
            0.976
        ],
        "99th": [
            0.9509949999999999,
            0.98
        ],
        "mean": 0.9660015,
        "median": 0.966
    },
    "cohen_kappa": {
        "90th": [
            0.9119829775045709,
            0.9499315664636708
        ],
        "95th": [
            0.9080053816770994,
            0.9520006191904962
        ],
        "99th": [
            0.9014062753434944,
            0.959949656646627
        ],
        "mean": 0.9319416790748661,
        "median": 0.9319976879211174
    },
    "macro avg": {
        "f1-score": {
            "90th": [
                0.9559912422496801,
                0.9749657280817439
            ],
            "95th": [
                0.9539953489276053,
                0.975999623194
            ],
            "99th": [
                0.9506887931066168,
                0.9799741084865389
            ],
            "mean": 0.9659682848196062,
            "median": 0.965997823860727
        },
        "precision": {
            "90th": [
                0.9560846712641581,
                0.974890832720727
            ],
            "95th": [
                0.9543820766296649,
                0.9763615339310229
            ],
            "99th": [
                0.9505602654173068,
                0.9799668238803523
            ],
            "mean": 0.96600781800292,
            "median": 0.966108416145759
        },
        "recall": {
            "90th": [
                0.9562606473173424,
                0.9749123873837833
            ],
            "95th": [
                0.9542455369966575,
                0.9763730741944968
            ],
            "99th": [
                0.9509791886085895,
                0.9799026017051992
            ],
            "mean": 0.9660683202192205,
            "median": 0.9661980296260246
        }
    },
    "weighted avg": {
        "f1-score": {
            "90th": [
                0.9560120037237573,
                0.9749967088013726
            ],
            "95th": [
                0.9540137618221829,
                0.9760128152617507
            ],
            "99th": [
                0.9509857211231049,
                0.9799979257991845
            ],
            "mean": 0.9660026519304544,
            "median": 0.9660053748824
        },
        "precision": {
            "90th": [
                0.9562226747281011,
                0.9750072285544962
            ],
            "95th": [
                0.9543358963006225,
                0.9762952460957501
            ],
            "99th": [
                0.9509998878642046,
                0.9800116207567621
            ],
            "mean": 0.9661430894278317,
            "median": 0.9662088755266638
        },