{
    "Mangrove": {
        "f1-score": {
            "90th": [
                0.9377162629757787,
                0.9676427602046143
            ],
            "95th": [
                0.934886032835295,
                0.970200359626486
            ],
            "99th": [
                0.9278683524984871,
                0.9737713461846531
            ],
            "mean": 0.9531984253087616,
            "median": 0.95368782161235
        },
        "precision": {
            "90th": [
                0.9702970297029703,
                0.9936102236421726
            ],
            "95th": [
                0.9676235634868728,
                0.9966555183946488
            ],
            "99th": [
                0.9614140550699697,
                1.0
            ],
            "mean": 0.9833012726048896,
            "median": 0.9836065573770492
        },
        "producer_accuracy": {
            "90th": [
                97.02970297029702,
                99.36102236421725
            ],
            "95th": [
                96.76235634868728,
                99.66555183946488
            ],
            "99th": [
                96.14140550699697,
                100.0
            ],
            "mean": 98.33012726048896,
            "median": 98.36065573770492
        },
        "recall": {
            "90th": [
                0.8993892851664366,
                0.9490445859872612
            ],
            "95th": [
                0.8938871583601286,
                0.9532746560631566
            ],
            "99th": [
                0.8810975609756098,
                0.9614285314372094
            ],
            "mean": 0.9250268008618545,
            "median": 0.9259259259259259
        },
        "support": {
            "90th": [
                299.0,
                339.0
            ],
            "95th": [
                295.0,
                344.0
            ],
            "99th": [
                289.0,
                351.0049999999999
            ],
            "mean": 318.866,
            "median": 319.0
        },
        "user_accuracy": {
            "90th": [
                89.93892851664366,
                94.90445859872611
            ],
            "95th": [
                89.38871583601285,
                95.32746560631566
            ],
            "99th": [
                88.10975609756098,
                96.14285314372094
            ],
            "mean": 92.50268008618542,
            "median": 92.5925925925926
        }
    },
    "Other": {
        "f1-score": {
            "90th": [
                0.9344827586206897,
                0.9655172413793103
            ],
            "95th": [
                0.930751811594203,
                0.9678597024813299
            ],
            "99th": [
                0.9239043732025038,
                0.9728813559322034
            ],
            "mean": 0.9501639743957617,
            "median": 0.95047972289489
        },
        "precision": {
            "90th": [
                0.8933751570023027,
                0.945024387540184
            ],
            "95th": [
                0.8884809257856873,
                0.9498513315073057
            ],
            "99th": [
                0.8731848798754985,
                0.9601343841870025
            ],
            "mean": 0.9203266826195339,
            "median": 0.921007415445831
        },
        "producer_accuracy": {
            "90th": [
                89.33751570023027,
                94.5024387540184
            ],
            "95th": [
                88.84809257856872,
                94.98513315073058
            ],
            "99th": [
                87.31848798754984,
                96.01343841870025
            ],
            "mean": 92.03266826195339,
            "median": 92.10074154458312
        },
        "recall": {
            "90th": [
                0.9681978798586572,
                0.9933121516164994
            ],
            "95th": [
                0.965864442958845,
                0.9964285714285714
            ],
            "99th": [
                0.9601442028985507,
                1.0
            ],
            "mean": 0.9821837372392781,
            "median": 0.9824561403508771
        },
        "support": {
            "90th": [
                261.0,
                301.0
            ],
            "95th": [
                256.0,
                305.0
            ],
            "99th": [
                248.995,
                311.0
            ],
            "mean": 281.134,
            "median": 281.0
        },
        "user_accuracy": {
            "90th": [
                96.81978798586573,
                99.33121516164994
            ],
            "95th": [
                96.5864442958845,
                99.64285714285714
            ],
            "99th": [
                96.01442028985507,
                100.0
            ],
            "mean": 98.21837372392783,
            "median": 98.24561403508771
        }
    },
    "accuracy": {
        "90th": [
            0.9366666666666666,
            0.9666666666666667
        ],
        "95th": [
            0.9333333333333333,
            0.9683333333333334
        ],
        "99th": [
            0.9266666666666666,
            0.9733333333333334
        ],
        "mean": 0.951805,
        "median": 0.9516666666666667
    },
    "cohen_kappa": {
        "90th": [
            0.8734457553602601,
            0.9332484104385342
        ],
        "95th": [
            0.8668436535537656,
            0.9367019377467248
        ],
        "99th": [
            0.8537958741915023,
            0.9466571923910425
        ],
        "mean": 0.9034735627500491,
        "median": 0.9033752039709648
    },
    "macro avg": {
        "f1-score": {
            "90th": [
                0.9366215975805017,
                0.9666039563179749
            ],
            "95th": [
                0.9333143648592427,
                0.9683311341065353
            ],
            "99th": [
                0.9266633216794138,
                0.9733188424907909
            ],
            "mean": 0.9516811998522616,
            "median": 0.9516471910147264
        },
        "precision": {
            "90th": [
                0.9370818041911985,
                0.9663962482219061
            ],
            "95th": [
                0.9340761708567894,
                0.9687334282559256
            ],
            "99th": [
                0.9284878563979928,
                0.9732660940394139
            ],
            "mean": 0.9518139776122119,
            "median": 0.9520118678534519
        },
        "recall": {
            "90th": [
                0.9390969905045893,
                0.9676000736874669
            ],
            "95th": [
                0.9360528024585498,
                0.9701613365271494
            ],
            "99th": [
                0.9300568676529385,
                0.9738118404453965
            ],
            "mean": 0.9536052690505662,
            "median": 0.9538740652800113
        }
    },
    "weighted avg": {
        "f1-score": {
            "90th": [
                0.9367671554190053,
                0.9666822284469343
            ],
            "95th": [
                0.9334307467408924,
                0.9683851822561432
            ],
            "99th": [
                0.926731682472068,
                0.9733395796832558
            ],
            "mean": 0.9518543992779939,
            "median": 0.9517507246376812
        },
        "precision": {
            "90th": [
                0.9402095317951809,
                0.9674855012012545
            ],
            "95th": [
                0.93738220145421,
                0.9700075355437465
            ],
            "99th": [
                0.9320730575247689,
                0.973886945051588
            ],
            "mean": 0.9539457751808815,