overall accuracy,0.983
cohen kappa,0.966
""
Confidence Interval,90%,95%,98%,99%
Overall Accuracy,0.006704170761548368,0.008012301641850489,0.009524827972199817,0.010546805222435849
""
class,f1-score,precision,recall,support
Mangrove,0.9828109201213348,0.972,0.9938650306748467,489
Other,0.983184965380811,0.994,0.9726027397260274,511
""
macro avg,0.9829979427510729,0.983,0.983233885200437,1000
weighted (pixel) avg,0.9830020572489272,0.983242,0.983,1000
""
Confidence Interval,90%,95%,98%,99%
Mangrove,0.0120995994644451,0.014460496920922192,0.01719028460497383,0.01903473574284656
Other,0.00566405762682544,0.006769239602791379,0.008047106262501998,0.008910529681225387
""
Point Count Confusion Matrix
,Mangrove,Other,User Acc
Mangrove,486,3,99.38650306748467
Other,14,497,97.26027397260275
Producer,97.2,99.4
""
