{
    "Mangrove": {
        "f1-score": {
            "90th": [
                0.8698715159251272,
                0.9028161838097714
            ],
            "95th": [
                0.866424535785401,
                0.9060882122115838
            ],
            "99th": [
                0.8608290293597657,
                0.9113479598494965
            ],
            "mean": 0.8869399682307806,
            "median": 0.8872987477638641
        },
        "precision": {
            "90th": [
                0.9850082916069617,
                0.99800796812749
            ],
            "95th": [
                0.9837381781981085,
                0.9980844739843818
            ],
            "99th": [
                0.9799997995991984,
                1.0
            ],
            "mean": 0.9920065482585237,
            "median": 0.9920792079207921
        },
        "producer_accuracy": {
            "90th": [
                98.50082916069617,
                99.800796812749
            ],
            "95th": [
                98.37381781981085,
                99.80844739843818
            ],
            "99th": [
                97.99997995991984,
                100.0
            ],
            "mean": 99.20065482585237,
            "median": 99.20792079207921
        },
        "recall": {
            "90th": [
                0.7747581826937516,
                0.8278166423115588
            ],
            "95th": [
                0.7697131861198738,
                0.833069962182604
            ],
            "99th": [
                0.7612666107503946,
                0.8401936484600817
            ],
            "mean": 0.8021473709588985,
            "median": 0.802653399668325
        },
        "support": {
            "90th": [
                594.0,
                643.0
            ],
            "95th": [
                588.0,
                648.0
            ],
            "99th": [
                577.0,
                656.0
            ],
            "mean": 617.933,
            "median": 618.0
        },
        "user_accuracy": {
            "90th": [
                77.47581826937515,
                82.78166423115589
            ],
            "95th": [
                76.97131861198739,
                83.3069962182604
            ],
            "99th": [
                76.12666107503945,
                84.01936484600817
            ],
            "mean": 80.21473709588987,
            "median": 80.2653399668325
        }
    },
    "Other": {
        "f1-score": {
            "90th": [
                0.8346261046623217,
                0.8772727272727272
            ],
            "95th": [
                0.8310466489745203,
                0.8809795653955704
            ],
            "99th": [
                0.8213851173604166,
                0.8873579262713247
            ],
            "mean": 0.8567774562059642,
            "median": 0.8574660633484162
        },
        "precision": {
            "90th": [
                0.7225548902195609,
                0.7866136680613669
            ],
            "95th": [
                0.7165975963530874,
                0.7932405566600398
            ],
            "99th": [
                0.7033141981988124,
                0.8044823933417203
            ],
            "mean": 0.7556415052811353,
            "median": 0.7565392354124748
        },
        "producer_accuracy": {
            "90th": [
                72.2554890219561,
                78.66136680613668
            ],
            "95th": [
                71.65975963530875,
                79.32405566600397
            ],
            "99th": [
                70.33141981988122,
                80.44823933417203
            ],
            "mean": 75.5641505281135,
            "median": 75.65392354124748
        },
        "recall": {
            "90th": [
                0.9799971346704871,
                0.9973821989528796
            ],
            "95th": [
                0.9784931745065647,
                0.9975249052683046
            ],
            "99th": [
                0.973958106884058,
                1.0
            ],
            "mean": 0.9895548145825677,
            "median": 0.9896907216494846
        },
        "support": {
            "90th": [
                357.0,
                406.0
            ],
            "95th": [
                352.0,
                412.0
            ],
            "99th": [
                344.0,
                423.0
            ],
            "mean": 382.067,
            "median": 382.0
        },
        "user_accuracy": {
            "90th": [
                97.99971346704871,
                99.73821989528795
            ],
            "95th": [
                97.84931745065646,
                99.75249052683047
            ],
            "99th": [
                97.3958106884058,
                100.0
            ],
            "mean": 98.95548145825678,
            "median": 98.96907216494846
        }
    },
    "accuracy": {
        "90th": [
            0.856,
            0.891
        ],
        "95th": [
            0.852,
            0.894
        ],
        "99th": [
            0.8469949999999999,
            0.9
        ],
        "mean": 0.8737405,
        "median": 0.874
    },
    "cohen_kappa": {
        "90th": [
            0.7124998449951484,
            0.7807794930735424
        ],
        "95th": [
            0.706165850593532,
            0.7877674185107632
        ],
        "99th": [
            0.6928973973063761,
            0.7983323085620353
        ],
        "mean": 0.747383933759699,
        "median": 0.7477578475336323
    },
    "macro avg": {
        "f1-score": {
            "90th": [
                0.8535966950659223,
                0.8891926985960111
            ],
            "95th": [
                0.8502707465492847,
                0.8928297544742226
            ],
            "99th": [
                0.8432324969695112,
                0.8983348297206644
            ],
            "mean": 0.8718587122183724,
            "median": 0.872075747274055
        },
        "precision": {
            "90th": [
                0.8568594635258058,
                0.8901177103961913
            ],
            "95th": [
                0.8542198697398721,
                0.8929791916766706
            ],
            "99th": [
                0.8468315364453576,
                0.898535981045972
            ],
            "mean": 0.8738240267698295,
            "median": 0.8742376511660839
        },
        "recall": {
            "90th": [
                0.8817532271671443,
                0.9095047624493223
            ],
            "95th": [
                0.8786010895274611,
                0.912397272872002
            ],
            "99th": [
                0.8742061894657632,
                0.9178311372819177
            ],
            "mean": 0.8958510927707332,
            "median": 0.896040426403971
        }
    },
    "weighted avg": {
        "f1-score": {
            "90th": [
                0.857977170666318,
                0.89230286645839
            ],
            "95th": [
                0.8542834203920417,
                0.895615815233126
            ],
            "99th": [
                0.8495925890344269,
                0.9009305024084293
            ],
            "mean": 0.8755360324297731,
            "median": 0.8755041619334832
        },
        "precision": {
            "90th": [
                0.8911383650342538,
                0.9127064648395912
            ],
            "95th": [
                0.8888280811756661,
                0.9150264590618855
            ],
            "99th": [
                0.8857058232788061,
                0.9185822145752269
            ],
            "mean": 0.9018971880970053,
            "median": 0.9018848131672732
        },