{
    "Mangrove": {
        "f1-score": {
            "90th": [
                0.9432624113475178,
                0.9703347455681087
            ],
            "95th": [
                0.9407370737073708,
                0.973066532950254
            ],
            "99th": [
                0.9355907950026792,
                0.9778538147775945
            ],
            "mean": 0.9574709664647659,
            "median": 0.957841483979764
        },
        "precision": {
            "90th": [
                0.9158559707103396,
                0.9611324573741808
            ],
            "95th": [
                0.9119691453807591,
                0.9655172413793104
            ],
            "99th": [
                0.9043201494892124,
                0.9712240493319629
            ],
            "mean": 0.9400140772687473,
            "median": 0.9405940594059405
        },
        "producer_accuracy": {
            "90th": [
                91.58559707103397,
                96.1132457374181
            ],
            "95th": [
                91.19691453807592,
                96.55172413793103
            ],
            "99th": [
                90.43201494892124,
                97.1224049331963
            ],
            "mean": 94.00140772687472,
            "median": 94.05940594059405
        },
        "recall": {
            "90th": [
                0.9602876132641595,
                0.9897610921501706
            ],
            "95th": [
                0.9565180916253283,
                0.9928571428571429
            ],
            "99th": [
                0.9499886759581881,
                0.9964912280701754
            ],
            "mean": 0.975731162279821,
            "median": 0.9763112688960147
        },
        "support": {
            "90th": [
                269.0,
                310.0
            ],
            "95th": [
                265.0,
                314.0
            ],
            "99th": [
                258.995,
                321.0
            ],
            "mean": 289.2715,
            "median": 289.0
        },
        "user_accuracy": {
            "90th": [
                96.02876132641595,
                98.97610921501706
            ],
            "95th": [
                95.65180916253283,
                99.28571428571429
            ],
            "99th": [
                94.99886759581882,
                99.64912280701755
            ],
            "mean": 97.5731162279821,
            "median": 97.63112688960146
        }
    },
    "Other": {
        "f1-score": {
            "90th": [
                0.9451559730591989,
                0.9716988980629768
            ],
            "95th": [
                0.9419520533770415,
                0.9736852273651672
            ],
            "99th": [
                0.9372888442028368,
                0.9788620579880498
            ],
            "mean": 0.9589234690194928,
            "median": 0.9592169657422512
        },
        "precision": {
            "90th": [
                0.9615384615384616,
                0.9899665551839465
            ],
            "95th": [
                0.9579279509453245,
                0.9930801813626059
            ],
            "99th": [
                0.951910753957234,
                0.9966103962360411
            ],
            "mean": 0.9765731271966462,
            "median": 0.9770114322691976
        },
        "producer_accuracy": {
            "90th": [
                96.15384615384616,
                98.99665551839465
            ],
            "95th": [
                95.79279509453244,
                99.30801813626059
            ],
            "99th": [
                95.19107539572342,
                99.66103962360411
            ],
            "mean": 97.65731271966462,
            "median": 97.70114322691975
        },
        "recall": {
            "90th": [
                0.9191919191919192,
                0.9622700656532797
            ],
            "95th": [
                0.9161290322580645,
                0.9663327909972206
            ],
            "99th": [
                0.9052240665242995,
                0.9726487046840716
            ],
            "mean": 0.9420247144707228,
            "median": 0.9426751592356688
        },
        "support": {
            "90th": [
                290.0,
                331.0
            ],
            "95th": [
                286.0,
                335.0
            ],
            "99th": [
                279.0,
                341.0049999999999
            ],
            "mean": 310.7285,
            "median": 311.0
        },
        "user_accuracy": {
            "90th": [
                91.91919191919192,
                96.22700656532798
            ],
            "95th": [
                91.61290322580645,
                96.63327909972206
            ],
            "99th": [
                90.52240665242995,
                97.26487046840717
            ],
            "mean": 94.20247144707228,
            "median": 94.26751592356688
        }
    },
    "accuracy": {
        "90th": [
            0.945,
            0.97
        ],
        "95th": [
            0.9416666666666667,
            0.9733333333333334
        ],
        "99th": [
            0.9366666666666666,
            0.9783333333333334
        ],
        "mean": 0.9582783333333335,
        "median": 0.9583333333333334
    },
    "cohen_kappa": {
        "90th": [
            0.8895689479597044,
            0.9400369105903253
        ],
        "95th": [
            0.883383866429735,
            0.9466478600178918
        ],
        "99th": [
            0.8735004321935946,
            0.9566397254759417
        ],
        "mean": 0.9164305663979997,
        "median": 0.9166574063784865
    },
    "macro avg": {
        "f1-score": {
            "90th": [
                0.9447419757255406,
                0.969999683329815
            ],
            "95th": [
                0.9416301855326246,
                0.9733227439350289
            ],
            "99th": [
                0.9366602763823663,
                0.9783198000681425
            ],
            "mean": 0.9581972177421294,
            "median": 0.9583193239950094
        },
        "precision": {
            "90th": [
                0.9447843414296545,
                0.9708456023311095
            ],
            "95th": [
                0.9420335776652041,
                0.9734655662451673
            ],
            "99th": [
                0.9375630109783731,
                0.9782441499740424
            ],
            "mean": 0.9582936022326967,
            "median": 0.9584814627605428
        },
        "recall": {
            "90th": [
                0.9454114834252533,
                0.9712730953098755
            ],
            "95th": [
                0.9427863510073781,
                0.9735655830578431
            ],
            "99th": [
                0.9380408187406277,
                0.9784528707515948
            ],
            "mean": 0.9588779383752719,
            "median": 0.9591922491467928
        }
    },
    "weighted avg": {
        "f1-score": {
            "90th": [
                0.9449488449604405,
                0.9700543410633005
            ],
            "95th": [
                0.9417145939605813,
                0.9733360076880154
            ],
            "99th": [
                0.936722954959165,
                0.9783342439006115
            ],
            "mean": 0.9582920008582073,
            "median": 0.9583597709263979
        },
        "precision": {
            "90th": [
                0.9458758968203519,
                0.9713775323611414
            ],
            "95th": [
                0.943360730653852,
                0.9736748614866897
            ],
            "99th": [
                0.9391137109048547,
                0.9783873320650682
            ],