{
    "Mangrove": {
        "f1-score": {
            "90th": [
                0.9625095610525767,
                0.9800979839013014
            ],
            "95th": [
                0.9604159118357488,
                0.9815712900096993
            ],
            "99th": [
                0.9571798741368625,
                0.9838570071903405
            ],
            "mean": 0.9714956507123104,
            "median": 0.9716483081932195
        },
        "precision": {
            "90th": [
                0.9746289888345666,
                0.9922186543764875
            ],
            "95th": [
                0.972568004309184,
                0.9940005976095617
            ],
            "99th": [
                0.9682523777714158,
                0.9960553043249128
            ],
            "mean": 0.9840062579241308,
            "median": 0.9841897233201581
        },
        "producer_accuracy": {
            "90th": [
                97.46289888345666,
                99.22186543764875
            ],
            "95th": [
                97.2568004309184,
                99.40005976095618
            ],
            "99th": [
                96.82523777714158,
                99.60553043249128
            ],
            "mean": 98.40062579241308,
            "median": 98.41897233201581
        },
        "recall": {
            "90th": [
                0.9445624775697187,
                0.9732849872773537
            ],
            "95th": [
                0.9415263402768709,
                0.9752392721347094
            ],
            "99th": [
                0.9366048300710877,
                0.9803159199398321
            ],
            "mean": 0.959350067300036,
            "median": 0.9596928982725528
        },
        "support": {
            "90th": [
                488.0,
                540.0
            ],
            "95th": [
                484.0,
                544.0
            ],
            "99th": [
                473.0,
                554.0099999999998
            ],
            "mean": 513.3575,
            "median": 513.0
        },
        "user_accuracy": {
            "90th": [
                94.45624775697186,
                97.32849872773538
            ],
            "95th": [
                94.15263402768709,
                97.52392721347093
            ],
            "99th": [
                93.66048300710877,
                98.03159199398321
            ],
            "mean": 95.93500673000361,
            "median": 95.96928982725528
        }
    },
    "Other": {
        "f1-score": {
            "90th": [
                0.961458331130086,
                0.9794739435604057
            ],
            "95th": [
                0.9595732603810045,
                0.9810189810189809
            ],
            "99th": [
                0.9555773745034308,
                0.9833684988230443
            ],
            "mean": 0.9706859584846572,
            "median": 0.9707955689828802
        },
        "precision": {
            "90th": [
                0.9429631597856352,
                0.9722772277227723
            ],
            "95th": [
                0.9402390438247012,
                0.974609375
            ],
            "99th": [
                0.9338488911652512,
                0.9798391145226065
            ],
            "mean": 0.9582128503500642,
            "median": 0.9584139699414176
        },
        "producer_accuracy": {
            "90th": [
                94.29631597856351,
                97.22772277227722
            ],
            "95th": [
                94.02390438247012,
                97.4609375
            ],
            "99th": [
                93.38488911652512,
                97.98391145226066
            ],
            "mean": 95.82128503500643,
            "median": 95.84139699414176
        },
        "recall": {
            "90th": [
                0.9735772357723578,
                0.9920485026349838
            ],
            "95th": [
                0.971830985915493,
                0.9938271604938271
            ],
            "99th": [
                0.9676721084042998,
                0.9960239355943546
            ],
            "mean": 0.9835448222643688,
            "median": 0.983739837398374
        },
        "support": {
            "90th": [
                460.0,
                512.0
            ],
            "95th": [
                456.0,
                516.0
            ],
            "99th": [
                445.99,
                527.0
            ],
            "mean": 486.6425,
            "median": 487.0
        },
        "user_accuracy": {
            "90th": [
                97.35772357723577,
                99.20485026349837
            ],
            "95th": [
                97.1830985915493,
                99.38271604938271
            ],
            "99th": [
                96.76721084043,
                99.60239355943546
            ],
            "mean": 98.35448222643689,
            "median": 98.3739837398374
        }
    },
    "accuracy": {
        "90th": [
            0.962,
            0.98
        ],
        "95th": [
            0.96,
            0.981
        ],
        "99th": [
            0.957,
            0.984
        ],
        "mean": 0.971124,
        "median": 0.971
    },
    "cohen_kappa": {
        "90th": [
            0.9240145436158322,
            0.9599585170114395
        ],
        "95th": [
            0.9199692041477576,
            0.962
        ],
        "99th": [
            0.9139941823395455,
            0.9679549446266114
        ],
        "mean": 0.9421934339542161,
        "median": 0.942
    },
    "macro avg": {
        "f1-score": {
            "90th": [
                0.961997499433123,
                0.979974186708001
            ],
            "95th": [
                0.9599802140488624,
                0.9809977463284457
            ],
            "99th": [
                0.9569843422234544,
                0.9839768962726594
            ],
            "mean": 0.971090804598484,
            "median": 0.970995098171591
        },
        "precision": {
            "90th": [
                0.9622397656840815,
                0.979758932185416
            ],
            "95th": [
                0.9600789133363461,
                0.981178736028636
            ],
            "99th": [
                0.9570416197677838,
                0.9837918221754778
            ],
            "mean": 0.9711095541370974,
            "median": 0.9711605604233379
        },
        "recall": {
            "90th": [
                0.962697893807258,
                0.9800723636228684
            ],
            "95th": [
                0.9603328010757206,
                0.981346243644759
            ],
            "99th": [
                0.9575171437743019,
                0.9839740522635259
            ],
            "mean": 0.9714474447822025,
            "median": 0.9715366388324074
        }
    },
    "weighted avg": {
        "f1-score": {
            "90th": [
                0.9620146069575246,
                0.9799996680015521
            ],
            "95th": [
                0.9600015600249605,
                0.9810056471676276
            ],
            "99th": [
                0.9570170999554987,
                0.983999556712778
            ],
            "mean": 0.9711293970043194,
            "median": 0.9710109120017589
        },
        "precision": {
            "90th": [
                0.9627721476106147,
                0.9800828846235403
            ],
            "95th": [
                0.9605534360032428,
                0.9813312219170668
            ],
            "99th": [
                0.9578527841815349,
                0.9840325150881677
            ],
            "mean": 0.9715091549447157,
            "median": 0.971557540392407
        },