{
    "Mangrove": {
        "f1-score": {
            "90th": [
                0.9718862462838367,
                0.9867211440245148
            ],
            "95th": [
                0.9702564102564103,
                0.9878560838716509
            ],
            "99th": [
                0.9672279580129178,
                0.9905170223452133
            ],
            "mean": 0.9796263177872803,
            "median": 0.9798328995072976
        },
        "precision": {
            "90th": [
                0.9453100328947368,
                0.9737903225806451
            ],
            "95th": [
                0.9422310756972112,
                0.976003578528827
            ],
            "99th": [
                0.9365357692307692,
                0.9812122090775536
            ],
            "mean": 0.9601057459815585,
            "median": 0.9604631428507626
        },
        "producer_accuracy": {
            "90th": [
                94.53100328947369,
                97.37903225806451
            ],
            "95th": [
                94.22310756972112,
                97.6003578528827
            ],
            "99th": [
                93.65357692307693,
                98.12122090775536
            ],
            "mean": 96.01057459815586,
            "median": 96.04631428507626
        },
        "recall": {
            "90th": [
                1.0,
                1.0
            ],
            "95th": [
                1.0,
                1.0
            ],
            "99th": [
                1.0,
                1.0
            ],
            "mean": 1.0,
            "median": 1.0
        },
        "support": {
            "90th": [
                454.0,
                506.0
            ],
            "95th": [
                449.0,
                511.0
            ],
            "99th": [
                440.995,
                520.0
            ],
            "mean": 479.572,
            "median": 479.0
        },
        "user_accuracy": {
            "90th": [
                100.0,
                100.0
            ],
            "95th": [
                100.0,
                100.0
            ],
            "99th": [
                100.0,
                100.0
            ],
            "mean": 100.0,
            "median": 100.0
        }
    },
    "Other": {
        "f1-score": {
            "90th": [
                0.9728682170542635,
                0.9872922776148583
            ],
            "95th": [
                0.9715432165383601,
                0.9884836852207294
            ],
            "99th": [
                0.9686253673131379,
                0.99091907444503
            ],
            "mean": 0.9804520820834534,
            "median": 0.9806576402321083
        },
        "precision": {
            "90th": [
                1.0,
                1.0
            ],
            "95th": [
                1.0,
                1.0
            ],
            "99th": [
                1.0,
                1.0
            ],
            "mean": 1.0,
            "median": 1.0
        },
        "producer_accuracy": {
            "90th": [
                100.0,
                100.0
            ],
            "95th": [
                100.0,
                100.0
            ],
            "99th": [
                100.0,
                100.0
            ],
            "mean": 100.0,
            "median": 100.0
        },
        "recall": {
            "90th": [
                0.9471698113207547,
                0.974903474903475
            ],
            "95th": [
                0.9446611975604411,
                0.9772296015180265
            ],
            "99th": [
                0.9391595820168157,
                0.9820015913555992
            ],
            "mean": 0.9616909833866788,
            "median": 0.9620493358633776
        },
        "support": {
            "90th": [
                494.0,
                546.0
            ],
            "95th": [
                489.0,
                551.0
            ],
            "99th": [
                480.0,
                559.0049999999999
            ],
            "mean": 520.428,
            "median": 521.0
        },
        "user_accuracy": {
            "90th": [
                94.71698113207547,
                97.49034749034749
            ],
            "95th": [
                94.4661197560441,
                97.72296015180265
            ],
            "99th": [
                93.91595820168158,
                98.20015913555991
            ],
            "mean": 96.16909833866788,
            "median": 96.20493358633776
        }
    },
    "accuracy": {
        "90th": [
            0.972,
            0.987
        ],
        "95th": [
            0.971,
            0.988
        ],
        "99th": [
            0.968,
            0.991
        ],
        "mean": 0.9800675,
        "median": 0.98
    },
    "cohen_kappa": {
        "90th": [
            0.9440429190800033,
            0.9739762246585791
        ],
        "95th": [
            0.9420318940445753,
            0.9759957200341763
        ],
        "99th": [
            0.9359999577544236,
            0.9819546367075006
        ],
        "mean": 0.9600967024192205,
        "median": 0.9600119964010797
    },
    "macro avg": {
        "f1-score": {
            "90th": [
                0.9719995239913759,
                0.9869859109370426
            ],
            "95th": [
                0.9709915643432442,
                0.987996131151717
            ],
            "99th": [
                0.967967177245056,
                0.9909765856151865
            ],
            "mean": 0.9800391999353669,
            "median": 0.9799979997999799
        },
        "precision": {
            "90th": [
                0.9726550164473684,
                0.9868951612903225
            ],
            "95th": [
                0.9711155378486056,
                0.9880017892644135
            ],
            "99th": [
                0.9682678846153846,
                0.9906061045387768
            ],
            "mean": 0.9800528729907793,
            "median": 0.9802315714253813
        },
        "recall": {
            "90th": [
                0.9735849056603774,
                0.9874517374517375
            ],
            "95th": [
                0.9723305987802204,
                0.9886148007590132
            ],
            "99th": [
                0.9695797910084079,
                0.9910007956777995
            ],
            "mean": 0.9808454916933395,
            "median": 0.9810246679316887
        }
    },
    "weighted avg": {
        "f1-score": {
            "90th": [
                0.9720518909821476,
                0.9870038890573114
            ],
            "95th": [
                0.971024325243924,
                0.9880060586875248
            ],
            "99th": [
                0.9680203652739742,
                0.9909992782315368
            ],
            "mean": 0.9800760278055516,
            "median": 0.9800176341396943
        },
        "precision": {
            "90th": [
                0.9736297685492705,
                0.9873414141414142
            ],
            "95th": [
                0.9726818324701195,
                0.9882969072164949
            ],
            "99th": [
                0.9700234810078289,
                0.9911591498821218
            ],
            "mean": 0.98090151539728,
            "median": 0.9808196721311475
        },
        "recall": {
            "90th": [
                0.972,
                0.987
            ],
            "95th": [
                0.971,
                0.988
            ],
            "99th": [
                0.968,
                0.991
            ],
            "mean": 0.9800675,
            "median": 0.98
        }
    }
}