{
    "Mangrove": {
        "f1-score": {
            "90th": [
                0.9681391597024032,
                0.9845838605746285
            ],
            "95th": [
                0.9664563299359553,
                0.9857554200542006
            ],
            "99th": [
                0.9622832881349412,
                0.9874778104856519
            ],
            "mean": 0.9765210057748576,
            "median": 0.9766497461928934
        },
        "precision": {
            "90th": [
                0.9705882352941176,
                0.9901970377191973
            ],
            "95th": [
                0.968929112084452,
                0.9920322685401535
            ],
            "99th": [
                0.9626545766158792,
                0.9957984509043701
            ],
            "mean": 0.9814939468458681,
            "median": 0.9818548387096774
        },
        "producer_accuracy": {
            "90th": [
                97.05882352941177,
                99.01970377191974
            ],
            "95th": [
                96.89291120844518,
                99.20322685401536
            ],
            "99th": [
                96.26545766158792,
                99.57984509043702
            ],
            "mean": 98.14939468458681,
            "median": 98.18548387096774
        },
        "recall": {
            "90th": [
                0.9588477366255144,
                0.983676787788286
            ],
            "95th": [
                0.9558489025447341,
                0.9855386780260518
            ],
            "99th": [
                0.9505919050756007,
                0.9882585459081493
            ],
            "mean": 0.9716429752188981,
            "median": 0.971844198398647
        },
        "support": {
            "90th": [
                477.0,
                529.0
            ],
            "95th": [
                471.0,
                534.0
            ],
            "99th": [
                461.0,
                542.0049999999999
            ],
            "mean": 502.836,
            "median": 503.0
        },
        "user_accuracy": {
            "90th": [
                95.88477366255144,
                98.3676787788286
            ],
            "95th": [
                95.58489025447341,
                98.55386780260518
            ],
            "99th": [
                95.05919050756007,
                98.82585459081494
            ],
            "mean": 97.16429752188981,
            "median": 97.1844198398647
        }
    },
    "Other": {
        "f1-score": {
            "90th": [
                0.9678714859437751,
                0.9842255482074487
            ],
            "95th": [
                0.9666666666666667,
                0.9856461781316181
            ],
            "99th": [
                0.9636888167270043,
                0.987680173304282
            ],
            "mean": 0.9764959605690324,
            "median": 0.9766970618034448
        },
        "precision": {
            "90th": [
                0.9586614173228346,
                0.9837414865020861
            ],
            "95th": [
                0.9562685937922586,
                0.9857730792064512
            ],
            "99th": [
                0.9504111570247934,
                0.9880954733672125
            ],
            "mean": 0.9716089261524635,
            "median": 0.9718875502008032
        },
        "producer_accuracy": {
            "90th": [
                95.86614173228347,
                98.37414865020861
            ],
            "95th": [
                95.62685937922586,
                98.57730792064513
            ],
            "99th": [
                95.04111570247935,
                98.80954733672125
            ],
            "mean": 97.16089261524635,
            "median": 97.18875502008032
        },
        "recall": {
            "90th": [
                0.9707108884675733,
                0.9902162197284735
            ],
            "95th": [
                0.9685522210667062,
                0.9921112286534683
            ],
            "99th": [
                0.9625212685059766,
                0.9957264957264957
            ],
            "mean": 0.9814784905139324,
            "median": 0.9819040827241933
        },
        "support": {
            "90th": [
                471.0,
                523.0
            ],
            "95th": [
                466.0,
                529.0
            ],
            "99th": [
                457.995,
                539.0
            ],
            "mean": 497.164,
            "median": 497.0
        },
        "user_accuracy": {
            "90th": [
                97.07108884675732,
                99.02162197284736
            ],
            "95th": [
                96.85522210667062,
                99.21112286534684
            ],
            "99th": [
                96.25212685059766,
                99.57264957264957
            ],
            "mean": 98.14784905139325,
            "median": 98.19040827241932
        }
    },
    "accuracy": {
        "90th": [
            0.968,
            0.984
        ],
        "95th": [
            0.967,
            0.986
        ],
        "99th": [
            0.9639949999999999,
            0.987
        ],
        "mean": 0.9765314999999999,
        "median": 0.977
    },
    "cohen_kappa": {
        "90th": [
            0.9359960445516128,
            0.9679988799601906
        ],
        "95th": [
            0.9339333122803603,
            0.9719060676380409
        ],
        "99th": [
            0.9277368742457404,
            0.973999795118311
        ],
        "mean": 0.9530194095318095,
        "median": 0.9539312654473091
    },
    "macro avg": {
        "f1-score": {
            "90th": [
                0.9679936307270401,
                0.9839994239792631
            ],
            "95th": [
                0.9669640238219421,
                0.9859529774424338
            ],
            "99th": [
                0.9638567453189243,
                0.9869998829989469
            ],
            "mean": 0.976508483171945,
            "median": 0.9769649637098027
        },
        "precision": {
            "90th": [
                0.9681966814760272,
                0.9840938694395266
            ],
            "95th": [
                0.9669566314714272,
                0.985829969292693
            ],
            "99th": [
                0.9636468869420928,
                0.9871140288423298
            ],
            "mean": 0.9765514364991656,
            "median": 0.9769195993613762
        },
        "recall": {
            "90th": [
                0.9681514057357054,
                0.9841951540912214
            ],
            "95th": [
                0.9668854357806916,
                0.9858439533607839
            ],
            "99th": [
                0.9631364430823423,
                0.987307038443074
            ],
            "mean": 0.9765607328664154,
            "median": 0.9769228306500346
        }
    },
    "weighted avg": {
        "f1-score": {
            "90th": [
                0.9680028109217713,
                0.9840032144702132
            ],
            "95th": [
                0.9669945490639307,
                0.9859979911122373
            ],
            "99th": [
                0.9639548882040204,
                0.9870037418614735
            ],
            "mean": 0.9765315967138668,
            "median": 0.9769976526996514
        },
        "precision": {
            "90th": [
                0.9682604651578292,
                0.9841087713986799
            ],
            "95th": [
                0.9670148160434713,
                0.9860001164191088
            ],
            "99th": [
                0.9640062401173904,
                0.987151177640215
            ],
            "mean": 0.9766267139273592,