{
    "Mangrove": {
        "f1-score": {
            "90th": [
                0.9339575377169432,
                0.9575093193582576
            ],
            "95th": [
                0.9311663479923519,
                0.959766794858439
            ],
            "99th": [
                0.9269710499441897,
                0.9647284374798998
            ],
            "mean": 0.9460546179901592,
            "median": 0.9464788732394366
        },
        "precision": {
            "90th": [
                0.9719991379310344,
                0.9918032786885246
            ],
            "95th": [
                0.9698795180722891,
                0.9938274773747052
            ],
            "99th": [
                0.9652344599673306,
                0.9959677825014603
            ],
            "mean": 0.9823316831734121,
            "median": 0.982421875
        },
        "producer_accuracy": {
            "90th": [
                97.19991379310345,
                99.18032786885246
            ],
            "95th": [
                96.98795180722891,
                99.38274773747052
            ],
            "99th": [
                96.52344599673306,
                99.59677825014603
            ],
            "mean": 98.23316831734121,
            "median": 98.2421875
        },
        "recall": {
            "90th": [
                0.8925220706526797,
                0.9318600368324125
            ],
            "95th": [
                0.8871847014723834,
                0.9360576730458472
            ],
            "99th": [
                0.8780483362210671,
                0.9427583166187816
            ],
            "mean": 0.9124559371867565,
            "median": 0.9129225217382146
        },
        "support": {
            "90th": [
                512.0,
                564.0
            ],
            "95th": [
                508.0,
                568.0
            ],
            "99th": [
                497.0,
                577.0
            ],
            "mean": 538.112,
            "median": 538.0
        },
        "user_accuracy": {
            "90th": [
                89.25220706526797,
                93.18600368324125
            ],
            "95th": [
                88.71847014723834,
                93.60576730458472
            ],
            "99th": [
                87.80483362210671,
                94.27583166187816
            ],
            "mean": 91.24559371867566,
            "median": 91.29225217382147
        }
    },
    "Other": {
        "f1-score": {
            "90th": [
                0.9290990490990491,
                0.9539094565794846
            ],
            "95th": [
                0.9263354091286794,
                0.9562583623408379
            ],
            "99th": [
                0.9211297550070869,
                0.9604278662513956
            ],
            "mean": 0.9418106143050088,
            "median": 0.9421661409043113
        },
        "precision": {
            "90th": [
                0.8839983122362869,
                0.9263834172876849
            ],
            "95th": [
                0.8796643003549467,
                0.9305555555555556
            ],
            "99th": [
                0.869046803652968,
                0.9411770461609301
            ],
            "mean": 0.9058368502691969,
            "median": 0.9060665362035225
        },
        "producer_accuracy": {
            "90th": [
                88.3998312236287,
                92.63834172876848
            ],
            "95th": [
                87.96643003549468,
                93.05555555555556
            ],
            "99th": [
                86.90468036529681,
                94.11770461609301
            ],
            "mean": 90.5836850269197,
            "median": 90.60665362035225
        },
        "recall": {
            "90th": [
                0.9696936830342471,
                0.9911894273127754
            ],
            "95th": [
                0.9676025917926566,
                0.9932588048571573
            ],
            "99th": [
                0.963218316166592,
                0.9956522210695087
            ],
            "mean": 0.9808849507062981,
            "median": 0.981042654028436
        },
        "support": {
            "90th": [
                436.0,
                488.0
            ],
            "95th": [
                432.0,
                492.0
            ],
            "99th": [
                423.0,
                503.0
            ],
            "mean": 461.888,
            "median": 462.0
        },
        "user_accuracy": {
            "90th": [
                96.9693683034247,
                99.11894273127754
            ],
            "95th": [
                96.76025917926566,
                99.32588048571573
            ],
            "99th": [
                96.3218316166592,
                99.56522210695086
            ],
            "mean": 98.08849507062982,
            "median": 98.10426540284361
        }
    },
    "accuracy": {
        "90th": [
            0.932,
            0.955
        ],
        "95th": [
            0.929,
            0.958
        ],
        "99th": [
            0.925,
            0.9620049999999999
        ],
        "mean": 0.9440664999999999,
        "median": 0.944
    },
    "cohen_kappa": {
        "90th": [
            0.8638620076059831,
            0.9100950475133118
        ],
        "95th": [
            0.8582933044916676,
            0.9157524891151806
        ],
        "99th": [
            0.8501265827434992,
            0.9240451710109506
        ],
        "mean": 0.8880415110460019,
        "median": 0.8881442938497626
    },
    "macro avg": {
        "f1-score": {
            "90th": [
                0.93178449286976,
                0.9549989109730983
            ],
            "95th": [
                0.9289836377493397,
                0.9578381871169298
            ],
            "99th": [
                0.9248734416055086,
                0.9620041150015223
            ],
            "mean": 0.943932616147584,
            "median": 0.9439919348386168
        },
        "precision": {
            "90th": [
                0.9321073284293138,
                0.9551747062773827
            ],
            "95th": [
                0.9299461821053618,
                0.9577240371771508
            ],
            "99th": [
                0.9249998043439673,
                0.9619199638717633
            ],
            "mean": 0.9440842667213046,
            "median": 0.944396099273793
        },
        "recall": {
            "90th": [
                0.9351426847278973,
                0.9575327058914028
            ],
            "95th": [
                0.9327159812311538,
                0.9595954215698537
            ],
            "99th": [
                0.928103513565418,
                0.964278190605283
            ],
            "mean": 0.9466704439465272,
            "median": 0.9470385590931892
        }
    },
    "weighted avg": {
        "f1-score": {
            "90th": [
                0.9320177078244255,
                0.9551256071044387
            ],
            "95th": [
                0.9292197389446775,
                0.9580607746526176
            ],
            "99th": [
                0.9250911201365795,
                0.9620733158793751
            ],
            "mean": 0.9441486586645662,
            "median": 0.9441481960701243
        },
        "precision": {
            "90th": [
                0.9359666406146363,
                0.9574336423359705
            ],
            "95th": [
                0.9338986444111796,
                0.9596796575365165
            ],
            "99th": [
                0.9292039530953058,
                0.9636511891779197
            ],
            "mean": 0.9470984094613157,
            "median": 0.9473392868266584
        },