{
    "Mangrove": {
        "f1-score": {
            "90th": [
                0.9651706571826809,
                0.9813542688910697
            ],
            "95th": [
                0.9635449987599629,
                0.9826274956107103
            ],
            "99th": [
                0.9603021380225264,
                0.984819734345351
            ],
            "mean": 0.9735498528276648,
            "median": 0.9737373737373737
        },
        "precision": {
            "90th": [
                0.9802741851236835,
                0.9959595959595959
            ],
            "95th": [
                0.9782970413903957,
                0.9960862967832681
            ],
            "99th": [
                0.9749470999012801,
                0.9980620715149886
            ],
            "mean": 0.9883052634513979,
            "median": 0.9883040935672515
        },
        "producer_accuracy": {
            "90th": [
                98.02741851236836,
                99.5959595959596
            ],
            "95th": [
                97.82970413903958,
                99.6086296783268
            ],
            "99th": [
                97.494709990128,
                99.80620715149885
            ],
            "mean": 98.83052634513977,
            "median": 98.83040935672514
        },
        "recall": {
            "90th": [
                0.944880442334414,
                0.9731285988483686
            ],
            "95th": [
                0.9422699970936804,
                0.9751047261648802
            ],
            "99th": [
                0.9358671815175066,
                0.9786827866648743
            ],
            "mean": 0.9592771220541811,
            "median": 0.959409594095941
        },
        "support": {
            "90th": [
                489.0,
                542.0
            ],
            "95th": [
                485.0,
                549.0
            ],
            "99th": [
                476.995,
                558.0
            ],
            "mean": 515.0705,
            "median": 515.0
        },
        "user_accuracy": {
            "90th": [
                94.48804423344141,
                97.31285988483685
            ],
            "95th": [
                94.22699970936804,
                97.51047261648802
            ],
            "99th": [
                93.58671815175066,
                97.86827866648743
            ],
            "mean": 95.9277122054181,
            "median": 95.9409594095941
        }
    },
    "Other": {
        "f1-score": {
            "90th": [
                0.9637399636119132,
                0.9807507209102954
            ],
            "95th": [
                0.9621834762564186,
                0.9820112156639103
            ],
            "99th": [
                0.9598259371647913,
                0.9844365473860986
            ],
            "mean": 0.9727438931218101,
            "median": 0.9729729729729729
        },
        "precision": {
            "90th": [
                0.943314089561554,
                0.9722839781892345
            ],
            "95th": [
                0.9388529948312557,
                0.9742076261197548
            ],
            "99th": [
                0.9349588823474442,
                0.978174819267641
            ],
            "mean": 0.9580483374699168,
            "median": 0.9582938013915243
        },
        "producer_accuracy": {
            "90th": [
                94.33140895615541,
                97.22839781892344
            ],
            "95th": [
                93.88529948312556,
                97.42076261197549
            ],
            "99th": [
                93.49588823474441,
                97.8174819267641
            ],
            "mean": 95.80483374699168,
            "median": 95.82938013915245
        },
        "recall": {
            "90th": [
                0.9795081967213115,
                0.995772116216626
            ],
            "95th": [
                0.9777327935222672,
                0.9959434101715515
            ],
            "99th": [
                0.9741028072080417,
                0.9979634019640987
            ],
            "mean": 0.9879528215090072,
            "median": 0.9878787878787879
        },
        "support": {
            "90th": [
                458.0,
                511.0
            ],
            "95th": [
                451.0,
                515.0
            ],
            "99th": [
                442.0,
                523.0049999999999
            ],
            "mean": 484.9295,
            "median": 485.0
        },
        "user_accuracy": {
            "90th": [
                97.95081967213115,
                99.57721162166261
            ],
            "95th": [
                97.77327935222672,
                99.59434101715516
            ],
            "99th": [
                97.41028072080417,
                99.79634019640987
            ],
            "mean": 98.79528215090072,
            "median": 98.7878787878788
        }
    },
    "accuracy": {
        "90th": [
            0.965,
            0.981
        ],
        "95th": [
            0.963,
            0.982
        ],
        "99th": [
            0.96,
            0.984
        ],
        "mean": 0.97318,
        "median": 0.973
    },
    "cohen_kappa": {
        "90th": [
            0.9295345900291699,
            0.9619783580479817
        ],
        "95th": [
            0.926,
            0.963994523545673
        ],
        "99th": [
            0.9200366439593674,
            0.9680019326822473
        ],
        "mean": 0.9463084068572741,
        "median": 0.9460118773861115
    },
    "macro avg": {
        "f1-score": {
            "90th": [
                0.9647452846818262,
                0.980986237829166
            ],
            "95th": [
                0.9629916138960128,
                0.9819954412402161
            ],
            "99th": [
                0.9599942031535864,
                0.983999935999744
            ],
            "mean": 0.9731468729747375,
            "median": 0.9729986769351698
        },
        "precision": {
            "90th": [
                0.9644230621082143,
                0.9809274250999382
            ],
            "95th": [
                0.9630735239763837,
                0.9821097749328382
            ],
            "99th": [
                0.9608599520426501,
                0.984340812752977
            ],
            "mean": 0.9731768004606572,
            "median": 0.9732994719058918
        },
        "recall": {
            "90th": [
                0.9655450422300601,
                0.9812588438627494
            ],
            "95th": [
                0.9637810602540893,
                0.9826778336458692
            ],
            "99th": [
                0.9609266505789616,
                0.9846370470396413
            ],
            "mean": 0.9736149717815942,
            "median": 0.9737411725972911
        }
    },
    "weighted avg": {
        "f1-score": {
            "90th": [
                0.9649886314409452,
                0.9810031411190776
            ],
            "95th": [
                0.963013328453842,
                0.9820091315071967
            ],
            "99th": [
                0.9600076739016722,
                0.9840076386818215
            ],
            "mean": 0.9731864339913843,
            "median": 0.9730206969112453
        },
        "precision": {
            "90th": [
                0.965494117541974,
                0.9812348826433369
            ],
            "95th": [
                0.9640410841084108,
                0.9823797035490217
            ],
            "99th": [
                0.961310735958508,
                0.9843965426559463
            ],
            "mean": 0.9736893876651239,
            "median": 0.9737610113955194
        },