{
    "Mangrove": {
        "f1-score": {
            "90th": [
                0.8906012927959025,
                0.9216474877520793
            ],
            "95th": [
                0.8874039316682725,
                0.9247516901234164
            ],
            "99th": [
                0.881615969292456,
                0.9304914512768192
            ],
            "mean": 0.9060089955142306,
            "median": 0.9056603773584905
        },
        "precision": {
            "90th": [
                0.9284294234592445,
                0.9621551567091475
            ],
            "95th": [
                0.9242394764768305,
                0.9651871065842287
            ],
            "99th": [
                0.9190275188673822,
                0.9699401803607214
            ],
            "mean": 0.9461028667352798,
            "median": 0.946611909650924
        },
        "producer_accuracy": {
            "90th": [
                92.84294234592446,
                96.21551567091475
            ],
            "95th": [
                92.42394764768305,
                96.51871065842286
            ],
            "99th": [
                91.90275188673823,
                96.99401803607213
            ],
            "mean": 94.61028667352798,
            "median": 94.6611909650924
        },
        "recall": {
            "90th": [
                0.8455598455598455,
                0.892455908448919
            ],
            "95th": [
                0.8405253283302064,
                0.897923394801005
            ],
            "99th": [
                0.8324196864684855,
                0.9070233407552839
            ],
            "mean": 0.8693255925441418,
            "median": 0.8690036900369004
        },
        "support": {
            "90th": [
                518.0,
                570.0
            ],
            "95th": [
                513.0,
                575.0
            ],
            "99th": [
                504.995,
                584.0
            ],
            "mean": 544.3295,
            "median": 544.0
        },
        "user_accuracy": {
            "90th": [
                84.55598455598455,
                89.2455908448919
            ],
            "95th": [
                84.05253283302065,
                89.79233948010051
            ],
            "99th": [
                83.24196864684856,
                90.7023340755284
            ],
            "mean": 86.9325592544142,
            "median": 86.90036900369003
        }
    },
    "Other": {
        "f1-score": {
            "90th": [
                0.879832586632942,
                0.914231775825568
            ],
            "95th": [
                0.8771469611619034,
                0.917864476386037
            ],
            "99th": [
                0.8720072573974759,
                0.9232446264073693
            ],
            "mean": 0.89724962800036,
            "median": 0.8972859652104935
        },
        "precision": {
            "90th": [
                0.832,
                0.8827992591319623
            ],
            "95th": [
                0.8263430194825073,
                0.8888943894389438
            ],
            "99th": [
                0.8160467318982387,
                0.9003781087333719
            ],
            "mean": 0.8576879052631279,
            "median": 0.8577235772357723
        },
        "producer_accuracy": {
            "90th": [
                83.2,
                88.27992591319624
            ],
            "95th": [
                82.63430194825074,
                88.88943894389439
            ],
            "99th": [
                81.60467318982387,
                90.03781087333718
            ],
            "mean": 85.76879052631278,
            "median": 85.77235772357723
        },
        "recall": {
            "90th": [
                0.9216936439005132,
                0.9581400471263191
            ],
            "95th": [
                0.9181818181818182,
                0.9609808998774919
            ],
            "99th": [
                0.9112043631594153,
                0.9667413107002835
            ],
            "mean": 0.9408518838658403,
            "median": 0.9411764705882353
        },
        "support": {
            "90th": [
                430.0,
                482.0
            ],
            "95th": [
                425.0,
                487.0
            ],
            "99th": [
                416.0,
                495.0049999999999
            ],
            "mean": 455.6705,
            "median": 456.0
        },
        "user_accuracy": {
            "90th": [
                92.16936439005133,
                95.8140047126319
            ],
            "95th": [
                91.81818181818183,
                96.09808998774919
            ],
            "99th": [
                91.12043631594153,
                96.67413107002835
            ],
            "mean": 94.08518838658402,
            "median": 94.11764705882352
        }
    },
    "accuracy": {
        "90th": [
            0.887,
            0.918
        ],
        "95th": [
            0.884,
            0.92
        ],
        "99th": [
            0.878995,
            0.927005
        ],
        "mean": 0.901912,
        "median": 0.902
    },
    "cohen_kappa": {
        "90th": [
            0.7736446220393711,
            0.8343826346979804
        ],
        "95th": [
            0.767953428053024,
            0.8401232329631909
        ],
        "99th": [
            0.7563007534211041,
            0.8541032796986263
        ],
        "mean": 0.8036690290158792,
        "median": 0.8032570979931086
    },
    "macro avg": {
        "f1-score": {
            "90th": [
                0.886548257497037,
                0.9171412493649838
            ],
            "95th": [
                0.883704614099351,
                0.919979634810036
            ],
            "99th": [
                0.8778585224581402,
                0.9269624648223501
            ],
            "mean": 0.9016293117572953,
            "median": 0.9014306635124478
        },
        "precision": {
            "90th": [
                0.886617697378786,
                0.9173001256731126
            ],
            "95th": [
                0.8841267358341254,
                0.9204572961433427
            ],
            "99th": [
                0.8787798433972235,
                0.9263037744486172
            ],
            "mean": 0.9018953859992039,
            "median": 0.9016821750012577
        },
        "recall": {
            "90th": [
                0.8904644340515462,
                0.9202330858981537
            ],
            "95th": [
                0.8877599954908203,
                0.9233622676329394
            ],
            "99th": [
                0.8820922690274956,
                0.9287936576855828
            ],
            "mean": 0.905088738204991,
            "median": 0.9048023184802302
        }
    },
    "weighted avg": {
        "f1-score": {
            "90th": [
                0.8871616192507588,
                0.9180188291108008
            ],
            "95th": [
                0.8842125006855375,
                0.9202309272874032
            ],
            "99th": [
                0.8791356696000552,
                0.9270913492876427
            ],
            "mean": 0.9021076279920801,
            "median": 0.9020719483603767
        },
        "precision": {
            "90th": [
                0.89190698424992,
                0.9204713056768489
            ],
            "95th": [
                0.8890300861817246,
                0.9232920757277907
            ],
            "99th": [
                0.8835368520049377,
                0.9293893044439231
            ],
            "mean": 0.9059931183068549,
            "median": 0.9056614427080909
        },