{
    "Mangrove": {
        "f1-score": {
            "90th": [
                0.8704515094392231,
                0.9031718537028625
            ],
            "95th": [
                0.8673340221333327,
                0.9065279686671878
            ],
            "99th": [
                0.8607818184310682,
                0.9106710056940307
            ],
            "mean": 0.8871280882193794,
            "median": 0.8871111111111112
        },
        "precision": {
            "90th": [
                0.984641955036816,
                0.9979961923847696
            ],
            "95th": [
                0.9827577933681911,
                0.9980544747081712
            ],
            "99th": [
                0.9790064178136698,
                1.0
            ],
            "mean": 0.9918718962417561,
            "median": 0.9920318725099602
        },
        "producer_accuracy": {
            "90th": [
                98.46419550368161,
                99.79961923847695
            ],
            "95th": [
                98.27577933681911,
                99.80544747081711
            ],
            "99th": [
                97.90064178136699,
                100.0
            ],
            "mean": 99.18718962417559,
            "median": 99.20318725099602
        },
        "recall": {
            "90th": [
                0.7762034527529706,
                0.8286210417735758
            ],
            "95th": [
                0.7708665780141845,
                0.8333333333333334
            ],
            "99th": [
                0.761976416880764,
                0.8401402921824467
            ],
            "mean": 0.8025421609335706,
            "median": 0.8025891662455257
        },
        "support": {
            "90th": [
                592.0,
                644.0
            ],
            "95th": [
                588.0,
                649.0
            ],
            "99th": [
                577.0,
                659.0049999999999
            ],
            "mean": 618.169,
            "median": 618.0
        },
        "user_accuracy": {
            "90th": [
                77.62034527529707,
                82.86210417735758
            ],
            "95th": [
                77.08665780141844,
                83.33333333333334
            ],
            "99th": [
                76.19764168807642,
                84.01402921824467
            ],
            "mean": 80.25421609335707,
            "median": 80.25891662455257
        }
    },
    "Other": {
        "f1-score": {
            "90th": [
                0.8349514563106796,
                0.8769574944071588
            ],
            "95th": [
                0.8305255554390503,
                0.881285299716042
            ],
            "99th": [
                0.8213844909090163,
                0.888888888888889
            ],
            "mean": 0.8567934277794574,
            "median": 0.8571428571428571
        },
        "precision": {
            "90th": [
                0.723523153942428,
                0.7871528667862941
            ],
            "95th": [
                0.7157253054255114,
                0.7931139187491274
            ],
            "99th": [
                0.7039204793028323,
                0.8061560398233537
            ],
            "mean": 0.755781735142442,
            "median": 0.7562440019193858
        },
        "producer_accuracy": {
            "90th": [
                72.3523153942428,
                78.71528667862941
            ],
            "95th": [
                71.57253054255114,
                79.31139187491274
            ],
            "99th": [
                70.39204793028323,
                80.61560398233536
            ],
            "mean": 75.57817351424418,
            "median": 75.62440019193858
        },
        "recall": {
            "90th": [
                0.9798832479226383,
                0.9973825407023635
            ],
            "95th": [
                0.9777132790088554,
                0.9974811083123426
            ],
            "99th": [
                0.9734712884418415,
                1.0
            ],
            "mean": 0.9893523675004424,
            "median": 0.9896907216494846
        },
        "support": {
            "90th": [
                356.0,
                408.0
            ],
            "95th": [
                351.0,
                412.0
            ],
            "99th": [
                340.995,
                423.0
            ],
            "mean": 381.831,
            "median": 382.0
        },
        "user_accuracy": {
            "90th": [
                97.98832479226382,
                99.73825407023635
            ],
            "95th": [
                97.77132790088555,
                99.74811083123426
            ],
            "99th": [
                97.34712884418414,
                100.0
            ],
            "mean": 98.93523675004424,
            "median": 98.96907216494846
        }
    },
    "accuracy": {
        "90th": [
            0.856,
            0.891
        ],
        "95th": [
            0.853,
            0.894
        ],
        "99th": [
            0.845,
            0.8990049999999999
        ],
        "mean": 0.8738724999999999,
        "median": 0.874
    },
    "cohen_kappa": {
        "90th": [
            0.7127559005692087,
            0.7806386313269849
        ],
        "95th": [
            0.706474980009673,
            0.7871981220509571
        ],
        "99th": [
            0.6935425787264782,
            0.7973939169940178
        ],
        "mean": 0.7475677227828406,
        "median": 0.7480498979835334
    },
    "macro avg": {
        "f1-score": {
            "90th": [
                0.853661422348703,
                0.8891566827275026
            ],
            "95th": [
                0.8503520243796677,
                0.892486458504936
            ],
            "99th": [
                0.8436982212564638,
                0.897921515633988
            ],
            "mean": 0.8719607579994183,
            "median": 0.872229483150766
        },
        "precision": {
            "90th": [
                0.8566836683668367,
                0.8895903397766773
            ],
            "95th": [
                0.8537467901929067,
                0.8931783634152586
            ],
            "99th": [
                0.8469937576686765,
                0.8986766087047461
            ],
            "mean": 0.873826815692099,
            "median": 0.8738430300087443
        },
        "recall": {
            "90th": [
                0.8819936192466391,
                0.9095836000577623
            ],
            "95th": [
                0.8790234857140413,
                0.9123585894751259
            ],
            "99th": [
                0.8737929541976447,
                0.9164318180686566
            ],
            "mean": 0.8959472642170063,
            "median": 0.8959774379736397
        }
    },
    "weighted avg": {
        "f1-score": {
            "90th": [
                0.8579851246210579,
                0.8923835296468801
            ],
            "95th": [
                0.8557664290973658,
                0.8951601534646474
            ],
            "99th": [
                0.8480949245658054,
                0.9005345886479804
            ],
            "mean": 0.8756734114357905,
            "median": 0.8758084545239317
        },
        "precision": {
            "90th": [
                0.8910035939389956,
                0.9123358295567295
            ],
            "95th": [
                0.8890935303038184,
                0.9146844107929318
            ],
            "99th": [
                0.88415581435016,
                0.9180755343434857
            ],
            "mean": 0.9019269683284576,
            "median": 0.9019673914782637
        },