{
    "Mangrove": {
        "f1-score": {
            "90th": [
                0.8907183701912238,
                0.9217407695775109
            ],
            "95th": [
                0.8871714869391734,
                0.9245116077444898
            ],
            "99th": [
                0.881590684349152,
                0.928367112924201
            ],
            "mean": 0.9064703583477695,
            "median": 0.9066147859922179
        },
        "precision": {
            "90th": [
                0.9287211740041929,
                0.9623824257425743
            ],
            "95th": [
                0.9258499420716433,
                0.964878645850082
            ],
            "99th": [
                0.9176700671608209,
                0.9705891563305906
            ],
            "mean": 0.9464858259251338,
            "median": 0.9468302658486708
        },
        "producer_accuracy": {
            "90th": [
                92.87211740041928,
                96.23824257425741
            ],
            "95th": [
                92.58499420716434,
                96.48786458500818
            ],
            "99th": [
                91.76700671608208,
                97.05891563305907
            ],
            "mean": 94.64858259251336,
            "median": 94.68302658486708
        },
        "recall": {
            "90th": [
                0.8454681504481173,
                0.8926654740608229
            ],
            "95th": [
                0.841264880952381,
                0.8966103287880718
            ],
            "99th": [
                0.8333303357314149,
                0.9038822195879879
            ],
            "mean": 0.8698493313552318,
            "median": 0.8701298701298701
        },
        "support": {
            "90th": [
                517.95,
                571.0
            ],
            "95th": [
                512.0,
                576.0
            ],
            "99th": [
                501.0,
                585.0
            ],
            "mean": 544.512,
            "median": 545.0
        },
        "user_accuracy": {
            "90th": [
                84.54681504481174,
                89.26654740608228
            ],
            "95th": [
                84.1264880952381,
                89.66103287880719
            ],
            "99th": [
                83.33303357314149,
                90.38822195879878
            ],
            "mean": 86.98493313552318,
            "median": 87.01298701298701
        }
    },
    "Other": {
        "f1-score": {
            "90th": [
                0.8803418803418804,
                0.9144667370644138
            ],
            "95th": [
                0.8762099714483814,
                0.9171631000578367
            ],
            "99th": [
                0.8665175185947898,
                0.9223129598010076
            ],
            "mean": 0.897646159121292,
            "median": 0.897745008045681
        },
        "precision": {
            "90th": [
                0.8309859154929577,
                0.8832422027456642
            ],
            "95th": [
                0.8258294743368662,
                0.8873524502091408
            ],
            "99th": [
                0.8151949719956216,
                0.8944357996645661
            ],
            "mean": 0.8581319790376005,
            "median": 0.8588007736943907
        },
        "producer_accuracy": {
            "90th": [
                83.09859154929578,
                88.32422027456641
            ],
            "95th": [
                82.58294743368661,
                88.73524502091408
            ],
            "99th": [
                81.51949719956217,
                89.44357996645662
            ],
            "mean": 85.81319790376004,
            "median": 85.88007736943906
        },
        "recall": {
            "90th": [
                0.9222462203023758,
                0.9593147751605996
            ],
            "95th": [
                0.9185022026431718,
                0.9616205894102529
            ],
            "99th": [
                0.9095125223186579,
                0.9686757236414538
            ],
            "mean": 0.9411844681362881,
            "median": 0.9416756659467242
        },
        "support": {
            "90th": [
                429.0,
                482.04999999999995
            ],
            "95th": [
                424.0,
                488.0
            ],
            "99th": [
                415.0,
                499.0
            ],
            "mean": 455.488,
            "median": 455.0
        },
        "user_accuracy": {
            "90th": [
                92.22462203023758,
                95.93147751605996
            ],
            "95th": [
                91.85022026431719,
                96.1620589410253
            ],
            "99th": [
                90.95125223186578,
                96.86757236414537
            ],
            "mean": 94.11844681362881,
            "median": 94.16756659467242
        }
    },
    "accuracy": {
        "90th": [
            0.887,
            0.918
        ],
        "95th": [
            0.883,
            0.921
        ],
        "99th": [
            0.877,
            0.924005
        ],
        "mean": 0.902352,
        "median": 0.902
    },
    "cohen_kappa": {
        "90th": [
            0.7737930688699757,
            0.8357795175741713
        ],
        "95th": [
            0.7658414275675983,
            0.8406480455949875
        ],
        "99th": [
            0.7544492233385605,
            0.8482284789175375
        ],
        "mean": 0.804523251713493,
        "median": 0.8043634924053744
    },
    "macro avg": {
        "f1-score": {
            "90th": [
                0.8865735815303717,
                0.9177619035855421
            ],
            "95th": [
                0.8825330215855699,
                0.9202540148165245
            ],
            "99th": [
                0.8767896582775891,
                0.9239930941445822
            ],
            "mean": 0.9020582587345307,
            "median": 0.9019682377090177
        },
        "precision": {
            "90th": [
                0.8868792068445586,
                0.9175632090675819
            ],
            "95th": [
                0.882752418162684,
                0.9203591897550871
            ],
            "99th": [
                0.876556084076107,
                0.9245262536125282
            ],
            "mean": 0.9023089024813671,
            "median": 0.9022686925647452
        },
        "recall": {
            "90th": [
                0.8903587750578933,
                0.9204105797357075
            ],
            "95th": [
                0.886609100877193,
                0.9230737419716035
            ],
            "99th": [
                0.8811505791156159,
                0.9271741119214403
            ],
            "mean": 0.9055168997457599,
            "median": 0.9055826527898752
        }
    },
    "weighted avg": {
        "f1-score": {
            "90th": [
                0.8870492267873697,
                0.9180947572207645
            ],
            "95th": [
                0.8832240490378328,
                0.9209703068598362
            ],
            "99th": [
                0.8775060870194319,
                0.9243126388046118
            ],
            "mean": 0.9025479791606826,
            "median": 0.9023939878073943
        },
        "precision": {
            "90th": [
                0.8917074676202877,
                0.920926059693324
            ],
            "95th": [
                0.8882388890146382,
                0.9234301389357347
            ],
            "99th": [
                0.8823334866679522,
                0.9274989121394104
            ],
            "mean": 0.9064172189160867,
            "median": 0.9064246707742619
        },