{
    "Mangrove": {
        "f1-score": {
            "90th": [
                0.9793374180678256,
                0.9917184265010351
            ],
            "95th": [
                0.9782817123491045,
                0.992849846782431
            ],
            "99th": [
                0.9756092583374814,
                0.9942088803088803
            ],
            "mean": 0.985799214892549,
            "median": 0.9858585858585859
        },
        "precision": {
            "90th": [
                0.9669902912621359,
                0.9881199859116346
            ],
            "95th": [
                0.9648403033088235,
                0.9900204570937805
            ],
            "99th": [
                0.9583301282051282,
                0.9938662937567665
            ],
            "mean": 0.9778583023002003,
            "median": 0.9779559118236473
        },
        "producer_accuracy": {
            "90th": [
                96.69902912621359,
                98.81199859116346
            ],
            "95th": [
                96.48403033088235,
                99.00204570937805
            ],
            "99th": [
                95.83301282051283,
                99.38662937567665
            ],
            "mean": 97.78583023002004,
            "median": 97.79559118236473
        },
        "recall": {
            "90th": [
                0.9877551020408163,
                1.0
            ],
            "95th": [
                0.9863261104801081,
                1.0
            ],
            "99th": [
                0.9837372807690341,
                1.0
            ],
            "mean": 0.9938990672647633,
            "median": 0.9939759036144579
        },
        "support": {
            "90th": [
                466.0,
                517.0
            ],
            "95th": [
                462.0,
                522.0
            ],
            "99th": [
                452.995,
                531.0099999999998
            ],
            "mean": 491.774,
            "median": 492.0
        },
        "user_accuracy": {
            "90th": [
                98.77551020408163,
                100.0
            ],
            "95th": [
                98.6326110480108,
                100.0
            ],
            "99th": [
                98.37372807690342,
                100.0
            ],
            "mean": 99.38990672647633,
            "median": 99.3975903614458
        }
    },
    "Other": {
        "f1-score": {
            "90th": [
                0.9799579077834385,
                0.9918400396595886
            ],
            "95th": [
                0.9787223242250784,
                0.9929789368104314
            ],
            "99th": [
                0.9760955222173506,
                0.994329029295227
            ],
            "mean": 0.9860370724169909,
            "median": 0.986
        },
        "precision": {
            "90th": [
                0.9879759519038076,
                1.0
            ],
            "95th": [
                0.9866412213740458,
                1.0
            ],
            "99th": [
                0.9839355813596439,
                1.0
            ],
            "mean": 0.9939995928832293,
            "median": 0.9940357852882704
        },
        "producer_accuracy": {
            "90th": [
                98.79759519038076,
                100.0
            ],
            "95th": [
                98.66412213740458,
                100.0
            ],
            "99th": [
                98.39355813596438,
                100.0
            ],
            "mean": 99.39995928832292,
            "median": 99.40357852882704
        },
        "recall": {
            "90th": [
                0.9676186620397147,
                0.9883040935672515
            ],
            "95th": [
                0.9656439099793409,
                0.9902534113060428
            ],
            "99th": [
                0.9600790594383752,
                0.9943187098681987
            ],
            "mean": 0.9782279303566659,
            "median": 0.9783677273641385
        },
        "support": {
            "90th": [
                483.0,
                534.0
            ],
            "95th": [
                478.0,
                538.0
            ],
            "99th": [
                468.99,
                547.0049999999999
            ],
            "mean": 508.226,
            "median": 508.0
        },
        "user_accuracy": {
            "90th": [
                96.76186620397146,
                98.83040935672514
            ],
            "95th": [
                96.5643909979341,
                99.02534113060429
            ],
            "99th": [
                96.00790594383751,
                99.43187098681986
            ],
            "mean": 97.8227930356666,
            "median": 97.83677273641385
        }
    },
    "accuracy": {
        "90th": [
            0.98,
            0.992
        ],
        "95th": [
            0.978,
            0.993
        ],
        "99th": [
            0.976,
            0.994
        ],
        "mean": 0.9859324999999999,
        "median": 0.986
    },
    "cohen_kappa": {
        "90th": [
            0.9599433437829965,
            0.9839696641748612
        ],
        "95th": [
            0.9560148669681049,
            0.9859913706843415
        ],
        "99th": [
            0.9520028164580844,
            0.9879998579182566
        ],
        "mean": 0.9718387837965009,
        "median": 0.9719833581056319
    },
    "macro avg": {
        "f1-score": {
            "90th": [
                0.9799677841648566,
                0.9919845510123375
            ],
            "95th": [
                0.9779999119996481,
                0.9929956222639149
            ],
            "99th": [
                0.9759952705832383,
                0.9939999039984639
            ],
            "mean": 0.9859181436547699,
            "median": 0.9859905295980083
        },
        "precision": {
            "90th": [
                0.9797034107547863,
                0.9918403962086774
            ],
            "95th": [
                0.9785611373739016,
                0.9929490746667521
            ],
            "99th": [
                0.9761413364174121,
                0.994088041305601
            ],
            "mean": 0.9859289475917148,
            "median": 0.9859839439357757
        },
        "recall": {
            "90th": [
                0.9800627492238418,
                0.9919354238676925
            ],
            "95th": [
                0.9789090063506318,
                0.9929980226920908
            ],
            "99th": [
                0.97644808353078,
                0.9942967931702418
            ],
            "mean": 0.9860634988107145,
            "median": 0.986058605860586
        }
    },
    "weighted avg": {
        "f1-score": {
            "90th": [
                0.9799987116860323,
                0.9919993597438975
            ],
            "95th": [
                0.9780168198844865,
                0.992999936999433
            ],
            "99th": [
                0.9760019181106897,
                0.9940016609623952
            ],
            "mean": 0.9859335574608822,
            "median": 0.986
        },
        "precision": {
            "90th": [
                0.980148844444247,
                0.9920096870576196
            ],
            "95th": [
                0.9789696517788051,
                0.9930180946371518
            ],
            "99th": [
                0.9764893564169316,
                0.9940750031512605
            ],
            "mean": 0.9860904207268998,
            "median": 0.986128224256897
        },
        "recall": {
            "90th": [
                0.98,
                0.992
            ],
            "95th": [
                0.978,
                0.993
            ],