{
    "Mangrove": {
        "f1-score": {
            "90th": [
                0.9402538718778168,
                0.9629665657875776
            ],
            "95th": [
                0.9378979448585923,
                0.9650212753206281
            ],
            "99th": [
                0.9328026895643088,
                0.9681412840986721
            ],
            "mean": 0.9518608364768822,
            "median": 0.9517948717948719
        },
        "precision": {
            "90th": [
                0.9319973534971645,
                0.96484375
            ],
            "95th": [
                0.9282868525896414,
                0.967066547950375
            ],
            "99th": [
                0.922290281143132,
                0.971487627497382
            ],
            "mean": 0.9482731936078813,
            "median": 0.9484634453450853
        },
        "producer_accuracy": {
            "90th": [
                93.19973534971645,
                96.484375
            ],
            "95th": [
                92.82868525896414,
                96.70665479503751
            ],
            "99th": [
                92.22902811431321,
                97.1487627497382
            ],
            "mean": 94.82731936078812,
            "median": 94.84634453450853
        },
        "recall": {
            "90th": [
                0.9388541432601802,
                0.9702127659574468
            ],
            "95th": [
                0.9351450643740399,
                0.9723322260533177
            ],
            "99th": [
                0.9282861368895674,
                0.9766002915198189
            ],
            "mean": 0.9555708263367017,
            "median": 0.9560878243512974
        },
        "support": {
            "90th": [
                471.0,
                521.0
            ],
            "95th": [
                466.0,
                526.0
            ],
            "99th": [
                457.0,
                532.0099999999998
            ],
            "mean": 495.731,
            "median": 496.0
        },
        "user_accuracy": {
            "90th": [
                93.88541432601802,
                97.02127659574468
            ],
            "95th": [
                93.514506437404,
                97.23322260533176
            ],
            "99th": [
                92.82861368895675,
                97.66002915198189
            ],
            "mean": 95.55708263367016,
            "median": 95.60878243512974
        }
    },
    "Other": {
        "f1-score": {
            "90th": [
                0.94057268281647,
                0.9635467980295567
            ],
            "95th": [
                0.9384115091124042,
                0.9653859171532027
            ],
            "99th": [
                0.9338657674377265,
                0.9686573948528528
            ],
            "mean": 0.952312661276009,
            "median": 0.9523809523809523
        },
        "precision": {
            "90th": [
                0.9402639840501112,
                0.9703580292306277
            ],
            "95th": [
                0.9365038623252175,
                0.97265625
            ],
            "99th": [
                0.928716176898458,
                0.9775051124744376
            ],
            "mean": 0.955991259189849,
            "median": 0.9565217391304348
        },
        "producer_accuracy": {
            "90th": [
                94.02639840501112,
                97.03580292306277
            ],
            "95th": [
                93.65038623252175,
                97.265625
            ],
            "99th": [
                92.87161768984579,
                97.75051124744377
            ],
            "mean": 95.5991259189849,
            "median": 95.65217391304348
        },
        "recall": {
            "90th": [
                0.9318637274549099,
                0.9649805447470817
            ],
            "95th": [
                0.9287166176925752,
                0.9672131147540983
            ],
            "99th": [
                0.9235381657534139,
                0.97245808408109
            ],
            "mean": 0.9487542489912844,
            "median": 0.948936170212766
        },
        "support": {
            "90th": [
                479.0,
                529.0
            ],
            "95th": [
                474.0,
                534.0
            ],
            "99th": [
                467.99,
                543.0
            ],
            "mean": 504.269,
            "median": 504.0
        },
        "user_accuracy": {
            "90th": [
                93.18637274549098,
                96.49805447470817
            ],
            "95th": [
                92.87166176925751,
                96.72131147540983
            ],
            "99th": [
                92.35381657534138,
                97.245808408109
            ],
            "mean": 94.87542489912845,
            "median": 94.8936170212766
        }
    },
    "accuracy": {
        "90th": [
            0.941,
            0.963
        ],
        "95th": [
            0.939,
            0.965
        ],
        "99th": [
            0.934,
            0.969
        ],
        "mean": 0.95213,
        "median": 0.952
    },
    "cohen_kappa": {
        "90th": [
            0.881869961481116,
            0.925987565911073
        ],
        "95th": [
            0.8777676860207492,
            0.9299699991122133
        ],
        "99th": [
            0.867864414695292,
            0.9379354802054088
        ],
        "mean": 0.904179756469025,
        "median": 0.9039661960026197
    },
    "macro avg": {
        "f1-score": {
            "90th": [
                0.9409344012216151,
                0.9629916731264534
            ],
            "95th": [
                0.9388807313620235,
                0.9649846912873059
            ],
            "99th": [
                0.9339319229136066,
                0.9689662240771046
            ],
            "mean": 0.9520867488764456,
            "median": 0.9519767567502672
        },
        "precision": {
            "90th": [
                0.9409950668254053,
                0.9630624593938081
            ],
            "95th": [
                0.9387205266895896,
                0.9649928251467601
            ],
            "99th": [
                0.9339589995583835,
                0.9687974726364561
            ],
            "mean": 0.952132226398865,
            "median": 0.952
        },
        "recall": {
            "90th": [
                0.9408723407320003,
                0.9630221929346422
            ],
            "95th": [
                0.9389055153420881,
                0.9650079374375088
            ],
            "99th": [
                0.9340139500956492,
                0.9689740787586822
            ],
            "mean": 0.9521625376639931,
            "median": 0.9520169139442312
        }
    },
    "weighted avg": {
        "f1-score": {
            "90th": [
                0.9409953912593297,
                0.9630010027536993
            ],
            "95th": [
                0.9389843498749152,
                0.9650004200583261
            ],
            "99th": [
                0.9340010295825538,
                0.9689989802866147
            ],
            "mean": 0.9521307979680865,
            "median": 0.952000288003456
        },
        "precision": {
            "90th": [
                0.9410114902777642,
                0.9630787886550264
            ],
            "95th": [
                0.9390661279968379,
                0.9650243718852481
            ],
            "99th": [
                0.9340245040956394,
                0.9690117080606028
            ],
            "mean": 0.9522526361216711,
            "median": 0.9520512714630438
        },