{
    "Mangrove": {
        "f1-score": 0.9650205761316873,
        "precision": 0.938,
        "recall": 0.9936440677966102,
        "support": 472
    },
    "Other": {
        "f1-score": 0.9669260700389105,
        "precision": 0.994,
        "recall": 0.9412878787878788,
        "support": 528
    },
    "accuracy": 0.966,
    "accuracy_conf_interval": [
        0.009398788347441392,
        0.01123269826889337,
        0.013353156615572221,
        0.01478589874170658
    ],
    "cls_confidence_intervals": {
        "Mangrove": [
            0.01768707876388863,
            0.021138216083671783,
            0.025128593609671047,
            0.027824794640751632
        ],
        "Other": [
            0.00566405762682544,
            0.006769239602791379,
            0.008047106262501998,
            0.008910529681225387
        ]
    },
    "cohen_kappa": 0.9319999999999999,
    "confusion_matrix": [
        [
            469,
            3
        ],
        [
            31,
            497
        ]
    ],
    "macro avg": {
        "f1-score": 0.9659733230852989,
        "precision": 0.966,
        "recall": 0.9674659732922445,
        "support": 1000
    },
    "producer_accuracy": [
        93.8,
        99.4
    ],
    "user_accuracy": [
        99.36440677966102,
        94.12878787878788
    ],
    "weighted avg": {
        "f1-score": 0.9660266769147011,
        "precision": 0.967568,
        "recall": 0.966,
        "support": 1000
    }
}