{
    "Mangrove": {
        "f1-score": {
            "90th": [
                0.9148896769109535,
                0.9499179620034541
            ],
            "95th": [
                0.9114874502176531,
                0.9527145359019265
            ],
            "99th": [
                0.9035691423628275,
                0.9579859804618364
            ],
            "mean": 0.9327686299438583,
            "median": 0.9330922242314647
        },
        "precision": {
            "90th": [
                0.8557046979865772,
                0.9146833044433199
            ],
            "95th": [
                0.8506455753548777,
                0.92
            ],
            "99th": [
                0.8377483443708609,
                0.929536015682105
            ],
            "mean": 0.8859276432922093,
            "median": 0.8856209150326797
        },
        "producer_accuracy": {
            "90th": [
                85.57046979865773,
                91.46833044433198
            ],
            "95th": [
                85.06455753548778,
                92.0
            ],
            "99th": [
                83.77483443708608,
                92.9536015682105
            ],
            "mean": 88.59276432922093,
            "median": 88.56209150326796
        },
        "recall": {
            "90th": [
                0.9717619963264837,
                0.9962969796364631
            ],
            "95th": [
                0.9693486590038314,
                0.9964542139688746
            ],
            "99th": [
                0.9629622745422002,
                1.0
            ],
            "mean": 0.9850780509920904,
            "median": 0.9854545454545455
        },
        "support": {
            "90th": [
                250.0,
                290.0
            ],
            "95th": [
                245.0,
                293.0
            ],
            "99th": [
                238.0,
                301.0
            ],
            "mean": 269.51,
            "median": 270.0
        },
        "user_accuracy": {
            "90th": [
                97.17619963264839,
                99.62969796364631
            ],
            "95th": [
                96.93486590038314,
                99.64542139688746
            ],
            "99th": [
                96.29622745422002,
                100.0
            ],
            "mean": 98.50780509920902,
            "median": 98.54545454545455
        }
    },
    "Other": {
        "f1-score": {
            "90th": [
                0.9225996204933585,
                0.9546248952753306
            ],
            "95th": [
                0.9192483698070857,
                0.9570957095709571
            ],
            "99th": [
                0.9124400434867268,
                0.9622653301886792
            ],
            "mean": 0.9393465877993854,
            "median": 0.939566099578586
        },
        "precision": {
            "90th": [
                0.9741015991482453,
                0.9967213114754099
            ],
            "95th": [
                0.9724137931034482,
                0.9968553459119497
            ],
            "99th": [
                0.966101118413467,
                1.0
            ],
            "mean": 0.9865830371150168,
            "median": 0.9868421052631579
        },
        "producer_accuracy": {
            "90th": [
                97.41015991482453,
                99.672131147541
            ],
            "95th": [
                97.24137931034483,
                99.68553459119497
            ],
            "99th": [
                96.61011184134671,
                100.0
            ],
            "mean": 98.65830371150167,
            "median": 98.68421052631578
        },
        "recall": {
            "90th": [
                0.8684933804990749,
                0.9228681318681319
            ],
            "95th": [
                0.8631855865729043,
                0.926605504587156
            ],
            "99th": [
                0.8545395894428152,
                0.9355838070580289
            ],
            "mean": 0.8965834941679159,
            "median": 0.89716955941255
        },
        "support": {
            "90th": [
                310.0,
                350.0
            ],
            "95th": [
                307.0,
                355.0
            ],
            "99th": [
                299.0,
                362.0
            ],
            "mean": 330.49,
            "median": 330.0
        },
        "user_accuracy": {
            "90th": [
                86.84933804990749,
                92.28681318681318
            ],
            "95th": [
                86.31855865729044,
                92.66055045871559
            ],
            "99th": [
                85.45395894428152,
                93.5583807058029
            ],
            "mean": 89.6583494167916,
            "median": 89.71695594125501
        }
    },
    "accuracy": {
        "90th": [
            0.92,
            0.9516666666666667
        ],
        "95th": [
            0.9166666666666666,
            0.955
        ],
        "99th": [
            0.91,
            0.96
        ],
        "mean": 0.9363241666666666,
        "median": 0.9366666666666666
    },
    "cohen_kappa": {
        "90th": [
            0.8404226130962617,
            0.9034064224713992
        ],
        "95th": [
            0.833400111435669,
            0.9099100602003312
        ],
        "99th": [
            0.8197905449304493,
            0.9197158606038488
        ],
        "mean": 0.8724663236272647,
        "median": 0.8731006845884121
    },
    "macro avg": {
        "f1-score": {
            "90th": [
                0.9199100766063919,
                0.9516439661952416
            ],
            "95th": [
                0.9163647197269243,
                0.9548946288412653
            ],
            "99th": [
                0.9093701014581749,
                0.9598215988272065
            ],
            "mean": 0.9360576088716218,
            "median": 0.9363839285714286
        },
        "precision": {
            "90th": [
                0.9205835120922606,
                0.9516666666666667
            ],
            "95th": [
                0.9168876876409738,
                0.9545265874901265
            ],
            "99th": [
                0.9104799090756631,
                0.9590875592211644
            ],
            "mean": 0.936255340203613,
            "median": 0.9363528052118945
        },
        "recall": {
            "90th": [
                0.9254463629575904,
                0.9552996916752312
            ],
            "95th": [
                0.922732221217298,
                0.9579187754647314
            ],
            "99th": [
                0.9155375068176065,
                0.9624832370265897
            ],
            "mean": 0.9408307725800031,
            "median": 0.9410282366850116
        }
    },
    "weighted avg": {
        "f1-score": {
            "90th": [
                0.9202046306701231,
                0.9518291285755847
            ],
            "95th": [
                0.9168053143444631,
                0.9550550387428375
            ],
            "99th": [
                0.9100790890077535,
                0.9600802893810575
            ],
            "mean": 0.9364936172868894,
            "median": 0.9368134545670648
        },
        "precision": {
            "90th": [
                0.9275626754861694,
                0.9551714195912834
            ],
            "95th": [
                0.9248266488652926,
                0.9577632428607235
            ],
            "99th": [
                0.918771394338805,
                0.9620389112624878
            ],
            "mean": 0.9415667135318727,
            "median": 0.9416844280373864
        },