{
    "Mangrove": {
        "f1-score": {
            "90th": [
                0.9756567555533568,
                0.9891202210467467
            ],
            "95th": [
                0.9742572132749755,
                0.99023787391377
            ],
            "99th": [
                0.9707365030040237,
                0.9929791468123212
            ],
            "mean": 0.9829305732908169,
            "median": 0.9831547650096499
        },
        "precision": {
            "90th": [
                0.9591439688715954,
                0.9838073038073037
            ],
            "95th": [
                0.9566053511705686,
                0.9860006986027944
            ],
            "99th": [
                0.9516087757175514,
                0.9885096852002263
            ],
            "mean": 0.9722159822076601,
            "median": 0.9724950884086444
        },
        "producer_accuracy": {
            "90th": [
                95.91439688715954,
                98.38073038073037
            ],
            "95th": [
                95.66053511705687,
                98.60006986027943
            ],
            "99th": [
                95.16087757175515,
                98.85096852002263
            ],
            "mean": 97.22159822076603,
            "median": 97.24950884086444
        },
        "recall": {
            "90th": [
                0.9877036557040428,
                0.9980968432316747
            ],
            "95th": [
                0.9858578701999755,
                1.0
            ],
            "99th": [
                0.9821426796364668,
                1.0
            ],
            "mean": 0.9939194207906987,
            "median": 0.9939516129032258
        },
        "support": {
            "90th": [
                462.0,
                515.0
            ],
            "95th": [
                457.0,
                521.0
            ],
            "99th": [
                449.99,
                530.0
            ],
            "mean": 488.576,
            "median": 489.0
        },
        "user_accuracy": {
            "90th": [
                98.77036557040428,
                99.80968432316747
            ],
            "95th": [
                98.58578701999755,
                100.0
            ],
            "99th": [
                98.21426796364669,
                100.0
            ],
            "mean": 99.39194207906985,
            "median": 99.39516129032258
        }
    },
    "Other": {
        "f1-score": {
            "90th": [
                0.976377143504544,
                0.9896723295097042
            ],
            "95th": [
                0.9748229201045977,
                0.9906890130353817
            ],
            "99th": [
                0.9713069063236713,
                0.9929791468123212
            ],
            "mean": 0.9833351105429667,
            "median": 0.9834750901541254
        },
        "precision": {
            "90th": [
                0.987974744670063,
                0.9981465677179963
            ],
            "95th": [
                0.9861365429371622,
                1.0
            ],
            "99th": [
                0.9825241018473045,
                1.0
            ],
            "mean": 0.9940594135112676,
            "median": 0.9940711462450593
        },
        "producer_accuracy": {
            "90th": [
                98.7974744670063,
                99.81465677179963
            ],
            "95th": [
                98.61365429371622,
                100.0
            ],
            "99th": [
                98.25241018473045,
                100.0
            ],
            "mean": 99.40594135112676,
            "median": 99.40711462450594
        },
        "recall": {
            "90th": [
                0.9603951055482907,
                0.9841301210866428
            ],
            "95th": [
                0.9578298799805749,
                0.9861939733494852
            ],
            "99th": [
                0.952771471128119,
                0.9887043195308588
            ],
            "mean": 0.9728717803676369,
            "median": 0.9731732225717791
        },
        "support": {
            "90th": [
                485.0,
                538.0
            ],
            "95th": [
                479.0,
                543.0
            ],
            "99th": [
                470.0,
                550.0099999999998
            ],
            "mean": 511.424,
            "median": 511.0
        },
        "user_accuracy": {
            "90th": [
                96.03951055482906,
                98.41301210866428
            ],
            "95th": [
                95.7829879980575,
                98.61939733494852
            ],
            "99th": [
                95.2771471128119,
                98.87043195308588
            ],
            "mean": 97.28717803676368,
            "median": 97.3173222571779
        }
    },
    "accuracy": {
        "90th": [
            0.976,
            0.989
        ],
        "95th": [
            0.974,
            0.99
        ],
        "99th": [
            0.971,
            0.993
        ],
        "mean": 0.9831525,
        "median": 0.983
    },
    "cohen_kappa": {
        "90th": [
            0.9519998559913594,
            0.9780005279873283
        ],
        "95th": [
            0.9480131786465433,
            0.9800009779515465
        ],
        "99th": [
            0.942005024663313,
            0.9859901824509858
        ],
        "mean": 0.9662707833309859,
        "median": 0.966001903893382
    },
    "macro avg": {
        "f1-score": {
            "90th": [
                0.9759922214797595,
                0.9889997249931248
            ],
            "95th": [
                0.9739990223606445,
                0.989999960999844
            ],
            "99th": [
                0.9709872053575628,
                0.9929949159755834
            ],
            "mean": 0.9831328419168919,
            "median": 0.9829991669591809
        },
        "precision": {
            "90th": [
                0.9760825629006473,
                0.9891359325562374
            ],
            "95th": [
                0.9744272200640577,
                0.9902192810794109
            ],
            "99th": [
                0.9712241782137981,
                0.9930101199523462
            ],
            "mean": 0.9831376978594637,
            "median": 0.9833172764973956
        },
        "recall": {
            "90th": [
                0.976541595859274,
                0.989483098952654
            ],
            "95th": [
                0.97502185200518,
                0.990704690079223
            ],
            "99th": [
                0.9713434118874532,
                0.9930101199523462
            ],
            "mean": 0.9833956005791678,
            "median": 0.9835241567975794
        }
    },
    "weighted avg": {
        "f1-score": {
            "90th": [
                0.976009196314528,
                0.9890053384161995
            ],
            "95th": [
                0.9740283867589342,
                0.9900078701012
            ],
            "99th": [
                0.9710038863153193,
                0.9929998960490644
            ],
            "mean": 0.9831549003759037,
            "median": 0.9830073510875825
        },
        "precision": {
            "90th": [
                0.9766544339368415,
                0.9891715354482451
            ],
            "95th": [
                0.9748229585313112,
                0.9902136981402003
            ],
            "99th": [
                0.9714442923026906,
                0.9930494452495379
            ],
            "mean": 0.9834242011917729,
            "median": 0.9833738666920655
        },
        "recall": {
            "90th": [
                0.976,
                0.989
            ],