{
    "Mangrove": {
        "f1-score": {
            "90th": [
                0.9897746706615304,
                0.9979591836734694
            ],
            "95th": [
                0.9887634699205319,
                0.9980507770723827
            ],
            "99th": [
                0.986444212721585,
                0.9990356983725128
            ],
            "mean": 0.994004446254743,
            "median": 0.9941060903732809
        },
        "precision": {
            "90th": [
                0.9913606911447084,
                1.0
            ],
            "95th": [
                0.9899794569057794,
                1.0
            ],
            "99th": [
                0.987499869519833,
                1.0
            ],
            "mean": 0.9960139947866017,
            "median": 0.9960474308300395
        },
        "producer_accuracy": {
            "90th": [
                99.13606911447084,
                100.0
            ],
            "95th": [
                98.99794569057795,
                100.0
            ],
            "99th": [
                98.7499869519833,
                100.0
            ],
            "mean": 99.60139947866016,
            "median": 99.60474308300395
        },
        "recall": {
            "90th": [
                0.9843428878400675,
                0.9980276134122288
            ],
            "95th": [
                0.9830500479692997,
                0.9981106035146677
            ],
            "99th": [
                0.9795073499525809,
                1.0
            ],
            "mean": 0.9920155741728083,
            "median": 0.9921259842519685
        },
        "support": {
            "90th": [
                475.0,
                527.0
            ],
            "95th": [
                470.0,
                532.0
            ],
            "99th": [
                461.0,
                540.0
            ],
            "mean": 501.6455,
            "median": 502.0
        },
        "user_accuracy": {
            "90th": [
                98.43428878400675,
                99.80276134122288
            ],
            "95th": [
                98.30500479692996,
                99.81106035146678
            ],
            "99th": [
                97.95073499525809,
                100.0
            ],
            "mean": 99.20155741728082,
            "median": 99.21259842519686
        }
    },
    "Other": {
        "f1-score": {
            "90th": [
                0.9896694214876034,
                0.9979716024340771
            ],
            "95th": [
                0.9888886080215706,
                0.9980622025680165
            ],
            "99th": [
                0.9867474252170552,
                0.999020568070519
            ],
            "mean": 0.9939932013178905,
            "median": 0.9940944881889764
        },
        "precision": {
            "90th": [
                0.9844645083298704,
                0.998019801980198
            ],
            "95th": [
                0.9831137523848811,
                0.9981104314094771
            ],
            "99th": [
                0.980274553050875,
                1.0
            ],
            "mean": 0.9920011215486257,
            "median": 0.9921104536489151
        },
        "producer_accuracy": {
            "90th": [
                98.44645083298704,
                99.8019801980198
            ],
            "95th": [
                98.31137523848811,
                99.8110431409477
            ],
            "99th": [
                98.0274553050875,
                100.0
            ],
            "mean": 99.20011215486258,
            "median": 99.21104536489152
        },
        "recall": {
            "90th": [
                0.9913774443946858,
                1.0
            ],
            "95th": [
                0.9898373983739838,
                1.0
            ],
            "99th": [
                0.9876792896295417,
                1.0
            ],
            "mean": 0.9960060071165734,
            "median": 0.996031746031746
        },
        "support": {
            "90th": [
                473.0,
                525.0
            ],
            "95th": [
                468.0,
                530.0
            ],
            "99th": [
                460.0,
                539.0
            ],
            "mean": 498.3545,
            "median": 498.0
        },
        "user_accuracy": {
            "90th": [
                99.13774443946858,
                100.0
            ],
            "95th": [
                98.98373983739837,
                100.0
            ],
            "99th": [
                98.76792896295417,
                100.0
            ],
            "mean": 99.60060071165734,
            "median": 99.60317460317461
        }
    },
    "accuracy": {
        "90th": [
            0.99,
            0.998
        ],
        "95th": [
            0.989,
            0.998
        ],
        "99th": [
            0.987,
            0.999
        ],
        "mean": 0.9940049999999999,
        "median": 0.994
    },
    "cohen_kappa": {
        "90th": [
            0.9799713871235074,
            0.9959959158341508
        ],
        "95th": [
            0.977972880165459,
            0.9959996159631325
        ],
        "99th": [
            0.9739563099867192,
            0.9979997603712765
        ],
        "mean": 0.9879978033725263,
        "median": 0.9879982717511322
    },
    "macro avg": {
        "f1-score": {
            "90th": [
                0.9899855391184871,
                0.9979979499006983
            ],
            "95th": [
                0.9889864268488919,
                0.997999799979998
            ],
            "99th": [
                0.9869780365529093,
                0.9989998791853977
            ],
            "mean": 0.9939988237863168,
            "median": 0.993999135875566
        },
        "precision": {
            "90th": [
                0.9899414740979353,
                0.9979920548913682
            ],
            "95th": [
                0.9889814456147482,
                0.9980237154150198
            ],
            "99th": [
                0.9869264477118868,
                0.9990347583338913
            ],
            "mean": 0.9940075581676138,
            "median": 0.9940357852882704
        },
        "recall": {
            "90th": [
                0.9899307184230126,
                0.9979964822209197
            ],
            "95th": [
                0.9889145062061954,
                0.9980544747081712
            ],
            "99th": [
                0.9868661927156853,
                0.9990234564992704
            ],
            "mean": 0.9940107906446908,
            "median": 0.9940402599202449
        }
    },
    "weighted avg": {
        "f1-score": {
            "90th": [
                0.9899990378636524,
                0.998
            ],
            "95th": [
                0.988999171498837,
                0.9980001040703517
            ],
            "99th": [
                0.9869983822906304,
                0.999000023032211
            ],
            "mean": 0.994004998536797,
            "median": 0.9940001920491646
        },
        "precision": {
            "90th": [
                0.9900071949399638,
                0.998
            ],
            "95th": [
                0.9890168174488533,
                0.9980081967213115
            ],
            "99th": [
                0.9870145306800256,
                0.9990020450317666
            ],
            "mean": 0.9940256541423738,
            "median": 0.9940314285257077
        },
        "recall": {
            "90th": [
                0.99,
                0.998
            ],
            "95th": [
                0.989,
                0.998
            ],
            "99th": [
                0.987,
                0.999
            ],