{
    "Mangrove": {
        "f1-score": {
            "90th": [
                0.8708220415537489,
                0.9035091674180944
            ],
            "95th": [
                0.8679576355180563,
                0.9060876680522788
            ],
            "99th": [
                0.8610020724695815,
                0.9109768465460194
            ],
            "mean": 0.887341414585185,
            "median": 0.8874715023669848
        },
        "precision": {
            "90th": [
                0.9846434371770264,
                0.9979961923847696
            ],
            "95th": [
                0.9835728952772074,
                0.9980696836946837
            ],
            "99th": [
                0.9806928864621173,
                1.0
            ],
            "mean": 0.9919484518298324,
            "median": 0.9920948616600791
        },
        "producer_accuracy": {
            "90th": [
                98.46434371770265,
                99.79961923847695
            ],
            "95th": [
                98.35728952772074,
                99.80696836946836
            ],
            "99th": [
                98.06928864621172,
                100.0
            ],
            "mean": 99.19484518298323,
            "median": 99.2094861660079
        },
        "recall": {
            "90th": [
                0.7761881419234361,
                0.8287582552504039
            ],
            "95th": [
                0.771900826446281,
                0.8325350395396781
            ],
            "99th": [
                0.7609745594585132,
                0.8411670769497365
            ],
            "mean": 0.8028379102010283,
            "median": 0.8030052177403171
        },
        "support": {
            "90th": [
                593.0,
                642.0
            ],
            "95th": [
                589.0,
                647.0
            ],
            "99th": [
                579.0,
                657.0
            ],
            "mean": 617.7025,
            "median": 618.0
        },
        "user_accuracy": {
            "90th": [
                77.6188141923436,
                82.87582552504038
            ],
            "95th": [
                77.1900826446281,
                83.25350395396781
            ],
            "99th": [
                76.09745594585132,
                84.11670769497364
            ],
            "mean": 80.28379102010283,
            "median": 80.30052177403171
        }
    },
    "Other": {
        "f1-score": {
            "90th": [
                0.8367816091954023,
                0.8768915102176442
            ],
            "95th": [
                0.8317535545023698,
                0.8798185941043085
            ],
            "99th": [
                0.8236645228694319,
                0.8861898957680696
            ],
            "mean": 0.857299894316712,
            "median": 0.8576158272437983
        },
        "precision": {
            "90th": [
                0.7251461988304093,
                0.7862753004427577
            ],
            "95th": [
                0.7184250221827861,
                0.7913425675029487
            ],
            "99th": [
                0.7065845476066894,
                0.8000059055118109
            ],
            "mean": 0.7564829663999306,
            "median": 0.7565131306802892
        },
        "producer_accuracy": {
            "90th": [
                72.51461988304094,
                78.62753004427577
            ],
            "95th": [
                71.84250221827863,
                79.13425675029487
            ],
            "99th": [
                70.65845476066893,
                80.00059055118109
            ],
            "mean": 75.64829663999309,
            "median": 75.65131306802893
        },
        "recall": {
            "90th": [
                0.980243066484804,
                0.997361824746563
            ],
            "95th": [
                0.9788890210871832,
                0.9974750647175271
            ],
            "99th": [
                0.9749314230458035,
                1.0
            ],
            "mean": 0.9894716918227464,
            "median": 0.9897304066969876
        },
        "support": {
            "90th": [
                358.0,
                407.0
            ],
            "95th": [
                353.0,
                411.0
            ],
            "99th": [
                343.0,
                421.0
            ],
            "mean": 382.2975,
            "median": 382.0
        },
        "user_accuracy": {
            "90th": [
                98.0243066484804,
                99.73618247465629
            ],
            "95th": [
                97.88890210871833,
                99.74750647175271
            ],
            "99th": [
                97.49314230458036,
                100.0
            ],
            "mean": 98.94716918227464,
            "median": 98.97304066969878
        }
    },
    "accuracy": {
        "90th": [
            0.857,
            0.891
        ],
        "95th": [
            0.854,
            0.894
        ],
        "99th": [
            0.848,
            0.8990049999999999
        ],
        "mean": 0.874195,
        "median": 0.874
    },
    "cohen_kappa": {
        "90th": [
            0.7145562707434817,
            0.7801900919557075
        ],
        "95th": [
            0.7084644662507538,
            0.7856379380512576
        ],
        "99th": [
            0.6966889286104412,
            0.7960659422325618
        ],
        "mean": 0.7482581043182843,
        "median": 0.748444955182132
    },
    "macro avg": {
        "f1-score": {
            "90th": [
                0.8546384325426117,
                0.8889765985078047
            ],
            "95th": [
                0.851406927774594,
                0.8917180423772451
            ],
            "99th": [
                0.8453853513645779,
                0.8971346309485209
            ],
            "mean": 0.8723206544509485,
            "median": 0.8723993777950612
        },
        "precision": {
            "90th": [
                0.8582710330841324,
                0.8897484624005261
            ],
            "95th": [
                0.8549424994387956,
                0.8920016826923077
            ],
            "99th": [
                0.8483146742914005,
                0.8974783771019931
            ],
            "mean": 0.8742157091148816,
            "median": 0.8742963725808742
        },
        "recall": {
            "90th": [
                0.8825094005055523,
                0.9099545817798855
            ],
            "95th": [
                0.8797680154069896,
                0.9122584992198504
            ],
            "99th": [
                0.8744000246295038,
                0.9162347032659983
            ],
            "mean": 0.8961548010118873,
            "median": 0.8961054209823496
        }
    },
    "weighted avg": {
        "f1-score": {
            "90th": [
                0.8590585443897724,
                0.8922365229493684
            ],
            "95th": [
                0.856209600324903,
                0.8949770831760819
            ],
            "99th": [
                0.8499734523910919,
                0.9002947869996863
            ],
            "mean": 0.8759726647618448,
            "median": 0.876046432714638
        },
        "precision": {
            "90th": [
                0.8918311215794087,
                0.9126801442307694
            ],
            "95th": [
                0.8898683273512085,
                0.9144426132651937
            ],
            "99th": [
                0.8855781637893375,
                0.9178329875192617
            ],
            "mean": 0.9021065915017141,
            "median": 0.9019888746034223
        },