{
    "Mangrove": {
        "f1-score": 0.990990990990991,
        "precision": 0.99,
        "recall": 0.9919839679358717,
        "support": 499
    },
    "Other": {
        "f1-score": 0.991008991008991,
        "precision": 0.992,
        "recall": 0.9900199600798403,
        "support": 501
    },
    "accuracy": 0.991,
    "accuracy_conf_interval": [
        0.004897809959563562,
        0.005853480195575965,
        0.006958473905965305,
        0.007705091277849995
    ],
    "cls_confidence_intervals": {
        "Mangrove": [
            0.007297539311302136,
            0.008721449420824505,
            0.010367845484959743,
            0.011480275258024093
        ],
        "Other": [
            0.006533707309024488,
            0.0078085770278585355,
            0.009282645140260401,
            0.010278637108099502
        ]
    },
    "cohen_kappa": 0.982,
    "confusion_matrix": [
        [
            495,
            4
        ],
        [
            5,
            496
        ]
    ],
    "macro avg": {
        "f1-score": 0.9909999909999909,
        "precision": 0.991,
        "recall": 0.991001964007856,
        "support": 1000
    },
    "producer_accuracy": [
        99.0,
        99.2
    ],
    "user_accuracy": [
        99.19839679358718,
        99.00199600798403
    ],
    "weighted avg": {
        "f1-score": 0.991000009000009,
        "precision": 0.9910019999999999,
        "recall": 0.991,
        "support": 1000
    }
}