{
    "Mangrove": {
        "f1-score": {
            "90th": [
                0.9335863377609108,
                0.9571150097465887
            ],
            "95th": [
                0.9317911793527737,
                0.9590559422609164
            ],
            "99th": [
                0.927007834610174,
                0.9628886757930039
            ],
            "mean": 0.945546348087227,
            "median": 0.9458173313972688
        },
        "precision": {
            "90th": [
                0.953120413405088,
                0.9791666666666666
            ],
            "95th": [
                0.9505909498390448,
                0.9812509745322245
            ],
            "99th": [
                0.9449879982104301,
                0.9840006349206349
            ],
            "mean": 0.9667935301004151,
            "median": 0.9671457905544147
        },
        "producer_accuracy": {
            "90th": [
                95.31204134050881,
                97.91666666666666
            ],
            "95th": [
                95.05909498390449,
                98.12509745322245
            ],
            "99th": [
                94.49879982104301,
                98.4000634920635
            ],
            "mean": 96.67935301004152,
            "median": 96.71457905544148
        },
        "recall": {
            "90th": [
                0.9067460317460317,
                0.9432485322896281
            ],
            "95th": [
                0.903590016518723,
                0.9466697247706422
            ],
            "99th": [
                0.8938168833858489,
                0.9530967433439674
            ],
            "mean": 0.9253062073530463,
            "median": 0.9251968503937008
        },
        "support": {
            "90th": [
                496.0,
                548.0
            ],
            "95th": [
                492.0,
                553.0
            ],
            "99th": [
                482.0,
                561.0049999999999
            ],
            "mean": 521.98,
            "median": 522.0
        },
        "user_accuracy": {
            "90th": [
                90.67460317460318,
                94.32485322896281
            ],
            "95th": [
                90.3590016518723,
                94.66697247706422
            ],
            "99th": [
                89.38168833858488,
                95.30967433439673
            ],
            "mean": 92.53062073530462,
            "median": 92.51968503937007
        }
    },
    "Other": {
        "f1-score": {
            "90th": [
                0.931070943902333,
                0.9551036685860785
            ],
            "95th": [
                0.9273844587334418,
                0.9572014093195407
            ],
            "99th": [
                0.9217748621647389,
                0.9617728022887068
            ],
            "mean": 0.943140410485009,
            "median": 0.9435483870967742
        },
        "precision": {
            "90th": [
                0.9028546744831841,
                0.9411820409982175
            ],
            "95th": [
                0.8981974825858486,
                0.9444497455470737
            ],
            "99th": [
                0.8904101236217842,
                0.9516157948849762
            ],
            "mean": 0.9220860251047746,
            "median": 0.9221311475409836
        },
        "producer_accuracy": {
            "90th": [
                90.28546744831841,
                94.11820409982174
            ],
            "95th": [
                89.81974825858487,
                94.44497455470737
            ],
            "99th": [
                89.04101236217842,
                95.16157948849762
            ],
            "mean": 92.20860251047745,
            "median": 92.21311475409836
        },
        "recall": {
            "90th": [
                0.9509561567164179,
                0.9781229292105853
            ],
            "95th": [
                0.9481320553912921,
                0.9800501406036115
            ],
            "99th": [
                0.9411739780658026,
                0.9835053243392303
            ],
            "mean": 0.9652887669810198,
            "median": 0.9656652360515021
        },
        "support": {
            "90th": [
                452.0,
                504.0
            ],
            "95th": [
                447.0,
                508.0
            ],
            "99th": [
                438.995,
                518.0
            ],
            "mean": 478.02,
            "median": 478.0
        },
        "user_accuracy": {
            "90th": [
                95.09561567164178,
                97.81229292105853
            ],
            "95th": [
                94.81320553912921,
                98.00501406036116
            ],
            "99th": [
                94.11739780658026,
                98.35053243392304
            ],
            "mean": 96.52887669810198,
            "median": 96.56652360515021
        }
    },
    "accuracy": {
        "90th": [
            0.933,
            0.956
        ],
        "95th": [
            0.93,
            0.958
        ],
        "99th": [
            0.925,
            0.962
        ],
        "mean": 0.944421,
        "median": 0.945
    },
    "cohen_kappa": {
        "90th": [
            0.8658317529262732,
            0.9119596775256129
        ],
        "95th": [
            0.8600118557171625,
            0.9159681939540354
        ],
        "99th": [
            0.8497269572975824,
            0.9239927762595175
        ],
        "mean": 0.8887504109477373,
        "median": 0.8897685137923605
    },
    "macro avg": {
        "f1-score": {
            "90th": [
                0.93286343068249,
                0.9559702358794545
            ],
            "95th": [
                0.9299704181324878,
                0.9579758907598548
            ],
            "99th": [
                0.9248464564375798,
                0.9619925687853061
            ],
            "mean": 0.944343379286118,
            "median": 0.9448508208723483
        },
        "precision": {
            "90th": [
                0.932786253875806,
                0.9559150129404658
            ],
            "95th": [
                0.9302433671702672,
                0.9579641318565274
            ],
            "99th": [
                0.9246795721950254,
                0.9622185095435467
            ],
            "mean": 0.9444397776025949,
            "median": 0.9447302572315084
        },
        "recall": {
            "90th": [
                0.9337325125215505,
                0.9564682593499384
            ],
            "95th": [
                0.9311793578190773,
                0.958573723987655
            ],
            "99th": [
                0.9258691577795308,
                0.9624950737900744
            ],
            "mean": 0.9452974871670331,
            "median": 0.9454496886682632
        }
    },
    "weighted avg": {
        "f1-score": {
            "90th": [
                0.9329887500285332,
                0.9560057830545847
            ],
            "95th": [
                0.9301201058417483,
                0.9580151587121288
            ],
            "99th": [
                0.9250500519461854,
                0.962006881007843
            ],
            "mean": 0.9444482585108257,
            "median": 0.9449711122605069
        },
        "precision": {
            "90th": [
                0.9341768761239351,
                0.9564976642963874
            ],
            "95th": [
                0.9316415956827142,
                0.9584992142509182
            ],
            "99th": [
                0.92614835615868,
                0.9624182965631113
            ],
            "mean": 0.9455221093014272,
            "median": 0.945663494413709
        },