{
    "Mangrove": {
        "f1-score": {
            "90th": [
                0.9532860957367595,
                0.9731976503518559
            ],
            "95th": [
                0.9514164807053829,
                0.9746960710268436
            ],
            "99th": [
                0.9478956491181414,
                0.9777351736503159
            ],
            "mean": 0.9637390037185215,
            "median": 0.9640427599611273
        },
        "precision": {
            "90th": [
                0.9768272294485887,
                0.994
            ],
            "95th": [
                0.9749010430696478,
                0.9958679815966601
            ],
            "99th": [
                0.9707723815453735,
                0.997863427422251
            ],
            "mean": 0.9858667367763456,
            "median": 0.9861111111111112
        },
        "producer_accuracy": {
            "90th": [
                97.68272294485887,
                99.4
            ],
            "95th": [
                97.49010430696477,
                99.586798159666
            ],
            "99th": [
                97.07723815453735,
                99.78634274222509
            ],
            "mean": 98.58667367763456,
            "median": 98.61111111111111
        },
        "recall": {
            "90th": [
                0.9257103718199609,
                0.9586809332835409
            ],
            "95th": [
                0.9217840615358959,
                0.9616790069077383
            ],
            "99th": [
                0.9152540740015023,
                0.9671814671814671
            ],
            "mean": 0.942648689341073,
            "median": 0.9429657794676806
        },
        "support": {
            "90th": [
                498.0,
                549.0
            ],
            "95th": [
                490.0,
                553.0249999999999
            ],
            "99th": [
                482.995,
                562.0
            ],
            "mean": 523.531,
            "median": 524.0
        },
        "user_accuracy": {
            "90th": [
                92.57103718199609,
                95.86809332835409
            ],
            "95th": [
                92.17840615358959,
                96.16790069077383
            ],
            "99th": [
                91.52540740015023,
                96.71814671814671
            ],
            "mean": 94.2648689341073,
            "median": 94.29657794676805
        }
    },
    "Other": {
        "f1-score": {
            "90th": [
                0.9511941848390447,
                0.971551372701199
            ],
            "95th": [
                0.9489780882883605,
                0.9735785756691236
            ],
            "99th": [
                0.9453769989008262,
                0.9764104978610608
            ],
            "mean": 0.9619560200012435,
            "median": 0.9622737676225646
        },
        "precision": {
            "90th": [
                0.9222824264977035,
                0.9568635503482708
            ],
            "95th": [
                0.9184466019417475,
                0.9591011940101589
            ],
            "99th": [
                0.9107797803522711,
                0.9649488142208646
            ],
            "mean": 0.9398952755844585,
            "median": 0.9401789280293953
        },
        "producer_accuracy": {
            "90th": [
                92.22824264977035,
                95.68635503482707
            ],
            "95th": [
                91.84466019417475,
                95.91011940101589
            ],
            "99th": [
                91.07797803522712,
                96.49488142208646
            ],
            "mean": 93.98952755844584,
            "median": 94.01789280293953
        },
        "recall": {
            "90th": [
                0.9757062627637849,
                0.9937106918238994
            ],
            "95th": [
                0.9740231507622812,
                0.9956526444569923
            ],
            "99th": [
                0.9685527970870573,
                0.9978724524076148
            ],
            "mean": 0.9851558514810377,
            "median": 0.9853862212943633
        },
        "support": {
            "90th": [
                451.0,
                502.0
            ],
            "95th": [
                446.975,
                510.0
            ],
            "99th": [
                438.0,
                517.0049999999999
            ],
            "mean": 476.469,
            "median": 476.0
        },
        "user_accuracy": {
            "90th": [
                97.57062627637848,
                99.37106918238993
            ],
            "95th": [
                97.40231507622812,
                99.56526444569923
            ],
            "99th": [
                96.85527970870572,
                99.78724524076148
            ],
            "mean": 98.51558514810377,
            "median": 98.53862212943632
        }
    },
    "accuracy": {
        "90th": [
            0.953,
            0.972
        ],
        "95th": [
            0.95,
            0.974
        ],
        "99th": [
            0.9479949999999999,
            0.977
        ],
        "mean": 0.9629044999999998,
        "median": 0.963
    },
    "cohen_kappa": {
        "90th": [
            0.9055563394234373,
            0.9440089361600047
        ],
        "95th": [
            0.9000953988024184,
            0.947978254902431
        ],
        "99th": [
            0.8950405307709098,
            0.9539768374580063
        ],
        "mean": 0.9257390215059004,
        "median": 0.9260201225266728
    },
    "macro avg": {
        "f1-score": {
            "90th": [
                0.9527319028265127,
                0.9719960290343416
            ],
            "95th": [
                0.9499927339409451,
                0.9739824121105867
            ],
            "99th": [
                0.947472352270635,
                0.9769856270627575
            ],
            "mean": 0.9628475118598825,
            "median": 0.9629893039088298
        },
        "precision": {
            "90th": [
                0.9525918647515804,
                0.9721883512194118
            ],
            "95th": [
                0.9506600416717484,
                0.9740008974035896
            ],
            "99th": [
                0.9476133823466381,
                0.9768415920555533
            ],
            "mean": 0.962881006180402,
            "median": 0.963124652288377
        },
        "recall": {
            "90th": [
                0.9538129572922216,
                0.9731570134449505
            ],
            "95th": [
                0.9518071463760831,
                0.9746225820823053
            ],
            "99th": [
                0.9486928822468309,
                0.9774389867024073
            ],
            "mean": 0.9639022704110554,
            "median": 0.9642066097522252
        }
    },
    "weighted avg": {
        "f1-score": {
            "90th": [
                0.9529654864413719,
                0.9720271252468091
            ],
            "95th": [
                0.9500863599895749,
                0.9740116966201915
            ],
            "99th": [
                0.9479226994460046,
                0.9770068866311068
            ],
            "mean": 0.9629253587673879,
            "median": 0.963033884731836
        },
        "precision": {
            "90th": [
                0.9543357558492838,
                0.9728328385237066
            ],
            "95th": [
                0.9521994292224832,
                0.9745310385757703
            ],
            "99th": [
                0.949652144920647,
                0.9775566088110973
            ],
            "mean": 0.9640298706717375,
            "median": 0.964239261606618
        },