{
    "Mangrove": {
        "f1-score": {
            "90th": [
                0.7964896755162242,
                0.8531516265304661
            ],
            "95th": [
                0.7900317792209589,
                0.8576805608374827
            ],
            "99th": [
                0.7788276427388461,
                0.8675533839444355
            ],
            "mean": 0.8253060664401657,
            "median": 0.8262411347517731
        },
        "precision": {
            "90th": [
                0.7456983959297172,
                0.824844517360441
            ],
            "95th": [
                0.7385583041163486,
                0.8322373726655348
            ],
            "99th": [
                0.7239050764050764,
                0.8453960589778304
            ],
            "mean": 0.7870570872847735,
            "median": 0.7875816993464052
        },
        "producer_accuracy": {
            "90th": [
                74.56983959297172,
                82.4844517360441
            ],
            "95th": [
                73.85583041163486,
                83.22373726655348
            ],
            "99th": [
                72.39050764050764,
                84.53960589778305
            ],
            "mean": 78.70570872847735,
            "median": 78.75816993464052
        },
        "recall": {
            "90th": [
                0.8321401918976546,
                0.9018216123499143
            ],
            "95th": [
                0.8252742165745544,
                0.9083969465648855
            ],
            "99th": [
                0.810336928149471,
                0.9192417582417579
            ],
            "mean": 0.8680624409545792,
            "median": 0.8687600974835017
        },
        "support": {
            "90th": [
                252.0,
                294.0
            ],
            "95th": [
                248.0,
                297.0
            ],
            "99th": [
                238.0,
                303.0049999999999
            ],
            "mean": 272.06,
            "median": 272.0
        },
        "user_accuracy": {
            "90th": [
                83.21401918976547,
                90.18216123499143
            ],
            "95th": [
                82.52742165745545,
                90.83969465648855
            ],
            "99th": [
                81.0336928149471,
                91.92417582417579
            ],
            "mean": 86.80624409545793,
            "median": 86.87600974835019
        }
    },
    "Other": {
        "f1-score": {
            "90th": [
                0.8125984660033169,
                0.8653569766088677
            ],
            "95th": [
                0.8078175895765473,
                0.8698353567557071
            ],
            "99th": [
                0.8006057838660579,
                0.8806456052086415
            ],
            "mean": 0.840830189464375,
            "median": 0.8412300393683372
        },
        "precision": {
            "90th": [
                0.8471625526204725,
                0.9112716144226288
            ],
            "95th": [
                0.8401360544217688,
                0.9172185430463576
            ],
            "99th": [
                0.8243203497615262,
                0.9271535199877603
            ],
            "mean": 0.8802840538758111,
            "median": 0.8811881188118812
        },
        "producer_accuracy": {
            "90th": [
                84.71625526204724,
                91.12716144226289
            ],
            "95th": [
                84.01360544217688,
                91.72185430463577
            ],
            "99th": [
                82.43203497615262,
                92.71535199877603
            ],
            "mean": 88.0284053875811,
            "median": 88.11881188118812
        },
        "recall": {
            "90th": [
                0.7664427570093458,
                0.8406328561452513
            ],
            "95th": [
                0.7592483660130719,
                0.8456591639871383
            ],
            "99th": [
                0.7464305883148613,
                0.8575994148555051
            ],
            "mean": 0.8051770347445035,
            "median": 0.806060606060606
        },
        "support": {
            "90th": [
                306.0,
                348.0
            ],
            "95th": [
                303.0,
                352.0
            ],
            "99th": [
                296.995,
                362.0
            ],
            "mean": 327.94,
            "median": 328.0
        },
        "user_accuracy": {
            "90th": [
                76.64427570093457,
                84.06328561452514
            ],
            "95th": [
                75.92483660130719,
                84.56591639871382
            ],
            "99th": [
                74.64305883148613,
                85.7599414855505
            ],
            "mean": 80.51770347445033,
            "median": 80.60606060606061
        }
    },
    "accuracy": {
        "90th": [
            0.8066666666666666,
            0.8583333333333333
        ],
        "95th": [
            0.8033333333333333,
            0.8616666666666667
        ],
        "99th": [
            0.7933250000000001,
            0.8733416666666665
        ],
        "mean": 0.8336683333333333,
        "median": 0.835
    },
    "cohen_kappa": {
        "90th": [
            0.6148872310668444,
            0.7148585519247656
        ],
        "95th": [
            0.6075158495928032,
            0.7236802561790665
        ],
        "99th": [
            0.5858089099382799,
            0.746188263931842
        ],
        "mean": 0.6669738837097073,
        "median": 0.6677573613528807
    },
    "macro avg": {
        "f1-score": {
            "90th": [
                0.806655817409612,
                0.8571371721608911
            ],
            "95th": [
                0.8031914117051523,
                0.8616662824063399
            ],
            "99th": [
                0.7916348914640177,
                0.8727768838595119
            ],
            "mean": 0.8330681279522704,
            "median": 0.8333101817175552
        },
        "precision": {
            "90th": [
                0.807919312962547,
                0.8576151724739376
            ],
            "95th": [
                0.8044724177791307,
                0.8624391251585173
            ],
            "99th": [
                0.7952002176212505,
                0.8724728186918765
            ],
            "mean": 0.8336705705802923,
            "median": 0.8341192280337018
        },
        "recall": {
            "90th": [
                0.8109522631642263,
                0.8605472698438004
            ],
            "95th": [
                0.806585681381853,
                0.8649206503526142
            ],
            "99th": [
                0.7970725946181483,
                0.8754821736961925
            ],
            "mean": 0.8366197378495412,
            "median": 0.8369790998856731
        }
    },
    "weighted avg": {
        "f1-score": {
            "90th": [
                0.8077776657593171,
                0.8584412860094666
            ],
            "95th": [
                0.803914073546284,
                0.8622255904134327
            ],
            "99th": [
                0.7939814814447547,
                0.8737642020160573
            ],
            "mean": 0.8340359832555646,
            "median": 0.834894089720473
        },
        "precision": {
            "90th": [
                0.813065508329106,
                0.862046210519862
            ],
            "95th": [
                0.8088299739330658,
                0.8664308226495727
            ],
            "99th": [
                0.7993795401525015,
                0.8768818272605562
            ],