{
    "Mangrove": {
        "f1-score": {
            "90th": [
                0.9225872951665844,
                0.9491869918699186
            ],
            "95th": [
                0.9196061528059499,
                0.9519157998037292
            ],
            "99th": [
                0.914109825487142,
                0.95568602679035
            ],
            "mean": 0.9360219870199772,
            "median": 0.9361489786384677
        },
        "precision": {
            "90th": [
                0.9059812654822251,
                0.9451219512195121
            ],
            "95th": [
                0.9023904382470119,
                0.9491877858231708
            ],
            "99th": [
                0.8930040751949528,
                0.9541919097158459
            ],
            "mean": 0.9257920436211248,
            "median": 0.9257731958762887
        },
        "producer_accuracy": {
            "90th": [
                90.59812654822252,
                94.51219512195121
            ],
            "95th": [
                90.2390438247012,
                94.91877858231707
            ],
            "99th": [
                89.3004075194953,
                95.4191909715846
            ],
            "mean": 92.57920436211248,
            "median": 92.57731958762886
        },
        "recall": {
            "90th": [
                0.9291658232118759,
                0.9625038981288981
            ],
            "95th": [
                0.9253994582926035,
                0.9654527103051161
            ],
            "99th": [
                0.9195164669936833,
                0.9715452914650604
            ],
            "mean": 0.9466074501402364,
            "median": 0.9472527472527472
        },
        "support": {
            "90th": [
                462.0,
                516.0
            ],
            "95th": [
                457.0,
                520.0
            ],
            "99th": [
                446.985,
                528.0049999999999
            ],
            "mean": 488.895,
            "median": 489.0
        },
        "user_accuracy": {
            "90th": [
                92.91658232118759,
                96.25038981288981
            ],
            "95th": [
                92.53994582926035,
                96.54527103051161
            ],
            "99th": [
                91.95164669936833,
                97.15452914650604
            ],
            "mean": 94.66074501402365,
            "median": 94.72527472527472
        }
    },
    "Other": {
        "f1-score": {
            "90th": [
                0.9239500696302554,
                0.9505345392724628
            ],
            "95th": [
                0.9211033358273829,
                0.952664861657147
            ],
            "99th": [
                0.9158084791352012,
                0.9566960341847512
            ],
            "mean": 0.9374285007457195,
            "median": 0.9375
        },
        "precision": {
            "90th": [
                0.931237721021611,
                0.9635627530364372
            ],
            "95th": [
                0.9278752436647173,
                0.9661016949152542
            ],
            "99th": [
                0.9205419632969467,
                0.9719441683366733
            ],
            "mean": 0.9477983880022153,
            "median": 0.94827515239824
        },
        "producer_accuracy": {
            "90th": [
                93.1237721021611,
                96.35627530364373
            ],
            "95th": [
                92.78752436647173,
                96.61016949152543
            ],
            "99th": [
                92.05419632969468,
                97.19441683366733
            ],
            "mean": 94.77983880022153,
            "median": 94.827515239824
        },
        "recall": {
            "90th": [
                0.9078156312625251,
                0.9468312722412766
            ],
            "95th": [
                0.9040270794327411,
                0.9502988548192487
            ],
            "99th": [
                0.8937875017434136,
                0.95705717269286
            ],
            "mean": 0.9273997323301028,
            "median": 0.9273422562141491
        },
        "support": {
            "90th": [
                484.0,
                538.0
            ],
            "95th": [
                480.0,
                543.0
            ],
            "99th": [
                471.995,
                553.0149999999996
            ],
            "mean": 511.105,
            "median": 511.0
        },
        "user_accuracy": {
            "90th": [
                90.78156312625251,
                94.68312722412766
            ],
            "95th": [
                90.4027079432741,
                95.02988548192486
            ],
            "99th": [
                89.37875017434136,
                95.705717269286
            ],
            "mean": 92.73997323301028,
            "median": 92.73422562141491
        }
    },
    "accuracy": {
        "90th": [
            0.924,
            0.95
        ],
        "95th": [
            0.921,
            0.952
        ],
        "99th": [
            0.915,
            0.956
        ],
        "mean": 0.9367965,
        "median": 0.937
    },
    "cohen_kappa": {
        "90th": [
            0.8475806278423904,
            0.8998731591568224
        ],
        "95th": [
            0.8420239491683205,
            0.903939529520702
        ],
        "99th": [
            0.8299855819970362,
            0.911592000940623
        ],
        "mean": 0.8734746480387339,
        "median": 0.8738854879240714
    },
    "macro avg": {
        "f1-score": {
            "90th": [
                0.9237855301827489,
                0.9499284174681073
            ],
            "95th": [
                0.9209771623999337,
                0.9519629727328658
            ],
            "99th": [
                0.9149622226399466,
                0.9557959287644373
            ],
            "mean": 0.9367252438828484,
            "median": 0.9369313182055259
        },
        "precision": {
            "90th": [
                0.923749176764252,
                0.9498502413862587
            ],
            "95th": [
                0.9211940616085298,
                0.9519355704366113
            ],
            "99th": [
                0.9154861206534068,
                0.9557958676497046
            ],
            "mean": 0.93679521581167,
            "median": 0.9368953594030371
        },
        "recall": {
            "90th": [
                0.9239562558085467,
                0.9500480017280621
            ],
            "95th": [
                0.9218643292008738,
                0.9520039696240963
            ],
            "99th": [
                0.9151433179146178,
                0.95563654073492
            ],
            "mean": 0.9370035912351695,
            "median": 0.9370992650887883
        }
    },
    "weighted avg": {
        "f1-score": {
            "90th": [
                0.9239873678470912,
                0.9500016000448055
            ],
            "95th": [
                0.921044532061017,
                0.9520004704121349
            ],
            "99th": [
                0.9150195432305527,
                0.9559557300521997
            ],
            "mean": 0.936804141052034,
            "median": 0.936999684999685
        },
        "precision": {
            "90th": [
                0.9241216210197832,
                0.9500996619283916
            ],
            "95th": [
                0.9220324921489238,
                0.9520881742840116
            ],
            "99th": [
                0.915591426386112,
                0.9560000364805836
            ],
            "mean": 0.9371592066575505,
            "median": 0.9372157453543986
        },