overall accuracy,0.98
cohen kappa,0.96
""
Confidence Interval,90%,95%,98%,99%
Overall Accuracy,0.0072605895077466,0.008677289899502035,0.010315349727469256,0.01142214690852819
""
class,f1-score,precision,recall,support
Mangrove,0.9797979797979798,0.97,0.9897959183673469,490
Other,0.9801980198019802,0.99,0.9705882352941176,510
""
macro avg,0.9799979997999799,0.98,0.9801920768307323,1000
weighted (pixel) avg,0.98000200020002,0.9802000000000001,0.98,1000
""
Confidence Interval,90%,95%,98%,99%
Mangrove,0.012511383616530992,0.014952629200244358,0.017775319406412936,0.019682542518689002
Other,0.007297539311302136,0.008721449420824505,0.010367845484959743,0.011480275258024093
""
Point Count Confusion Matrix
,Mangrove,Other,User Acc
Mangrove,485,5,98.9795918367347
Other,15,495,97.05882352941177
Producer,97.0,99.0
""
