{
    "Mangrove": {
        "f1-score": 0.9413793103448276,
        "precision": 0.91,
        "recall": 0.975,
        "support": 280
    },
    "Other": {
        "f1-score": 0.9451612903225807,
        "precision": 0.9766666666666667,
        "recall": 0.915625,
        "support": 320
    },
    "accuracy": 0.9433333333333334,
    "accuracy_conf_interval": [
        0.015479775096461734,
        0.01850021901772256,
        0.021992607301680393,
        0.024352329115165414
    ],
    "cls_confidence_intervals": {
        "Mangrove": [
            0.02709724709264762,
            0.032384514818042276,
            0.03849791812552985,
            0.04262859603599443
        ],
        "Other": [
            0.01429370438987686,
            0.017082719880584542,
            0.020307519041715297,
            0.022486437393830674
        ]
    },
    "cohen_kappa": 0.8866666666666667,
    "confusion_matrix": [
        [
            273,
            7
        ],
        [
            27,
            293
        ]
    ],
    "macro avg": {
        "f1-score": 0.9432703003337042,
        "precision": 0.9433333333333334,
        "recall": 0.9453125,
        "support": 600
    },
    "producer_accuracy": [
        91.0,
        97.66666666666667
    ],
    "user_accuracy": [
        97.5,
        91.5625
    ],
    "weighted avg": {
        "f1-score": 0.9433963663329624,
        "precision": 0.9455555555555556,
        "recall": 0.9433333333333334,
        "support": 600
    }
}