{
    "Mangrove": {
        "f1-score": {
            "90th": [
                0.9523809523809523,
                0.977695486108897
            ],
            "95th": [
                0.9495634606938954,
                0.9796627347686669
            ],
            "99th": [
                0.9451293018682398,
                0.9831152622563014
            ],
            "mean": 0.9655993794527862,
            "median": 0.9661998955477216
        },
        "precision": {
            "90th": [
                0.9149659863945578,
                0.9617911533290724
            ],
            "95th": [
                0.9110302003607468,
                0.9656381475415101
            ],
            "99th": [
                0.9035310771162861,
                0.9710151895206243
            ],
            "mean": 0.9397028401392203,
            "median": 0.9403973509933775
        },
        "producer_accuracy": {
            "90th": [
                91.49659863945578,
                96.17911533290724
            ],
            "95th": [
                91.10302003607468,
                96.56381475415101
            ],
            "99th": [
                90.35310771162861,
                97.10151895206242
            ],
            "mean": 93.97028401392204,
            "median": 94.03973509933775
        },
        "recall": {
            "90th": [
                0.9847209894076573,
                1.0
            ],
            "95th": [
                0.9820772414326604,
                1.0
            ],
            "99th": [
                0.9767437335987693,
                1.0
            ],
            "mean": 0.9930891330331268,
            "median": 0.993103448275862
        },
        "support": {
            "90th": [
                264.0,
                304.0
            ],
            "95th": [
                259.0,
                308.0
            ],
            "99th": [
                252.0,
                315.0
            ],
            "mean": 283.6385,
            "median": 284.0
        },
        "user_accuracy": {
            "90th": [
                98.47209894076572,
                100.0
            ],
            "95th": [
                98.20772414326603,
                100.0
            ],
            "99th": [
                97.67437335987692,
                100.0
            ],
            "mean": 99.3089133033127,
            "median": 99.3103448275862
        }
    },
    "Other": {
        "f1-score": {
            "90th": [
                0.9550156321276384,
                0.9789337117691264
            ],
            "95th": [
                0.9522089965789251,
                0.9807414529914531
            ],
            "99th": [
                0.9482754560710225,
                0.9833336101882613
            ],
            "mean": 0.9674786268360903,
            "median": 0.967741935483871
        },
        "precision": {
            "90th": [
                0.9857091469681398,
                1.0
            ],
            "95th": [
                0.9830479551107769,
                1.0
            ],
            "99th": [
                0.9779363390092879,
                1.0
            ],
            "mean": 0.993479317789019,
            "median": 0.993485342019544
        },
        "producer_accuracy": {
            "90th": [
                98.57091469681399,
                100.0
            ],
            "95th": [
                98.30479551107769,
                100.0
            ],
            "99th": [
                97.7936339009288,
                100.0
            ],
            "mean": 99.3479317789019,
            "median": 99.3485342019544
        },
        "recall": {
            "90th": [
                0.9208783575177524,
                0.9636963696369637
            ],
            "95th": [
                0.9161290322580645,
                0.9678364923562927
            ],
            "99th": [
                0.9072836007811174,
                0.972727684702005
            ],
            "mean": 0.9429033013702328,
            "median": 0.9431137724550899
        },
        "support": {
            "90th": [
                296.0,
                336.0
            ],
            "95th": [
                292.0,
                341.0
            ],
            "99th": [
                285.0,
                348.0
            ],
            "mean": 316.3615,
            "median": 316.0
        },
        "user_accuracy": {
            "90th": [
                92.08783575177524,
                96.36963696369637
            ],
            "95th": [
                91.61290322580645,
                96.78364923562926
            ],
            "99th": [
                90.72836007811173,
                97.2727684702005
            ],
            "mean": 94.29033013702326,
            "median": 94.311377245509
        }
    },
    "accuracy": {
        "90th": [
            0.9533333333333334,
            0.9783333333333334
        ],
        "95th": [
            0.9516666666666667,
            0.98
        ],
        "99th": [
            0.9466666666666667,
            0.9833333333333333
        ],
        "mean": 0.9666175,
        "median": 0.9666666666666667
    },
    "cohen_kappa": {
        "90th": [
            0.9068113678901071,
            0.9566177893393182
        ],
        "95th": [
            0.9033153389816577,
            0.9599717466810259
        ],
        "99th": [
            0.8935015635605171,
            0.9666312677772977
        ],
        "mean": 0.9331349866820429,
        "median": 0.9333573987150745
    },
    "macro avg": {
        "f1-score": {
            "90th": [
                0.9533286661999534,
                0.9783017140471969
            ],
            "95th": [
                0.9515826086956521,
                0.9799778588271157
            ],
            "99th": [
                0.9466373317258104,
                0.983314872093934
            ],
            "mean": 0.9665390031444383,
            "median": 0.9666533279978657
        },
        "precision": {
            "90th": [
                0.9542923429787227,
                0.9781478147814782
            ],
            "95th": [
                0.9516420586590781,
                0.98
            ],
            "99th": [
                0.9476189376464345,
                0.9833956229364925
            ],
            "mean": 0.9665910789641197,
            "median": 0.9670584897702117
        },
        "recall": {
            "90th": [
                0.9561394413697163,
                0.9791434679969712
            ],
            "95th": [
                0.9536952981051791,
                0.9807677498632474
            ],
            "99th": [
                0.9496608784830192,
                0.9835738821458596
            ],
            "mean": 0.9679962172016798,
            "median": 0.9682713534541817
        }
    },
    "weighted avg": {
        "f1-score": {
            "90th": [
                0.9534650041109051,
                0.9783445970051885
            ],
            "95th": [
                0.9517201279811897,
                0.9800111456540029
            ],
            "99th": [
                0.9467446580630731,
                0.9833333379630144
            ],
            "mean": 0.966644208507682,
            "median": 0.9667054553359595
        },
        "precision": {
            "90th": [
                0.9568700103666217,
                0.9789978081133421
            ],
            "95th": [
                0.954591421476265,
                0.9805555555555556
            ],
            "99th": [
                0.9503182451886488,
                0.9837160876486796
            ],
            "mean": 0.9681706272483709,
            "median": 0.9684305975794041
        },
        "recall": {
            "90th": [
                0.9533333333333334,
                0.9783333333333334
            ],