{
    "Mangrove": {
        "f1-score": 0.9733990147783251,
        "precision": 0.988,
        "recall": 0.9592233009708738,
        "support": 515
    },
    "Other": {
        "f1-score": 0.9725888324873097,
        "precision": 0.958,
        "recall": 0.9876288659793815,
        "support": 485
    },
    "accuracy": 0.973,
    "accuracy_conf_interval": [
        0.008405859956006883,
        0.01004602775230091,
        0.011942471766765878,
        0.013223852857620587
    ],
    "cls_confidence_intervals": {
        "Mangrove": [
            0.007985974906046227,
            0.009544213912104029,
            0.01134592776285836,
            0.012563301986341016
        ],
        "Other": [
            0.014711814680725152,
            0.01758241266720811,
            0.020901541589079028,
            0.023144196266018838
        ]
    },
    "cohen_kappa": 0.946,
    "confusion_matrix": [
        [
            494,
            21
        ],
        [
            6,
            479
        ]
    ],
    "macro avg": {
        "f1-score": 0.9729939236328173,
        "precision": 0.973,
        "recall": 0.9734260834751276,
        "support": 1000
    },
    "producer_accuracy": [
        98.8,
        95.8
    ],
    "user_accuracy": [
        95.92233009708738,
        98.76288659793815
    ],
    "weighted avg": {
        "f1-score": 0.9730060763671827,
        "precision": 0.97345,
        "recall": 0.973,
        "support": 1000
    }
}