{
    "Mangrove": {
        "f1-score": {
            "90th": [
                0.9898580121703854,
                0.9979718077374745
            ],
            "95th": [
                0.9886240228043572,
                0.9980658573743679
            ],
            "99th": [
                0.9866931836075901,
                0.9990300678952473
            ],
            "mean": 0.9940317048911088,
            "median": 0.994059405940594
        },
        "precision": {
            "90th": [
                0.9822834645669292,
                0.9961615961053383
            ],
            "95th": [
                0.98007868724702,
                0.9979758107389687
            ],
            "99th": [
                0.9760464525494466,
                1.0
            ],
            "mean": 0.9900678627233983,
            "median": 0.9901574803149606
        },
        "producer_accuracy": {
            "90th": [
                98.22834645669292,
                99.61615961053383
            ],
            "95th": [
                98.00786872470199,
                99.79758107389686
            ],
            "99th": [
                97.60464525494466,
                100.0
            ],
            "mean": 99.00678627233981,
            "median": 99.01574803149606
        },
        "recall": {
            "90th": [
                0.9939879759519038,
                1.0
            ],
            "95th": [
                0.9936170212765958,
                1.0
            ],
            "99th": [
                0.991524970057707,
                1.0
            ],
            "mean": 0.9980397825185299,
            "median": 0.998003992015968
        },
        "support": {
            "90th": [
                469.0,
                523.0
            ],
            "95th": [
                464.0,
                527.0
            ],
            "99th": [
                454.0,
                536.0
            ],
            "mean": 495.4435,
            "median": 495.0
        },
        "user_accuracy": {
            "90th": [
                99.39879759519037,
                100.0
            ],
            "95th": [
                99.36170212765958,
                100.0
            ],
            "99th": [
                99.1524970057707,
                100.0
            ],
            "mean": 99.80397825185298,
            "median": 99.8003992015968
        }
    },
    "Other": {
        "f1-score": {
            "90th": [
                0.9898785425101215,
                0.9980119284294234
            ],
            "95th": [
                0.9884806161668129,
                0.9980696836946837
            ],
            "99th": [
                0.9863300347147199,
                0.999022501929811
            ],
            "mean": 0.9940868836092285,
            "median": 0.9941406250000001
        },
        "precision": {
            "90th": [
                0.9940233079657418,
                1.0
            ],
            "95th": [
                0.9936564931851919,
                1.0
            ],
            "99th": [
                0.9915244126622302,
                1.0
            ],
            "mean": 0.9980525745521128,
            "median": 0.9980314960629921
        },
        "producer_accuracy": {
            "90th": [
                99.40233079657418,
                100.0
            ],
            "95th": [
                99.36564931851919,
                100.0
            ],
            "99th": [
                99.15244126622302,
                100.0
            ],
            "mean": 99.80525745521128,
            "median": 99.80314960629921
        },
        "recall": {
            "90th": [
                0.9822450055656453,
                0.9961612284069098
            ],
            "95th": [
                0.9806947735595805,
                0.998015873015873
            ],
            "99th": [
                0.976282921574374,
                1.0
            ],
            "mean": 0.9901645445803205,
            "median": 0.990234375
        },
        "support": {
            "90th": [
                477.0,
                531.0
            ],
            "95th": [
                473.0,
                536.0
            ],
            "99th": [
                464.0,
                546.0
            ],
            "mean": 504.5565,
            "median": 505.0
        },
        "user_accuracy": {
            "90th": [
                98.22450055656452,
                99.61612284069098
            ],
            "95th": [
                98.06947735595804,
                99.8015873015873
            ],
            "99th": [
                97.62829215743741,
                100.0
            ],
            "mean": 99.01645445803207,
            "median": 99.0234375
        }
    },
    "accuracy": {
        "90th": [
            0.99,
            0.998
        ],
        "95th": [
            0.989,
            0.998
        ],
        "99th": [
            0.987,
            0.999
        ],
        "mean": 0.9940654999999999,
        "median": 0.994
    },
    "cohen_kappa": {
        "90th": [
            0.9799825126879962,
            0.9959973294164334
        ],
        "95th": [
            0.9779077294223941,
            0.9959998719959039
        ],
        "99th": [
            0.9739342642805972,
            0.9979999043954141
        ],
        "mean": 0.9881189294102357,
        "median": 0.9879987038600169
    },
    "macro avg": {
        "f1-score": {
            "90th": [
                0.989990863629127,
                0.9979986570979617
            ],
            "95th": [
                0.9889533278099971,
                0.9979999279974079
            ],
            "99th": [
                0.9869660711073281,
                0.9989999511976104
            ],
            "mean": 0.9940592942501687,
            "median": 0.993999135875566
        },
        "precision": {
            "90th": [
                0.9899516241903704,
                0.9979920548913682
            ],
            "95th": [
                0.988757919949649,
                0.9980545691511465
            ],
            "99th": [
                0.9868885888588859,
                0.999031007751938
            ],
            "mean": 0.9940602186377555,
            "median": 0.9940402599202449
        },
        "recall": {
            "90th": [
                0.9899699003158997,
                0.9979994990733758
            ],
            "95th": [
                0.9887162449871875,
                0.9980583465041017
            ],
            "99th": [
                0.9865976117550957,
                0.9990234564992704
            ],
            "mean": 0.9941021635494252,
            "median": 0.9940944881889764
        }
    },
    "weighted avg": {
        "f1-score": {
            "90th": [
                0.989999399939994,
                0.998
            ],
            "95th": [
                0.9889963739298536,
                0.9980001122883824
            ],
            "99th": [
                0.9869952139862123,
                0.999000023032211
            ],
            "mean": 0.9940656333572774,
            "median": 0.9940004566594163
        },
        "precision": {
            "90th": [
                0.9900709972167622,
                0.9980078747922781
            ],
            "95th": [
                0.9890418856992026,
                0.9980082139748693
            ],
            "99th": [
                0.9870458580732979,
                0.9990020450317666
            ],
            "mean": 0.9941094661558265,
            "median": 0.9940684410646388
        },
        "recall": {
            "90th": [
                0.99,
                0.998
            ],
            "95th": [
                0.989,
                0.998
            ],
            "99th": [
                0.987,
                0.999
            ],