{
    "Mangrove": {
        "f1-score": {
            "90th": [
                0.9719042663891779,
                0.9869371804794035
            ],
            "95th": [
                0.9701767897289163,
                0.9881422924901185
            ],
            "99th": [
                0.9674021211124229,
                0.9907696063854762
            ],
            "mean": 0.9795504348740016,
            "median": 0.9797160243407709
        },
        "precision": {
            "90th": [
                0.9453441295546559,
                0.9742112351721559
            ],
            "95th": [
                0.9420809129066843,
                0.9765625
            ],
            "99th": [
                0.9368623943860781,
                0.9817080546813532
            ],
            "mean": 0.9599598206715797,
            "median": 0.9602385685884692
        },
        "producer_accuracy": {
            "90th": [
                94.53441295546558,
                97.42112351721559
            ],
            "95th": [
                94.20809129066843,
                97.65625
            ],
            "99th": [
                93.68623943860781,
                98.17080546813533
            ],
            "mean": 95.99598206715797,
            "median": 96.02385685884693
        },
        "recall": {
            "90th": [
                1.0,
                1.0
            ],
            "95th": [
                1.0,
                1.0
            ],
            "99th": [
                1.0,
                1.0
            ],
            "mean": 1.0,
            "median": 1.0
        },
        "support": {
            "90th": [
                453.95,
                506.0
            ],
            "95th": [
                449.0,
                512.0
            ],
            "99th": [
                441.0,
                519.0
            ],
            "mean": 480.0225,
            "median": 480.0
        },
        "user_accuracy": {
            "90th": [
                100.0,
                100.0
            ],
            "95th": [
                100.0,
                100.0
            ],
            "99th": [
                100.0,
                100.0
            ],
            "mean": 100.0,
            "median": 100.0
        }
    },
    "Other": {
        "f1-score": {
            "90th": [
                0.972709058907239,
                0.9876072449952336
            ],
            "95th": [
                0.9714888585887044,
                0.9884620921305183
            ],
            "99th": [
                0.9680000000000001,
                0.9909549549549549
            ],
            "mean": 0.9803447117868058,
            "median": 0.9805068226120859
        },
        "precision": {
            "90th": [
                1.0,
                1.0
            ],
            "95th": [
                1.0,
                1.0
            ],
            "99th": [
                1.0,
                1.0
            ],
            "mean": 1.0,
            "median": 1.0
        },
        "producer_accuracy": {
            "90th": [
                100.0,
                100.0
            ],
            "95th": [
                100.0,
                100.0
            ],
            "99th": [
                100.0,
                100.0
            ],
            "mean": 100.0,
            "median": 100.0
        },
        "recall": {
            "90th": [
                0.9468681363833317,
                0.975517890772128
            ],
            "95th": [
                0.9445584199076992,
                0.9771873940303462
            ],
            "99th": [
                0.937984496124031,
                0.9820720688673876
            ],
            "mean": 0.9614841133063771,
            "median": 0.9617590822179732
        },
        "support": {
            "90th": [
                494.0,
                546.05
            ],
            "95th": [
                488.0,
                551.0
            ],
            "99th": [
                481.0,
                559.0
            ],
            "mean": 519.9775,
            "median": 520.0
        },
        "user_accuracy": {
            "90th": [
                94.68681363833316,
                97.5517890772128
            ],
            "95th": [
                94.45584199076991,
                97.71873940303462
            ],
            "99th": [
                93.7984496124031,
                98.20720688673876
            ],
            "mean": 96.1484113306377,
            "median": 96.17590822179733
        }
    },
    "accuracy": {
        "90th": [
            0.973,
            0.987
        ],
        "95th": [
            0.971,
            0.988
        ],
        "99th": [
            0.968,
            0.991
        ],
        "mean": 0.9799749999999999,
        "median": 0.98
    },
    "cohen_kappa": {
        "90th": [
            0.9458981585823033,
            0.9740012479400989
        ],
        "95th": [
            0.9418642597549893,
            0.9760026037172627
        ],
        "99th": [
            0.9360345119367374,
            0.9819863290606672
        ],
        "mean": 0.9599136504660215,
        "median": 0.96
    },
    "macro avg": {
        "f1-score": {
            "90th": [
                0.972929307537917,
                0.986998426809644
            ],
            "95th": [
                0.9709076058915348,
                0.9879995739847595
            ],
            "99th": [
                0.9679844897645625,
                0.9909924343633784
            ],
            "mean": 0.9799475733304038,
            "median": 0.9799919967987194
        },
        "precision": {
            "90th": [
                0.9726720647773279,
                0.9871056175860781
            ],
            "95th": [
                0.971040456453342,
                0.98828125
            ],
            "99th": [
                0.968431197193039,
                0.9908540273406766
            ],
            "mean": 0.9799799103357898,
            "median": 0.9801192842942346
        },
        "recall": {
            "90th": [
                0.9734340681916658,
                0.987758945386064
            ],
            "95th": [
                0.9722792099538496,
                0.9885936970151731
            ],
            "99th": [
                0.9689922480620154,
                0.9910360344336938
            ],
            "mean": 0.9807420566531885,
            "median": 0.9808795411089866
        }
    },
    "weighted avg": {
        "f1-score": {
            "90th": [
                0.9729846842457524,
                0.9870090163395145
            ],
            "95th": [
                0.9709957528402886,
                0.9880057764671881
            ],
            "99th": [
                0.9680000000000001,
                0.9909995966099249
            ],
            "mean": 0.9799832684568169,
            "median": 0.9800120108097288
        },
        "precision": {
            "90th": [
                0.9743912213740458,
                0.9873521569909345
            ],
            "95th": [
                0.9726266139481566,
                0.9882963115693013
            ],
            "99th": [
                0.969984496124031,
                0.9911597664772395
            ],
            "mean": 0.9808154335726715,
            "median": 0.9808080808080808
        },
        "recall": {
            "90th": [
                0.973,
                0.987
            ],
            "95th": [
                0.971,
                0.988
            ],
            "99th": [
                0.968,
                0.991
            ],
            "mean": 0.9799749999999999,
            "median": 0.98
        }
    }
}