overall accuracy,0.945
cohen kappa,0.89
""
Confidence Interval,90%,95%,98%,99%
Overall Accuracy,0.011823365003246752,0.014130363052660754,0.016797829547295695,0.01860017177340038
""
class,f1-score,precision,recall,support
Mangrove,0.9475691134413727,0.994,0.9052823315118397,549
Other,0.9421661409043112,0.896,0.9933481152993349,451
""
macro avg,0.944867627172842,0.9450000000000001,0.9493152234055873,1000
weighted (pixel) avg,0.9451323728271579,0.949802,0.945,1000
""
Confidence Interval,90%,95%,98%,99%
Mangrove,0.00566405762682544,0.006769239602791379,0.008047106262501998,0.008910529681225387
Other,0.022388733166483522,0.026757266467260798,0.03180838309628452,0.03522129973751677
""
Point Count Confusion Matrix
,Mangrove,Other,User Acc
Mangrove,497,52,90.52823315118397
Other,3,448,99.33481152993349
Producer,99.4,89.60000000000001
""
