overall accuracy,0.973
cohen kappa,0.946
""
Confidence Interval,90%,95%,98%,99%
Overall Accuracy,0.008405859956006883,0.01004602775230091,0.011942471766765878,0.013223852857620587
""
class,f1-score,precision,recall,support
Mangrove,0.9733990147783251,0.988,0.9592233009708738,515
Other,0.9725888324873097,0.958,0.9876288659793815,485
""
macro avg,0.9729939236328173,0.973,0.9734260834751276,1000
weighted (pixel) avg,0.9730060763671827,0.97345,0.973,1000
""
Confidence Interval,90%,95%,98%,99%
Mangrove,0.007985974906046227,0.009544213912104029,0.01134592776285836,0.012563301986341016
Other,0.014711814680725152,0.01758241266720811,0.020901541589079028,0.023144196266018838
""
Point Count Confusion Matrix
,Mangrove,Other,User Acc
Mangrove,494,21,95.92233009708738
Other,6,479,98.76288659793815
Producer,98.8,95.8
""
