{
    "Mangrove": {
        "f1-score": 0.9797979797979798,
        "precision": 0.97,
        "recall": 0.9897959183673469,
        "support": 490
    },
    "Other": {
        "f1-score": 0.9801980198019802,
        "precision": 0.99,
        "recall": 0.9705882352941176,
        "support": 510
    },
    "accuracy": 0.98,
    "accuracy_conf_interval": [
        0.0072605895077466,
        0.008677289899502035,
        0.010315349727469256,
        0.01142214690852819
    ],
    "cls_confidence_intervals": {
        "Mangrove": [
            0.012511383616530992,
            0.014952629200244358,
            0.017775319406412936,
            0.019682542518689002
        ],
        "Other": [
            0.007297539311302136,
            0.008721449420824505,
            0.010367845484959743,
            0.011480275258024093
        ]
    },
    "cohen_kappa": 0.96,
    "confusion_matrix": [
        [
            485,
            5
        ],
        [
            15,
            495
        ]
    ],
    "macro avg": {
        "f1-score": 0.9799979997999799,
        "precision": 0.98,
        "recall": 0.9801920768307323,
        "support": 1000
    },
    "producer_accuracy": [
        97.0,
        99.0
    ],
    "user_accuracy": [
        98.9795918367347,
        97.05882352941177
    ],
    "weighted avg": {
        "f1-score": 0.98000200020002,
        "precision": 0.9802000000000001,
        "recall": 0.98,
        "support": 1000
    }
}