{
    "Mangrove": {
        "f1-score": {
            "90th": [
                0.9292604501607716,
                0.9597664916264179
            ],
            "95th": [
                0.9256756756756758,
                0.962267108298338
            ],
            "99th": [
                0.9180322376911881,
                0.9688583580153927
            ],
            "mean": 0.9446632907638243,
            "median": 0.9447544470820359
        },
        "precision": {
            "90th": [
                0.9489708852824407,
                0.9831649831649831
            ],
            "95th": [
                0.9442571363063167,
                0.9856166130925047
            ],
            "99th": [
                0.9349311164160456,
                0.9901639344262295
            ],
            "mean": 0.9667918267019447,
            "median": 0.9672131147540983
        },
        "producer_accuracy": {
            "90th": [
                94.89708852824407,
                98.31649831649831
            ],
            "95th": [
                94.42571363063166,
                98.56166130925047
            ],
            "99th": [
                93.49311164160457,
                99.01639344262296
            ],
            "mean": 96.67918267019448,
            "median": 96.72131147540983
        },
        "recall": {
            "90th": [
                0.8993506493506493,
                0.9471952319455548
            ],
            "95th": [
                0.8940809968847352,
                0.9522187017673528
            ],
            "99th": [
                0.8838643113159242,
                0.9596273291925466
            ],
            "mean": 0.9236839840631805,
            "median": 0.9237804878048781
        },
        "support": {
            "90th": [
                293.0,
                333.0
            ],
            "95th": [
                290.0,
                337.0
            ],
            "99th": [
                282.995,
                343.0
            ],
            "mean": 314.001,
            "median": 315.0
        },
        "user_accuracy": {
            "90th": [
                89.93506493506493,
                94.71952319455548
            ],
            "95th": [
                89.40809968847351,
                95.2218701767353
            ],
            "99th": [
                88.38643113159243,
                95.96273291925466
            ],
            "mean": 92.36839840631804,
            "median": 92.3780487804878
        }
    },
    "Other": {
        "f1-score": {
            "90th": [
                0.9252150251404909,
                0.9579315221234125
            ],
            "95th": [
                0.921955288467474,
                0.9608177172061328
            ],
            "99th": [
                0.9145902843006257,
                0.9665560054910982
            ],
            "mean": 0.9419963637903532,
            "median": 0.9423393739703458
        },
        "precision": {
            "90th": [
                0.893687707641196,
                0.945101201771031
            ],
            "95th": [
                0.8881578947368421,
                0.9493285899535899
            ],
            "99th": [
                0.876617483939548,
                0.9563780128876898
            ],
            "mean": 0.9200882880802767,
            "median": 0.920265780730897
        },
        "producer_accuracy": {
            "90th": [
                89.3687707641196,
                94.51012017710309
            ],
            "95th": [
                88.81578947368422,
                94.932858995359
            ],
            "99th": [
                87.6617483939548,
                95.63780128876898
            ],
            "mean": 92.00882880802767,
            "median": 92.02657807308971
        },
        "recall": {
            "90th": [
                0.9459410674212119,
                0.982078853046595
            ],
            "95th": [
                0.9420289855072463,
                0.9849638140294557
            ],
            "99th": [
                0.9324745217723037,
                0.9894738682370261
            ],
            "mean": 0.9651663115966592,
            "median": 0.9659090909090909
        },
        "support": {
            "90th": [
                267.0,
                307.0
            ],
            "95th": [
                263.0,
                310.0
            ],
            "99th": [
                257.0,
                317.0049999999999
            ],
            "mean": 285.999,
            "median": 285.0
        },
        "user_accuracy": {
            "90th": [
                94.59410674212118,
                98.2078853046595
            ],
            "95th": [
                94.20289855072464,
                98.49638140294556
            ],
            "99th": [
                93.24745217723036,
                98.94738682370262
            ],
            "mean": 96.5166311596659,
            "median": 96.5909090909091
        }
    },
    "accuracy": {
        "90th": [
            0.9283333333333333,
            0.9583333333333334
        ],
        "95th": [
            0.925,
            0.9616666666666667
        ],
        "99th": [
            0.9183333333333333,
            0.9683333333333334
        ],
        "mean": 0.9434458333333333,
        "median": 0.9433333333333334
    },
    "cohen_kappa": {
        "90th": [
            0.8558688188600079,
            0.9166666666666666
        ],
        "95th": [
            0.8498758932339566,
            0.9223448770509756
        ],
        "99th": [
            0.8365134429394897,
            0.9364804201819756
        ],
        "mean": 0.8867355234044946,
        "median": 0.8866452552148739
    },
    "macro avg": {
        "f1-score": {
            "90th": [
                0.9278480267076458,
                0.9583193239950094
            ],
            "95th": [
                0.9248466028031307,
                0.9611593233062941
            ],
            "99th": [
                0.918191058347054,
                0.9682252709878596
            ],
            "mean": 0.9433298272770887,
            "median": 0.9432930083615017
        },
        "precision": {
            "90th": [
                0.9274676849984249,
                0.9585831489175531
            ],
            "95th": [
                0.9246369328449122,
                0.9611351362135765
            ],
            "99th": [
                0.9184272642835019,
                0.9674957999087662
            ],
            "mean": 0.9434400573911107,
            "median": 0.9434814102069881
        },
        "recall": {
            "90th": [
                0.9291184239933287,
                0.9591965203596241
            ],
            "95th": [
                0.9263328460732201,
                0.9617402240925627
            ],
            "99th": [
                0.9187440932403981,
                0.9686594164789121
            ],
            "mean": 0.9444251478299197,
            "median": 0.9444469153373263
        }
    },
    "weighted avg": {
        "f1-score": {
            "90th": [
                0.9282782962127235,
                0.9583585371130481
            ],
            "95th": [
                0.9250717813186484,
                0.961651026385906
            ],
            "99th": [
                0.9183294529266777,
                0.9683402350188428
            ],
            "mean": 0.9434784099194032,
            "median": 0.943374301569202
        },
        "precision": {
            "90th": [
                0.929632295601355,
                0.959286450620486
            ],
            "95th": [
                0.9269359520832984,
                0.9617896744657232
            ],
            "99th": [
                0.9192885197450305,
                0.968612686790362
            ],