{
    "Mangrove": {
        "f1-score": {
            "90th": [
                0.9694323144104803,
                0.9960159362549801
            ],
            "95th": [
                0.9661016949152543,
                0.9963636363636363
            ],
            "99th": [
                0.9579809220985691,
                1.0
            ],
            "mean": 0.9837546158169282,
            "median": 0.9841269841269841
        },
        "precision": {
            "90th": [
                0.940677966101695,
                0.9920634920634921
            ],
            "95th": [
                0.9344262295081968,
                0.9927536231884058
            ],
            "99th": [
                0.9193506571087215,
                1.0
            ],
            "mean": 0.968159075757097,
            "median": 0.96875
        },
        "producer_accuracy": {
            "90th": [
                94.0677966101695,
                99.20634920634922
            ],
            "95th": [
                93.44262295081968,
                99.27536231884058
            ],
            "99th": [
                91.93506571087217,
                100.0
            ],
            "mean": 96.8159075757097,
            "median": 96.875
        },
        "recall": {
            "90th": [
                1.0,
                1.0
            ],
            "95th": [
                1.0,
                1.0
            ],
            "99th": [
                1.0,
                1.0
            ],
            "mean": 1.0,
            "median": 1.0
        },
        "support": {
            "90th": [
                108.0,
                134.0
            ],
            "95th": [
                106.0,
                137.0
            ],
            "99th": [
                100.995,
                141.0
            ],
            "mean": 120.8725,
            "median": 121.0
        },
        "user_accuracy": {
            "90th": [
                100.0,
                100.0
            ],
            "95th": [
                100.0,
                100.0
            ],
            "99th": [
                100.0,
                100.0
            ],
            "mean": 100.0,
            "median": 100.0
        }
    },
    "Other": {
        "f1-score": {
            "90th": [
                0.9704641350210971,
                0.9961389961389961
            ],
            "95th": [
                0.9669421487603307,
                0.9964419098877053
            ],
            "99th": [
                0.9599983870967743,
                1.0
            ],
            "mean": 0.9843253990311556,
            "median": 0.9846153846153847
        },
        "precision": {
            "90th": [
                1.0,
                1.0
            ],
            "95th": [
                1.0,
                1.0
            ],
            "99th": [
                1.0,
                1.0
            ],
            "mean": 1.0,
            "median": 1.0
        },
        "producer_accuracy": {
            "90th": [
                100.0,
                100.0
            ],
            "95th": [
                100.0,
                100.0
            ],
            "99th": [
                100.0,
                100.0
            ],
            "mean": 100.0,
            "median": 100.0
        },
        "recall": {
            "90th": [
                0.9426229508196722,
                0.9923076923076923
            ],
            "95th": [
                0.936,
                0.9929090500449506
            ],
            "99th": [
                0.9230739415623137,
                1.0
            ],
            "mean": 0.9692544135560773,
            "median": 0.9696969696969697
        },
        "support": {
            "90th": [
                116.0,
                142.0
            ],
            "95th": [
                113.0,
                144.0
            ],
            "99th": [
                109.0,
                149.00499999999988
            ],
            "mean": 129.1275,
            "median": 129.0
        },
        "user_accuracy": {
            "90th": [
                94.26229508196722,
                99.23076923076923
            ],
            "95th": [
                93.60000000000001,
                99.29090500449504
            ],
            "99th": [
                92.30739415623137,
                100.0
            ],
            "mean": 96.92544135560773,
            "median": 96.96969696969697
        }
    },
    "accuracy": {
        "90th": [
            0.972,
            0.996
        ],
        "95th": [
            0.968,
            0.996
        ],
        "99th": [
            0.96,
            1.0
        ],
        "mean": 0.9841040000000001,
        "median": 0.984
    },
    "cohen_kappa": {
        "90th": [
            0.9431707475482237,
            0.9919938512777813
        ],
        "95th": [
            0.9357326478149101,
            0.992
        ],
        "99th": [
            0.9199419928607231,
            1.0
        ],
        "mean": 0.9680947722478895,
        "median": 0.967989756722151
    },
    "macro avg": {
        "f1-score": {
            "90th": [
                0.9715627488259477,
                0.9959968615394469
            ],
            "95th": [
                0.9678332475553268,
                0.995999935998976
            ],
            "99th": [
                0.959906800792375,
                1.0
            ],
            "mean": 0.984040007424042,
            "median": 0.9839907786885245
        },
        "precision": {
            "90th": [
                0.9703389830508475,
                0.996031746031746
            ],
            "95th": [
                0.9672131147540983,
                0.9963768115942029
            ],
            "99th": [
                0.9596753285543609,
                1.0
            ],
            "mean": 0.9840795378785485,
            "median": 0.984375
        },
        "recall": {
            "90th": [
                0.9713114754098361,
                0.9961538461538462
            ],
            "95th": [
                0.968,
                0.9964545250224753
            ],
            "99th": [
                0.9615369707811569,
                1.0
            ],
            "mean": 0.9846272067780387,
            "median": 0.9848484848484849
        }
    },
    "weighted avg": {
        "f1-score": {
            "90th": [
                0.971952790044159,
                0.9960005767474647
            ],
            "95th": [
                0.9679589743589743,
                0.996002018344111
            ],
            "99th": [
                0.9599999359959037,
                1.0
            ],
            "mean": 0.9841099253904427,
            "median": 0.9840102564102564
        },
        "precision": {
            "90th": [
                0.9734411764705883,
                0.9960330578512396
            ],
            "95th": [
                0.9699104477611941,
                0.9960363719766472
            ],
            "99th": [
                0.963076805637111,
                1.0
            ],
            "mean": 0.9847371604969873,
            "median": 0.9845245901639343
        },
        "recall": {
            "90th": [
                0.972,
                0.996
            ],
            "95th": [
                0.968,
                0.996
            ],
            "99th": [
                0.96,
                1.0
            ],
            "mean": 0.9841040000000001,
            "median": 0.984
        }
    }
}