{
    "Mangrove": {
        "f1-score": {
            "90th": [
                0.9521403880165067,
                0.9824648469809759
            ],
            "95th": [
                0.9489051094890512,
                0.9848503883051622
            ],
            "99th": [
                0.9430845100556269,
                0.9876555166950647
            ],
            "mean": 0.9677389022339643,
            "median": 0.9682151589242054
        },
        "precision": {
            "90th": [
                0.9611650485436893,
                0.9950248756218906
            ],
            "95th": [
                0.957345971563981,
                0.9953488372093023
            ],
            "99th": [
                0.9499986033519553,
                1.0
            ],
            "mean": 0.9799444438042507,
            "median": 0.9804878048780488
        },
        "producer_accuracy": {
            "90th": [
                96.11650485436894,
                99.50248756218906
            ],
            "95th": [
                95.73459715639811,
                99.53488372093024
            ],
            "99th": [
                94.99986033519554,
                100.0
            ],
            "mean": 97.99444438042507,
            "median": 98.04878048780488
        },
        "recall": {
            "90th": [
                0.9322834181749623,
                0.9772727272727273
            ],
            "95th": [
                0.9278275810548334,
                0.9806763285024155
            ],
            "99th": [
                0.9186583317997792,
                0.9861111111111112
            ],
            "mean": 0.955977052062934,
            "median": 0.9565217391304348
        },
        "support": {
            "90th": [
                188.0,
                221.0
            ],
            "95th": [
                185.0,
                224.0
            ],
            "99th": [
                178.0,
                230.00499999999988
            ],
            "mean": 204.8795,
            "median": 205.0
        },
        "user_accuracy": {
            "90th": [
                93.22834181749622,
                97.72727272727273
            ],
            "95th": [
                92.78275810548334,
                98.06763285024155
            ],
            "99th": [
                91.86583317997791,
                98.61111111111111
            ],
            "mean": 95.59770520629341,
            "median": 95.65217391304348
        }
    },
    "Other": {
        "f1-score": {
            "90th": [
                0.9509001567331723,
                0.9817232375979111
            ],
            "95th": [
                0.948142361111111,
                0.9845360824742267
            ],
            "99th": [
                0.9392258182124127,
                0.9879523823216493
            ],
            "mean": 0.9669551890511234,
            "median": 0.9674185463659147
        },
        "precision": {
            "90th": [
                0.9296332204500765,
                0.9771441617742987
            ],
            "95th": [
                0.9246231155778895,
                0.9803945480631276
            ],
            "99th": [
                0.913973819541842,
                0.9853675958188153
            ],
            "mean": 0.9548933633287682,
            "median": 0.9555005500550056
        },
        "producer_accuracy": {
            "90th": [
                92.96332204500764,
                97.71441617742987
            ],
            "95th": [
                92.46231155778895,
                98.03945480631276
            ],
            "99th": [
                91.3973819541842,
                98.53675958188153
            ],
            "mean": 95.48933633287682,
            "median": 95.55005500550055
        },
        "recall": {
            "90th": [
                0.9609756097560975,
                0.9948717948717949
            ],
            "95th": [
                0.9567892892892893,
                0.9951928827751196
            ],
            "99th": [
                0.9497195417865809,
                1.0
            ],
            "mean": 0.9794853280622919,
            "median": 0.9797979797979798
        },
        "support": {
            "90th": [
                179.0,
                212.0
            ],
            "95th": [
                176.0,
                215.0
            ],
            "99th": [
                169.995,
                222.0
            ],
            "mean": 195.1205,
            "median": 195.0
        },
        "user_accuracy": {
            "90th": [
                96.09756097560975,
                99.48717948717949
            ],
            "95th": [
                95.67892892892893,
                99.51928827751196
            ],
            "99th": [
                94.9719541786581,
                100.0
            ],
            "mean": 97.94853280622921,
            "median": 97.97979797979798
        }
    },
    "accuracy": {
        "90th": [
            0.9525,
            0.9825
        ],
        "95th": [
            0.9499375,
            0.985
        ],
        "99th": [
            0.94,
            0.9875
        ],
        "mean": 0.9674299999999999,
        "median": 0.9675
    },
    "cohen_kappa": {
        "90th": [
            0.9048131956131855,
            0.9648462898954869
        ],
        "95th": [
            0.8980213296181143,
            0.9699318579831988
        ],
        "99th": [
            0.8800479808076769,
            0.9749687422090426
        ],
        "mean": 0.9347111865125322,
        "median": 0.9349707368315742
    },
    "macro avg": {
        "f1-score": {
            "90th": [
                0.9523925857716472,
                0.9824204742662678
            ],
            "95th": [
                0.9489628895936415,
                0.9849625849488072
            ],
            "99th": [
                0.9399999699969998,
                0.9874824190499187
            ],
            "mean": 0.9673470456425439,
            "median": 0.9674754032737258
        },
        "precision": {
            "90th": [
                0.9523592551822497,
                0.9822170733954015
            ],
            "95th": [
                0.9487461442066705,
                0.9847721322031351
            ],
            "99th": [
                0.9409209459460621,
                0.9876867816091953
            ],
            "mean": 0.9674189035665095,
            "median": 0.9675866896672417
        },
        "recall": {
            "90th": [
                0.9525702570257025,
                0.9824877090677268
            ],
            "95th": [
                0.9493471913642282,
                0.985
            ],
            "99th": [
                0.9415552677687085,
                0.9876190562456867
            ],
            "mean": 0.967731190062613,
            "median": 0.9678322324700898
        }
    },
    "weighted avg": {
        "f1-score": {
            "90th": [
                0.9524918616868434,
                0.9824990483839716
            ],
            "95th": [
                0.9498643241711845,
                0.9849996249906248
            ],
            "99th": [
                0.940121014367895,
                0.9875019550510554
            ],
            "mean": 0.9674359608730533,
            "median": 0.9675067058500735
        },
        "precision": {
            "90th": [
                0.9528415017979285,
                0.9826008918059069
            ],
            "95th": [
                0.95,
                0.9850485798579859
            ],
            "99th": [
                0.9412191894399486,
                0.9876242229851178
            ],
            "mean": 0.9678954193452158,
            "median": 0.9680328343247089
        },