{
    "Mangrove": {
        "f1-score": {
            "90th": [
                0.9757497513716807,
                0.989562673973556
            ],
            "95th": [
                0.9740518962075848,
                0.9907125525694044
            ],
            "99th": [
                0.9713740154452656,
                0.9920950172730384
            ],
            "mean": 0.9828792995222466,
            "median": 0.9831181727904668
        },
        "precision": {
            "90th": [
                0.9590147925204917,
                0.9839357429718876
            ],
            "95th": [
                0.9567010309278351,
                0.9859154929577465
            ],
            "99th": [
                0.951074025754391,
                0.9885060755336618
            ],
            "mean": 0.9720929409083369,
            "median": 0.9723320158102767
        },
        "producer_accuracy": {
            "90th": [
                95.90147925204919,
                98.39357429718876
            ],
            "95th": [
                95.6701030927835,
                98.59154929577466
            ],
            "99th": [
                95.1074025754391,
                98.85060755336617
            ],
            "mean": 97.2092940908337,
            "median": 97.23320158102767
        },
        "recall": {
            "90th": [
                0.9877288041838479,
                1.0
            ],
            "95th": [
                0.986455702203512,
                1.0
            ],
            "99th": [
                0.9835727262740723,
                1.0
            ],
            "mean": 0.9939435257941635,
            "median": 0.9939393939393939
        },
        "support": {
            "90th": [
                464.0,
                516.0
            ],
            "95th": [
                459.0,
                520.0
            ],
            "99th": [
                447.995,
                530.0099999999998
            ],
            "mean": 489.1095,
            "median": 489.0
        },
        "user_accuracy": {
            "90th": [
                98.77288041838479,
                100.0
            ],
            "95th": [
                98.64557022035119,
                100.0
            ],
            "99th": [
                98.35727262740724,
                100.0
            ],
            "mean": 99.39435257941633,
            "median": 99.39393939393939
        }
    },
    "Other": {
        "f1-score": {
            "90th": [
                0.9763771435045439,
                0.989795918367347
            ],
            "95th": [
                0.9747069386609628,
                0.9908452816420176
            ],
            "99th": [
                0.9728635477582847,
                0.9922929450125982
            ],
            "mean": 0.9832481423117235,
            "median": 0.9833822091886608
        },
        "precision": {
            "90th": [
                0.9880715705765407,
                1.0
            ],
            "95th": [
                0.9868135593220339,
                1.0
            ],
            "99th": [
                0.9842518131979066,
                1.0
            ],
            "mean": 0.9940810434724515,
            "median": 0.9940944881889764
        },
        "producer_accuracy": {
            "90th": [
                98.80715705765407,
                100.0
            ],
            "95th": [
                98.68135593220339,
                100.0
            ],
            "99th": [
                98.42518131979065,
                100.0
            ],
            "mean": 99.40810434724514,
            "median": 99.40944881889764
        },
        "recall": {
            "90th": [
                0.9600758483033933,
                0.9842829076620825
            ],
            "95th": [
                0.9578749315818281,
                0.9860841893085929
            ],
            "99th": [
                0.9520111376859405,
                0.9885497273718649
            ],
            "mean": 0.9726818522153076,
            "median": 0.9729206963249516
        },
        "support": {
            "90th": [
                484.0,
                536.0
            ],
            "95th": [
                480.0,
                541.0
            ],
            "99th": [
                469.99,
                552.0049999999999
            ],
            "mean": 510.8905,
            "median": 511.0
        },
        "user_accuracy": {
            "90th": [
                96.00758483033933,
                98.42829076620825
            ],
            "95th": [
                95.78749315818283,
                98.60841893085929
            ],
            "99th": [
                95.20111376859406,
                98.85497273718649
            ],
            "mean": 97.26818522153074,
            "median": 97.29206963249516
        }
    },
    "accuracy": {
        "90th": [
            0.976,
            0.99
        ],
        "95th": [
            0.975,
            0.991
        ],
        "99th": [
            0.972,
            0.992
        ],
        "mean": 0.9830825,
        "median": 0.983
    },
    "cohen_kappa": {
        "90th": [
            0.9520051066280576,
            0.979966744790252
        ],
        "95th": [
            0.9498266903853976,
            0.9819608332456825
        ],
        "99th": [
            0.9440268209690271,
            0.9839984664129395
        ],
        "mean": 0.9661326647240004,
        "median": 0.966
    },
    "macro avg": {
        "f1-score": {
            "90th": [
                0.9759938544267333,
                0.9899824111045988
            ],
            "95th": [
                0.9749061435958841,
                0.9909801942491354
            ],
            "99th": [
                0.97199990529598,
                0.991999199919992
            ],
            "mean": 0.9830637209169849,
            "median": 0.982998622888454
        },
        "precision": {
            "90th": [
                0.9761856626980312,
                0.9897339453557483
            ],
            "95th": [
                0.9745169405742379,
                0.9908860246905754
            ],
            "99th": [
                0.9722067720166372,
                0.9921057242269158
            ],
            "mean": 0.9830869921903941,
            "median": 0.9832708693702351
        },
        "recall": {
            "90th": [
                0.9766576373819805,
                0.989902045181497
            ],
            "95th": [
                0.9747933529494707,
                0.9909290019182854
            ],
            "99th": [
                0.9729648540969867,
                0.9921731746868081
            ],
            "mean": 0.9833126890047353,
            "median": 0.9833750375337804
        }
    },
    "weighted avg": {
        "f1-score": {
            "90th": [
                0.9760153072931296,
                0.9899988034998792
            ],
            "95th": [
                0.9749739736117637,
                0.9909991514464808
            ],
            "99th": [
                0.9720242073723954,
                0.992001283328898
            ],
            "mean": 0.9830846117802337,
            "median": 0.9830049699494077
        },
        "precision": {
            "90th": [
                0.9766426683822185,
                0.9900291734079423
            ],
            "95th": [
                0.9753287536385851,
                0.9910210326722967
            ],
            "99th": [
                0.9729400391109397,
                0.9920751892857714
            ],
            "mean": 0.9833582955128247,
            "median": 0.9833488089139345
        },
        "recall": {
            "90th": [
                0.976,
                0.99
            ],
            "95th": [
                0.975,
                0.991
            ],