{
    "Mangrove": {
        "f1-score": {
            "90th": [
                0.9542356377799416,
                0.9743068138143085
            ],
            "95th": [
                0.9519632776568498,
                0.975865974945233
            ],
            "99th": [
                0.946082316645486,
                0.9791240377425363
            ],
            "mean": 0.9648058957578521,
            "median": 0.9650858837717153
        },
        "precision": {
            "90th": [
                0.9193810736469842,
                0.9551414621704833
            ],
            "95th": [
                0.9146323703528297,
                0.958
            ],
            "99th": [
                0.9056158618850402,
                0.962671905697446
            ],
            "mean": 0.937618466296178,
            "median": 0.9380514164327911
        },
        "producer_accuracy": {
            "90th": [
                91.93810736469842,
                95.51414621704834
            ],
            "95th": [
                91.46323703528297,
                95.8
            ],
            "99th": [
                90.56158618850401,
                96.2671905697446
            ],
            "mean": 93.7618466296178,
            "median": 93.80514164327911
        },
        "recall": {
            "90th": [
                0.987152034261242,
                0.9980097223629942
            ],
            "95th": [
                0.9852312869644338,
                1.0
            ],
            "99th": [
                0.9828320618470694,
                1.0
            ],
            "mean": 0.9936957779301311,
            "median": 0.9937304006778418
        },
        "support": {
            "90th": [
                446.0,
                497.0
            ],
            "95th": [
                440.0,
                503.0
            ],
            "99th": [
                430.995,
                515.0049999999999
            ],
            "mean": 471.4905,
            "median": 471.0
        },
        "user_accuracy": {
            "90th": [
                98.7152034261242,
                99.80097223629942
            ],
            "95th": [
                98.52312869644338,
                100.0
            ],
            "99th": [
                98.28320618470694,
                100.0
            ],
            "mean": 99.3695777930131,
            "median": 99.37304006778417
        }
    },
    "Other": {
        "f1-score": {
            "90th": [
                0.9572096645387221,
                0.9757047642654516
            ],
            "95th": [
                0.9546747632291215,
                0.9771867828328316
            ],
            "99th": [
                0.9498963943512023,
                0.9800000951474785
            ],
            "mean": 0.9667850735282861,
            "median": 0.9669669669669669
        },
        "precision": {
            "90th": [
                0.9878283777766784,
                0.9981275158388463
            ],
            "95th": [
                0.9861379262926293,
                1.0
            ],
            "99th": [
                0.9837065547196475,
                1.0
            ],
            "mean": 0.9940574553202648,
            "median": 0.9940944881889764
        },
        "producer_accuracy": {
            "90th": [
                98.78283777766784,
                99.81275158388462
            ],
            "95th": [
                98.61379262926292,
                100.0
            ],
            "99th": [
                98.37065547196474,
                100.0
            ],
            "mean": 99.40574553202647,
            "median": 99.40944881889764
        },
        "recall": {
            "90th": [
                0.9235176293484775,
                0.9578544061302682
            ],
            "95th": [
                0.9198520526557804,
                0.9600019011406844
            ],
            "99th": [
                0.9106462285192344,
                0.9641554313976918
            ],
            "mean": 0.9410310340115732,
            "median": 0.9416195856873822
        },
        "support": {
            "90th": [
                503.0,
                554.0
            ],
            "95th": [
                497.0,
                560.0
            ],
            "99th": [
                484.995,
                569.0049999999999
            ],
            "mean": 528.5095,
            "median": 529.0
        },
        "user_accuracy": {
            "90th": [
                92.35176293484774,
                95.78544061302682
            ],
            "95th": [
                91.98520526557805,
                96.00019011406845
            ],
            "99th": [
                91.06462285192345,
                96.41554313976918
            ],
            "mean": 94.10310340115733,
            "median": 94.16195856873823
        }
    },
    "accuracy": {
        "90th": [
            0.956,
            0.975
        ],
        "95th": [
            0.954,
            0.976
        ],
        "99th": [
            0.948,
            0.9790049999999999
        ],
        "mean": 0.965857,
        "median": 0.966
    },
    "cohen_kappa": {
        "90th": [
            0.9118231524619275,
            0.9499803322226728
        ],
        "95th": [
            0.9077316568044059,
            0.9520182378677677
        ],
        "99th": [
            0.8961057698303644,
            0.958012720248058
        ],
        "mean": 0.9316511611497738,
        "median": 0.9320141410586598
    },
    "macro avg": {
        "f1-score": {
            "90th": [
                0.9558605542098447,
                0.9749792276993506
            ],
            "95th": [
                0.9537846107626016,
                0.975998499904138
            ],
            "99th": [
                0.9479697211335457,
                0.9790001208552329
            ],
            "mean": 0.9657954846430691,
            "median": 0.9659804047131149
        },
        "precision": {
            "90th": [
                0.9558184094627407,
                0.974886685592886
            ],
            "95th": [
                0.9538411021019375,
                0.9763402507565931
            ],
            "99th": [
                0.9485129536323473,
                0.9795570742006934
            ],
            "mean": 0.9658379608082214,
            "median": 0.9661108241126743
        },
        "recall": {
            "90th": [
                0.957917844518453,
                0.9757899371106422
            ],
            "95th": [
                0.9556323742540086,
                0.9774557465685442
            ],
            "99th": [
                0.9509472214303739,
                0.9803179955795873
            ],
            "mean": 0.967363405970852,
            "median": 0.9675074550243056
        }
    },
    "weighted avg": {
        "f1-score": {
            "90th": [
                0.9560420042383369,
                0.9750118824265166
            ],
            "95th": [
                0.9539824337629984,
                0.976035882111385
            ],
            "99th": [
                0.9480873265473337,
                0.979045244566508
            ],
            "mean": 0.9658858416898971,
            "median": 0.9660331549897277
        },
        "precision": {
            "90th": [
                0.9585845245148072,
                0.9757497888921838
            ],
            "95th": [
                0.9563075384713372,
                0.9771508957137699
            ],
            "99th": [
                0.9512166496738947,
                0.9799501386841554
            ],
            "mean": 0.9675165736001301,
            "median": 0.967758881768144
        },
        "recall": {
            "90th": [
                0.956,
                0.975
            ],