overall accuracy,0.994
cohen kappa,0.988
""
Confidence Interval,90%,95%,98%,99%
Overall Accuracy,0.004005093556959689,0.00478657522661036,0.005690163407143949,0.006300695961558535
""
class,f1-score,precision,recall,support
Mangrove,0.9939759036144579,0.99,0.9979838709677419,496
Other,0.9940239043824701,0.998,0.9900793650793651,504
""
macro avg,0.9939999039984639,0.994,0.9940316180235536,1000
weighted (pixel) avg,0.994000096001536,0.994032,0.994,1000
""
Confidence Interval,90%,95%,98%,99%
Mangrove,0.007297539311302136,0.008721449420824505,0.010367845484959743,0.011480275258024093
Other,0.0032767183583579484,0.003916078038037548,0.0046553376676670855,0.005154837417416773
""
Point Count Confusion Matrix
,Mangrove,Other,User Acc
Mangrove,495,1,99.79838709677419
Other,5,499,99.0079365079365
Producer,99.0,99.8
""
