{
    "Mangrove": {
        "f1-score": {
            "90th": [
                0.9806678383128296,
                0.995008319467554
            ],
            "95th": [
                0.9795207015727695,
                0.9964800958528951
            ],
            "99th": [
                0.9760265706188002,
                0.9983416252072967
            ],
            "mean": 0.9883450113944786,
            "median": 0.9885433715220949
        },
        "precision": {
            "90th": [
                0.9750889679715302,
                0.9966782909066907
            ],
            "95th": [
                0.9726027397260274,
                0.9968152866242038
            ],
            "99th": [
                0.9661016949152542,
                1.0
            ],
            "mean": 0.9867738260375282,
            "median": 0.9869706840390879
        },
        "producer_accuracy": {
            "90th": [
                97.50889679715303,
                99.66782909066907
            ],
            "95th": [
                97.26027397260275,
                99.68152866242038
            ],
            "99th": [
                96.61016949152543,
                100.0
            ],
            "mean": 98.6773826037528,
            "median": 98.69706840390879
        },
        "recall": {
            "90th": [
                0.9799297434401024,
                0.9968553459119497
            ],
            "95th": [
                0.9771241830065359,
                1.0
            ],
            "99th": [
                0.9726022689827237,
                1.0
            ],
            "mean": 0.9899607735448861,
            "median": 0.9901315789473685
        },
        "support": {
            "90th": [
                278.0,
                319.0
            ],
            "95th": [
                274.0,
                323.0
            ],
            "99th": [
                266.995,
                330.0
            ],
            "mean": 298.7835,
            "median": 299.0
        },
        "user_accuracy": {
            "90th": [
                97.99297434401024,
                99.68553459119497
            ],
            "95th": [
                97.7124183006536,
                100.0
            ],
            "99th": [
                97.26022689827238,
                100.0
            ],
            "mean": 98.9960773544886,
            "median": 99.01315789473685
        }
    },
    "Other": {
        "f1-score": {
            "90th": [
                0.9806451612903226,
                0.995008319467554
            ],
            "95th": [
                0.9793796658371846,
                0.9964044665327807
            ],
            "99th": [
                0.9762678792889624,
                0.998324958123953
            ],
            "mean": 0.9883933128519546,
            "median": 0.9886178861788618
        },
        "precision": {
            "90th": [
                0.9796610169491525,
                0.996885218939262
            ],
            "95th": [
                0.9772727272727273,
                1.0
            ],
            "99th": [
                0.9728761040821198,
                1.0
            ],
            "mean": 0.9899999805890792,
            "median": 0.9901800064288011
        },
        "producer_accuracy": {
            "90th": [
                97.96610169491525,
                99.6885218939262
            ],
            "95th": [
                97.72727272727273,
                100.0
            ],
            "99th": [
                97.28761040821198,
                100.0
            ],
            "mean": 98.99999805890792,
            "median": 99.01800064288011
        },
        "recall": {
            "90th": [
                0.9751762036914674,
                0.9966555183946488
            ],
            "95th": [
                0.9727821025317344,
                0.9968454258675079
            ],
            "99th": [
                0.9662133138292932,
                1.0
            ],
            "mean": 0.9868311800313304,
            "median": 0.987012987012987
        },
        "support": {
            "90th": [
                281.0,
                322.0
            ],
            "95th": [
                277.0,
                326.0
            ],
            "99th": [
                270.0,
                333.0049999999999
            ],
            "mean": 301.2165,
            "median": 301.0
        },
        "user_accuracy": {
            "90th": [
                97.51762036914674,
                99.66555183946488
            ],
            "95th": [
                97.27821025317343,
                99.6845425867508
            ],
            "99th": [
                96.62133138292933,
                100.0
            ],
            "mean": 98.68311800313303,
            "median": 98.7012987012987
        }
    },
    "accuracy": {
        "90th": [
            0.98,
            0.995
        ],
        "95th": [
            0.98,
            0.9966666666666667
        ],
        "99th": [
            0.9766666666666667,
            0.9983333333333333
        ],
        "mean": 0.9883883333333333,
        "median": 0.9883333333333333
    },
    "cohen_kappa": {
        "90th": [
            0.9600013332888904,
            0.9899919935948759
        ],
        "95th": [
            0.959872886218739,
            0.9932905661078922
        ],
        "99th": [
            0.9532476206378361,
            0.9966625913190232
        ],
        "mean": 0.9767389434308121,
        "median": 0.9766635551406855
    },
    "macro avg": {
        "f1-score": {
            "90th": [
                0.9799997777753087,
                0.9949959828862615
            ],
            "95th": [
                0.9799355708887427,
                0.9966452821179909
            ],
            "99th": [
                0.9766227694225824,
                0.9983312910185417
            ],
            "mean": 0.9883691621232166,
            "median": 0.9883317451542015
        },
        "precision": {
            "90th": [
                0.9803417813171038,
                0.995
            ],
            "95th": [
                0.9798074647044371,
                0.9965876091860936
            ],
            "99th": [
                0.9766290389526225,
                0.9983607091365408
            ],
            "mean": 0.9883869033133037,
            "median": 0.9883759733036708
        },
        "recall": {
            "90th": [
                0.9805135891026285,
                0.9950263962211725
            ],
            "95th": [
                0.979881423531,
                0.9964791821102051
            ],
            "99th": [
                0.9766290389526225,
                0.9982993771833057
            ],
            "mean": 0.9883959767881083,
            "median": 0.9883979374110953
        }
    },
    "weighted avg": {
        "f1-score": {
            "90th": [
                0.9800080289040545,
                0.9950001250281313
            ],
            "95th": [
                0.9799973180131868,
                0.9966660359430871
            ],
            "99th": [
                0.9766640686104823,
                0.9983332732125683
            ],
            "mean": 0.988388403175846,
            "median": 0.9883342093195282
        },
        "precision": {
            "90th": [
                0.9803572756174542,
                0.995005950511981
            ],
            "95th": [
                0.98,
                0.9966666666666667
            ],
            "99th": [
                0.9767398989109679,
                0.9983387623929799
            ],
            "mean": 0.9884328955271581,
            "median": 0.9883843092425899
        },
        "recall": {
            "90th": [
                0.98,
                0.995
            ],