{
    "Mangrove": {
        "f1-score": 0.9815126050420168,
        "precision": 0.9733333333333334,
        "recall": 0.9898305084745763,
        "support": 295
    },
    "Other": {
        "f1-score": 0.9818181818181817,
        "precision": 0.99,
        "recall": 0.9737704918032787,
        "support": 305
    },
    "accuracy": 0.9816666666666667,
    "accuracy_conf_interval": [
        0.00898195681063698,
        0.010734533749297856,
        0.012760950834624493,
        0.014130151567953301
    ],
    "cls_confidence_intervals": {
        "Mangrove": [
            0.015254514328794837,
            0.018231004929535295,
            0.021672572186641446,
            0.023997955468469927
        ],
        "Other": [
            0.00942108274032237,
            0.011259342787214542,
            0.013384830966433614,
            0.01482097162806812
        ]
    },
    "cohen_kappa": 0.9633333333333334,
    "confusion_matrix": [
        [
            292,
            3
        ],
        [
            8,
            297
        ]
    ],
    "macro avg": {
        "f1-score": 0.9816653934300992,
        "precision": 0.9816666666666667,
        "recall": 0.9818005001389275,
        "support": 600
    },
    "producer_accuracy": [
        97.33333333333334,
        99.0
    ],
    "user_accuracy": [
        98.98305084745763,
        97.37704918032787
    ],
    "weighted avg": {
        "f1-score": 0.981667939903234,
        "precision": 0.9818055555555554,
        "recall": 0.9816666666666667,
        "support": 600
    }
}