overall accuracy,0.971
cohen kappa,0.942
""
Confidence Interval,90%,95%,98%,99%
Overall Accuracy,0.008702668923956608,0.010400750665216434,0.012364157678548107,0.013690784038907347
""
class,f1-score,precision,recall,support
Mangrove,0.9707366296670029,0.962,0.9796334012219959,491
Other,0.9712586719524281,0.98,0.962671905697446,509
""
macro avg,0.9709976508097156,0.971,0.971152653459721,1000
weighted (pixel) avg,0.9710023491902844,0.9711620000000001,0.971,1000
""
Confidence Interval,90%,95%,98%,99%
Mangrove,0.014022911081512268,0.016759088853514664,0.019922794402392432,0.0220604332867693
Other,0.010268024152679038,0.01227154106051885,0.014588107485208635,0.01615335506945849
""
Point Count Confusion Matrix
,Mangrove,Other,User Acc
Mangrove,481,10,97.9633401221996
Other,19,490,96.2671905697446
Producer,96.2,98.0
""
