{
    "Mangrove": {
        "f1-score": {
            "90th": [
                0.8075959026128267,
                0.853179190751445
            ],
            "95th": [
                0.802766076031676,
                0.8571508113267577
            ],
            "99th": [
                0.7944490421844405,
                0.8668159142832353
            ],
            "mean": 0.8307115248397372,
            "median": 0.8309859154929577
        },
        "precision": {
            "90th": [
                0.6798307598869396,
                0.7465658454913288
            ],
            "95th": [
                0.6731508101965094,
                0.752458306716325
            ],
            "99th": [
                0.6610843135706954,
                0.7674426042544752
            ],
            "mean": 0.7134619375602427,
            "median": 0.713472485768501
        },
        "producer_accuracy": {
            "90th": [
                67.98307598869397,
                74.65658454913289
            ],
            "95th": [
                67.31508101965093,
                75.2458306716325
            ],
            "99th": [
                66.10843135706955,
                76.74426042544751
            ],
            "mean": 71.34619375602426,
            "median": 71.34724857685009
        },
        "recall": {
            "90th": [
                0.9881639246396152,
                1.0
            ],
            "95th": [
                0.9858747059105968,
                1.0
            ],
            "99th": [
                0.9830978713188221,
                1.0
            ],
            "mean": 0.9945502867267744,
            "median": 0.9945054945054945
        },
        "support": {
            "90th": [
                334.0,
                384.04999999999995
            ],
            "95th": [
                330.0,
                390.0
            ],
            "99th": [
                320.0,
                400.00999999999976
            ],
            "mean": 358.3695,
            "median": 358.0
        },
        "user_accuracy": {
            "90th": [
                98.81639246396152,
                100.0
            ],
            "95th": [
                98.58747059105968,
                100.0
            ],
            "99th": [
                98.3097871318822,
                100.0
            ],
            "mean": 99.45502867267743,
            "median": 99.45054945054946
        }
    },
    "Other": {
        "f1-score": {
            "90th": [
                0.8553659735841165,
                0.8894557823129251
            ],
            "95th": [
                0.8504316632649132,
                0.8920634914478531
            ],
            "99th": [
                0.8458224890858522,
                0.8970786491633551
            ],
            "mean": 0.8728642595057832,
            "median": 0.873263888888889
        },
        "precision": {
            "90th": [
                0.9916124903453603,
                1.0
            ],
            "95th": [
                0.9898156593738415,
                1.0
            ],
            "99th": [
                0.9875517378214475,
                1.0
            ],
            "mean": 0.9960895086144788,
            "median": 0.9960629921259843
        },
        "producer_accuracy": {
            "90th": [
                99.16124903453603,
                100.0
            ],
            "95th": [
                98.98156593738416,
                100.0
            ],
            "99th": [
                98.75517378214474,
                100.0
            ],
            "mean": 99.60895086144787,
            "median": 99.60629921259843
        },
        "recall": {
            "90th": [
                0.7496061744262951,
                0.8034334863960596
            ],
            "95th": [
                0.7429851420361598,
                0.8077589942816114
            ],
            "99th": [
                0.7350281033025973,
                0.8164180993765351
            ],
            "mean": 0.7769215874105371,
            "median": 0.7772435897435898
        },
        "support": {
            "90th": [
                615.95,
                666.0
            ],
            "95th": [
                610.0,
                670.0
            ],
            "99th": [
                599.99,
                680.0
            ],
            "mean": 641.6305,
            "median": 642.0
        },
        "user_accuracy": {
            "90th": [
                74.96061744262951,
                80.34334863960596
            ],
            "95th": [
                74.29851420361598,
                80.77589942816113
            ],
            "99th": [
                73.50281033025973,
                81.6418099376535
            ],
            "mean": 77.69215874105372,
            "median": 77.72435897435898
        }
    },
    "accuracy": {
        "90th": [
            0.837,
            0.873
        ],
        "95th": [
            0.832,
            0.876
        ],
        "99th": [
            0.8239949999999999,
            0.882
        ],
        "mean": 0.8549075,
        "median": 0.855
    },
    "cohen_kappa": {
        "90th": [
            0.6743878571717045,
            0.7449846350691615
        ],
        "95th": [
            0.6667188460896792,
            0.7500988513286307
        ],
        "99th": [
            0.6513888522892561,
            0.760995685502331
        ],
        "mean": 0.709592047339305,
        "median": 0.7098833086196892
    },
    "macro avg": {
        "f1-score": {
            "90th": [
                0.8329080530898528,
                0.8704329093768448
            ],
            "95th": [
                0.8288770002123694,
                0.8731514927814256
            ],
            "99th": [
                0.8203388309371941,
                0.8789306766651835
            ],
            "mean": 0.8517878921727602,
            "median": 0.8520142780413706
        },
        "precision": {
            "90th": [
                0.8379332760004441,
                0.8715180541660265
            ],
            "95th": [
                0.8344864405787179,
                0.8746127850938767
            ],
            "99th": [
                0.8282745985603281,
                0.8822340600980276
            ],
            "mean": 0.8547757230873606,
            "median": 0.854917563842513
        },
        "recall": {
            "90th": [
                0.8718415604873304,
                0.8992442978135456
            ],
            "95th": [
                0.8682785109492295,
                0.9018129528967898
            ],
            "99th": [
                0.8643742150308775,
                0.9059828547685147
            ],
            "mean": 0.8857359370686557,
            "median": 0.8860831113730432
        }
    },
    "weighted avg": {
        "f1-score": {
            "90th": [
                0.840800066106553,
                0.8753883238498615
            ],
            "95th": [
                0.8359408801796318,
                0.8784460051374275
            ],
            "99th": [
                0.8286579219005463,
                0.8834885752951835
            ],
            "mean": 0.8578985758854745,
            "median": 0.8581154182526096
        },
        "precision": {
            "90th": [
                0.885208831535696,
                0.9045892555367427
            ],
            "95th": [
                0.8834779823956824,
                0.9065220567436548
            ],
            "99th": [
                0.8803579104883963,
                0.9096056790866526
            ],
            "mean": 0.8950181438131661,
            "median": 0.8949649078596315
        },
        "recall": {
            "90th": [
                0.837,
                0.873
            ],