{
    "Mangrove": {
        "f1-score": {
            "90th": [
                0.9658119658119659,
                0.9840446695637451
            ],
            "95th": [
                0.9631807469053079,
                0.9858064516129033
            ],
            "99th": [
                0.9594593649593649,
                0.9887649761003166
            ],
            "mean": 0.9751691996768509,
            "median": 0.9752511277328606
        },
        "precision": {
            "90th": [
                0.9368390804597702,
                0.9706604726976364
            ],
            "95th": [
                0.9324324324324325,
                0.9737624593592111
            ],
            "99th": [
                0.9257284553304362,
                0.9795401625635318
            ],
            "mean": 0.9542166462919893,
            "median": 0.9543010752688172
        },
        "producer_accuracy": {
            "90th": [
                93.68390804597702,
                97.06604726976364
            ],
            "95th": [
                93.24324324324324,
                97.37624593592112
            ],
            "99th": [
                92.57284553304363,
                97.95401625635319
            ],
            "mean": 95.42166462919894,
            "median": 95.43010752688173
        },
        "recall": {
            "90th": [
                0.9916434540389972,
                1.0
            ],
            "95th": [
                0.9912016991547352,
                1.0
            ],
            "99th": [
                0.9881651505784687,
                1.0
            ],
            "mean": 0.997126493738339,
            "median": 0.9972375690607734
        },
        "support": {
            "90th": [
                337.0,
                382.0
            ],
            "95th": [
                333.0,
                386.0
            ],
            "99th": [
                326.995,
                393.0049999999999
            ],
            "mean": 358.985,
            "median": 359.0
        },
        "user_accuracy": {
            "90th": [
                99.16434540389972,
                100.0
            ],
            "95th": [
                99.12016991547353,
                100.0
            ],
            "99th": [
                98.81651505784687,
                100.0
            ],
            "mean": 99.71264937383388,
            "median": 99.72375690607734
        }
    },
    "Other": {
        "f1-score": {
            "90th": [
                0.9671467282135661,
                0.98473476188631
            ],
            "95th": [
                0.9646732268335529,
                0.9862335646206108
            ],
            "99th": [
                0.960525944097532,
                0.989218903863432
            ],
            "mean": 0.9761840657479407,
            "median": 0.9762796504369537
        },
        "precision": {
            "90th": [
                0.9920634920634921,
                1.0
            ],
            "95th": [
                0.9916434540389972,
                1.0
            ],
            "99th": [
                0.9887638866909321,
                1.0
            ],
            "mean": 0.9972511822302392,
            "median": 0.9973474801061007
        },
        "producer_accuracy": {
            "90th": [
                99.20634920634922,
                100.0
            ],
            "95th": [
                99.16434540389972,
                100.0
            ],
            "99th": [
                98.8763886690932,
                100.0
            ],
            "mean": 99.72511822302393,
            "median": 99.73474801061008
        },
        "recall": {
            "90th": [
                0.9390831992076266,
                0.9720137301249016
            ],
            "95th": [
                0.9350633116883117,
                0.9746867327742881
            ],
            "99th": [
                0.9278605682925579,
                0.9800014778325122
            ],
            "mean": 0.9560443498490782,
            "median": 0.9562442662837541
        },
        "support": {
            "90th": [
                368.0,
                413.0
            ],
            "95th": [
                364.0,
                417.0
            ],
            "99th": [
                356.995,
                423.0049999999999
            ],
            "mean": 391.015,
            "median": 391.0
        },
        "user_accuracy": {
            "90th": [
                93.90831992076266,
                97.20137301249017
            ],
            "95th": [
                93.50633116883117,
                97.46867327742882
            ],
            "99th": [
                92.78605682925578,
                98.00014778325122
            ],
            "mean": 95.60443498490783,
            "median": 95.6244266283754
        }
    },
    "accuracy": {
        "90th": [
            0.9666666666666667,
            0.984
        ],
        "95th": [
            0.964,
            0.9853333333333333
        ],
        "99th": [
            0.96,
            0.9893333333333333
        ],
        "mean": 0.9757180000000001,
        "median": 0.976
    },
    "cohen_kappa": {
        "90th": [
            0.9333215267464289,
            0.9680025029153275
        ],
        "95th": [
            0.9280784807189733,
            0.970670483409221
        ],
        "99th": [
            0.9201061189216457,
            0.9786022043147947
        ],
        "mean": 0.9513796022895028,
        "median": 0.951959005017615
    },
    "macro avg": {
        "f1-score": {
            "90th": [
                0.9666350039806759,
                0.9839981793484058
            ],
            "95th": [
                0.9639994239907839,
                0.9853331038778194
            ],
            "99th": [
                0.9599974298788239,
                0.9892998810429252
            ],
            "mean": 0.975676632712396,
            "median": 0.9759688126373078
        },
        "precision": {
            "90th": [
                0.9668683294509095,
                0.9842876926925552
            ],
            "95th": [
                0.964471906116643,
                0.9859560397192585
            ],
            "99th": [
                0.9607215582394389,
                0.9888897996357013
            ],
            "mean": 0.9757339142611142,
            "median": 0.9758022934337016
        },
        "recall": {
            "90th": [
                0.9678009154450896,
                0.9849246231155779
            ],
            "95th": [
                0.9656465246720578,
                0.9864132112184648
            ],
            "99th": [
                0.9618415585609722,
                0.9893336499402628
            ],
            "mean": 0.9765854217937086,
            "median": 0.9766669035205413
        }
    },
    "weighted avg": {
        "f1-score": {
            "90th": [
                0.9666836944504852,
                0.9840123507605611
            ],
            "95th": [
                0.9640594543865149,
                0.9853533108725612
            ],
            "99th": [
                0.9600516644834369,
                0.9893321256344425
            ],
            "mean": 0.9757291925027093,
            "median": 0.9760017067370613
        },
        "precision": {
            "90th": [
                0.9684766011945888,
                0.9845274725274724
            ],
            "95th": [
                0.9665114660752817,
                0.9857944189375172
            ],
            "99th": [
                0.9627018449067799,
                0.9894604569034628
            ],
            "mean": 0.9767023676055127,
            "median": 0.9768605486796326
        },
        "recall": {
            "90th": [
                0.9666666666666667,
                0.984
            ],