{
    "Mangrove": {
        "f1-score": {
            "90th": [
                0.9462140271401702,
                0.967165857684399
            ],
            "95th": [
                0.94368579705606,
                0.9692319127849356
            ],
            "99th": [
                0.9403570945461253,
                0.9737616152285783
            ],
            "mean": 0.9570365810597827,
            "median": 0.9571836346336822
        },
        "precision": {
            "90th": [
                0.9738955823293173,
                0.9922330097087378
            ],
            "95th": [
                0.9719985971943887,
                0.9940239043824701
            ],
            "99th": [
                0.9682200016193457,
                0.9960785079656863
            ],
            "mean": 0.9838334189459826,
            "median": 0.984079586227654
        },
        "producer_accuracy": {
            "90th": [
                97.38955823293173,
                99.22330097087378
            ],
            "95th": [
                97.19985971943888,
                99.40239043824701
            ],
            "99th": [
                96.82200016193457,
                99.60785079656863
            ],
            "mean": 98.38334189459827,
            "median": 98.40795862276539
        },
        "recall": {
            "90th": [
                0.9142271013528499,
                0.94921875
            ],
            "95th": [
                0.9096151129943503,
                0.9531547336810495
            ],
            "99th": [
                0.9037732354996506,
                0.9592606508242346
            ],
            "mean": 0.9317343802027512,
            "median": 0.9321357285429142
        },
        "support": {
            "90th": [
                501.0,
                554.0
            ],
            "95th": [
                497.0,
                559.0
            ],
            "99th": [
                483.995,
                568.0
            ],
            "mean": 527.882,
            "median": 528.0
        },
        "user_accuracy": {
            "90th": [
                91.42271013528499,
                94.921875
            ],
            "95th": [
                90.96151129943503,
                95.31547336810495
            ],
            "99th": [
                90.37732354996506,
                95.92606508242346
            ],
            "mean": 93.17343802027511,
            "median": 93.21357285429141
        }
    },
    "Other": {
        "f1-score": {
            "90th": [
                0.9435897435897436,
                0.9651767505989547
            ],
            "95th": [
                0.9410475373442216,
                0.9674357674104124
            ],
            "99th": [
                0.9367066121714748,
                0.9716100170064111
            ],
            "mean": 0.954586248421328,
            "median": 0.9547284598684423
        },
        "precision": {
            "90th": [
                0.9098360655737705,
                0.9463220675944334
            ],
            "95th": [
                0.9056603773584906,
                0.9504950495049505
            ],
            "99th": [
                0.895702302507006,
                0.9564349526420939
            ],
            "mean": 0.9279429291877754,
            "median": 0.9282827705571157
        },
        "producer_accuracy": {
            "90th": [
                90.98360655737704,
                94.63220675944333
            ],
            "95th": [
                90.56603773584906,
                95.04950495049505
            ],
            "99th": [
                89.5702302507006,
                95.64349526420939
            ],
            "mean": 92.79429291877756,
            "median": 92.82827705571158
        },
        "recall": {
            "90th": [
                0.9725709404911642,
                0.991684854340456
            ],
            "95th": [
                0.9707097620238063,
                0.9936575052854123
            ],
            "99th": [
                0.9663150773339269,
                0.9958072589098533
            ],
            "mean": 0.9828971073622724,
            "median": 0.9831578947368421
        },
        "support": {
            "90th": [
                446.0,
                499.0
            ],
            "95th": [
                441.0,
                503.0
            ],
            "99th": [
                432.0,
                516.0049999999999
            ],
            "mean": 472.118,
            "median": 472.0
        },
        "user_accuracy": {
            "90th": [
                97.25709404911643,
                99.16848543404559
            ],
            "95th": [
                97.07097620238065,
                99.36575052854123
            ],
            "99th": [
                96.63150773339268,
                99.58072589098532
            ],
            "mean": 98.28971073622725,
            "median": 98.3157894736842
        }
    },
    "accuracy": {
        "90th": [
            0.945,
            0.966
        ],
        "95th": [
            0.943,
            0.968
        ],
        "99th": [
            0.939,
            0.9720049999999999
        ],
        "mean": 0.955888,
        "median": 0.956
    },
    "cohen_kappa": {
        "90th": [
            0.8901007995303144,
            0.9320006934585344
        ],
        "95th": [
            0.8860784461387925,
            0.9360000959942403
        ],
        "99th": [
            0.8782185677783763,
            0.9440272532492012
        ],
        "mean": 0.9116985742425336,
        "median": 0.9119781705806692
    },
    "macro avg": {
        "f1-score": {
            "90th": [
                0.9449757342988259,
                0.9659866395184922
            ],
            "95th": [
                0.9429747263879653,
                0.9679872557219945
            ],
            "99th": [
                0.9389964608095982,
                0.9719975410985783
            ],
            "mean": 0.9558114147405554,
            "median": 0.9559548978153629
        },
        "precision": {
            "90th": [
                0.9454180642081934,
                0.9660382673364344
            ],
            "95th": [
                0.9431992098313964,
                0.9680336314730053
            ],
            "99th": [
                0.9394084667395283,
                0.9721914079033827
            ],
            "mean": 0.9558881740668792,
            "median": 0.9559631167874654
        },
        "recall": {
            "90th": [
                0.9468617370460308,
                0.9671784937204504
            ],
            "95th": [
                0.9446291278588493,
                0.9691317208970409
            ],
            "99th": [
                0.9412647760183052,
                0.9735321655249288
            ],
            "mean": 0.9573157437825118,
            "median": 0.9574348474557447
        }
    },
    "weighted avg": {
        "f1-score": {
            "90th": [
                0.9450848917036588,
                0.9660314215244676
            ],
            "95th": [
                0.9430314568665662,
                0.9680253960217463
            ],
            "99th": [
                0.9391580700092462,
                0.9720518991399237
            ],
            "mean": 0.9559230599214432,
            "median": 0.9560237760030912
        },
        "precision": {
            "90th": [
                0.9473951760839959,
                0.9670169133192388
            ],
            "95th": [
                0.9454036503331824,
                0.9691195807378771
            ],
            "99th": [
                0.942220516373874,
                0.973142896985407
            ],
            "mean": 0.9575311315044196,
            "median": 0.9575589141341586
        },