{
    "Mangrove": {
        "f1-score": {
            "90th": [
                0.8711985688729874,
                0.9037580201649862
            ],
            "95th": [
                0.8681318681318682,
                0.9065598205463296
            ],
            "99th": [
                0.8605481759055864,
                0.9116415016304779
            ],
            "mean": 0.8876533887922758,
            "median": 0.8877146447019405
        },
        "precision": {
            "90th": [
                0.9857142857142858,
                0.998015873015873
            ],
            "95th": [
                0.9837067209775967,
                0.9980843827608185
            ],
            "99th": [
                0.9812026528585615,
                1.0
            ],
            "mean": 0.9921580467383326,
            "median": 0.9921722113502935
        },
        "producer_accuracy": {
            "90th": [
                98.57142857142858,
                99.8015873015873
            ],
            "95th": [
                98.37067209775967,
                99.80843827608184
            ],
            "99th": [
                98.12026528585615,
                100.0
            ],
            "mean": 99.21580467383325,
            "median": 99.21722113502935
        },
        "recall": {
            "90th": [
                0.7767288074388373,
                0.828830167788093
            ],
            "95th": [
                0.7718424681556586,
                0.8341446108272005
            ],
            "99th": [
                0.7605129810566239,
                0.8434504792332268
            ],
            "mean": 0.8032083421143252,
            "median": 0.803238919485969
        },
        "support": {
            "90th": [
                594.0,
                645.0
            ],
            "95th": [
                588.975,
                649.0
            ],
            "99th": [
                579.0,
                656.0
            ],
            "mean": 619.0985,
            "median": 619.0
        },
        "user_accuracy": {
            "90th": [
                77.67288074388374,
                82.8830167788093
            ],
            "95th": [
                77.18424681556586,
                83.41446108272005
            ],
            "99th": [
                76.0512981056624,
                84.34504792332268
            ],
            "mean": 80.32083421143253,
            "median": 80.32389194859691
        }
    },
    "Other": {
        "f1-score": {
            "90th": [
                0.8360827066313189,
                0.8776233107575997
            ],
            "95th": [
                0.8324067854319616,
                0.8812496389516754
            ],
            "99th": [
                0.8233818896782463,
                0.8876315704503287
            ],
            "mean": 0.8568993925484176,
            "median": 0.8568220051502058
        },
        "precision": {
            "90th": [
                0.7244602203640309,
                0.7875778360845402
            ],
            "95th": [
                0.7183645124716553,
                0.7941221396909068
            ],
            "99th": [
                0.7072157659064876,
                0.8019609803921569
            ],
            "mean": 0.7557450511706343,
            "median": 0.7556876999811782
        },
        "producer_accuracy": {
            "90th": [
                72.4460220364031,
                78.75778360845402
            ],
            "95th": [
                71.83645124716553,
                79.41221396909069
            ],
            "99th": [
                70.72157659064877,
                80.1960980392157
            ],
            "mean": 75.57450511706344,
            "median": 75.56876999811783
        },
        "recall": {
            "90th": [
                0.9809782608695652,
                0.9973821989528796
            ],
            "95th": [
                0.9785508374412638,
                0.9975062344139651
            ],
            "99th": [
                0.9744238582389477,
                1.0
            ],
            "mean": 0.9896830950406661,
            "median": 0.9897172236503856
        },
        "support": {
            "90th": [
                355.0,
                406.0
            ],
            "95th": [
                351.0,
                411.02499999999986
            ],
            "99th": [
                344.0,
                421.0
            ],
            "mean": 380.9015,
            "median": 381.0
        },
        "user_accuracy": {
            "90th": [
                98.09782608695652,
                99.73821989528795
            ],
            "95th": [
                97.85508374412638,
                99.75062344139651
            ],
            "99th": [
                97.44238582389478,
                100.0
            ],
            "mean": 98.96830950406662,
            "median": 98.97172236503856
        }
    },
    "accuracy": {
        "90th": [
            0.857,
            0.891
        ],
        "95th": [
            0.854,
            0.8940249999999998
        ],
        "99th": [
            0.846,
            0.901
        ],
        "mean": 0.8742335,
        "median": 0.874
    },
    "cohen_kappa": {
        "90th": [
            0.7148651525453072,
            0.7815250423038799
        ],
        "95th": [
            0.7092601640355495,
            0.788247126618209
        ],
        "99th": [
            0.6946971268426109,
            0.7997956187658668
        ],
        "mean": 0.748183494993913,
        "median": 0.7479728669530893
    },
    "macro avg": {
        "f1-score": {
            "90th": [
                0.8547707798809121,
                0.8895762607628451
            ],
            "95th": [
                0.8518824379418235,
                0.8929931454556692
            ],
            "99th": [
                0.84421197896409,
                0.8990521780211338
            ],
            "mean": 0.8722763906703467,
            "median": 0.8722603180082197
        },
        "precision": {
            "90th": [
                0.8581704205635019,
                0.8902405519122301
            ],
            "95th": [
                0.8551316051983733,
                0.8929475313051517
            ],
            "99th": [
                0.8484363990271985,
                0.8986652223455417
            ],
            "mean": 0.8739515489544833,
            "median": 0.8738430300087443
        },
        "recall": {
            "90th": [
                0.8828059159675519,
                0.9097943271225578
            ],
            "95th": [
                0.8802355349017029,
                0.9125912388857288
            ],
            "99th": [
                0.8733159216036686,
                0.9175298344059631
            ],
            "mean": 0.8964457185774957,
            "median": 0.8964942916990639
        }
    },
    "weighted avg": {
        "f1-score": {
            "90th": [
                0.8591275467484579,
                0.8924681837408129
            ],
            "95th": [
                0.8564929325127096,
                0.8959325044957795
            ],
            "99th": [
                0.8493028828080019,
                0.9021359798350425
            ],
            "mean": 0.8760575477531093,
            "median": 0.8758995231902786
        },
        "precision": {
            "90th": [
                0.8921598788165702,
                0.9126718127355055
            ],
            "95th": [
                0.889963007713879,
                0.9148945643755928
            ],
            "99th": [
                0.8851867000090813,
                0.9190251275628886
            ],
            "mean": 0.9022980146091405,
            "median": 0.902181420222963
        },