{
    "Mangrove": {
        "f1-score": {
            "90th": [
                0.9924050632911393,
                1.0
            ],
            "95th": [
                0.9917796897996151,
                1.0
            ],
            "99th": [
                0.9891844197138316,
                1.0
            ],
            "mean": 0.9974493856606265,
            "median": 0.9975429975429976
        },
        "precision": {
            "90th": [
                1.0,
                1.0
            ],
            "95th": [
                1.0,
                1.0
            ],
            "99th": [
                1.0,
                1.0
            ],
            "mean": 1.0,
            "median": 1.0
        },
        "producer_accuracy": {
            "90th": [
                100.0,
                100.0
            ],
            "95th": [
                100.0,
                100.0
            ],
            "99th": [
                100.0,
                100.0
            ],
            "mean": 100.0,
            "median": 100.0
        },
        "recall": {
            "90th": [
                0.9849246231155779,
                1.0
            ],
            "95th": [
                0.9836934248039915,
                1.0
            ],
            "99th": [
                0.9786002984703396,
                1.0
            ],
            "mean": 0.9949247844744307,
            "median": 0.9950980392156863
        },
        "support": {
            "90th": [
                185.0,
                218.0
            ],
            "95th": [
                182.0,
                221.0
            ],
            "99th": [
                175.995,
                227.0
            ],
            "mean": 201.3055,
            "median": 201.0
        },
        "user_accuracy": {
            "90th": [
                98.49246231155779,
                100.0
            ],
            "95th": [
                98.36934248039915,
                100.0
            ],
            "99th": [
                97.86002984703396,
                100.0
            ],
            "mean": 99.49247844744306,
            "median": 99.50980392156863
        }
    },
    "Other": {
        "f1-score": {
            "90th": [
                0.9924793091039942,
                1.0
            ],
            "95th": [
                0.9917355371900827,
                1.0
            ],
            "99th": [
                0.9885686193902021,
                1.0
            ],
            "mean": 0.9974331167508662,
            "median": 0.9975308641975309
        },
        "precision": {
            "90th": [
                0.985070895522388,
                1.0
            ],
            "95th": [
                0.9836065573770492,
                1.0
            ],
            "99th": [
                0.977395640881463,
                1.0
            ],
            "mean": 0.9948926421092082,
            "median": 0.9950738916256158
        },
        "producer_accuracy": {
            "90th": [
                98.50708955223881,
                100.0
            ],
            "95th": [
                98.36065573770492,
                100.0
            ],
            "99th": [
                97.73956408814631,
                100.0
            ],
            "mean": 99.48926421092081,
            "median": 99.50738916256158
        },
        "recall": {
            "90th": [
                1.0,
                1.0
            ],
            "95th": [
                1.0,
                1.0
            ],
            "99th": [
                1.0,
                1.0
            ],
            "mean": 1.0,
            "median": 1.0
        },
        "support": {
            "90th": [
                182.0,
                215.0
            ],
            "95th": [
                179.0,
                218.0
            ],
            "99th": [
                173.0,
                224.00499999999988
            ],
            "mean": 198.6945,
            "median": 199.0
        },
        "user_accuracy": {
            "90th": [
                100.0,
                100.0
            ],
            "95th": [
                100.0,
                100.0
            ],
            "99th": [
                100.0,
                100.0
            ],
            "mean": 100.0,
            "median": 100.0
        }
    },
    "accuracy": {
        "90th": [
            0.9925,
            1.0
        ],
        "95th": [
            0.9925,
            1.0
        ],
        "99th": [
            0.9899875,
            1.0
        ],
        "mean": 0.9974475,
        "median": 0.9975
    },
    "cohen_kappa": {
        "90th": [
            0.9849737039819685,
            1.0
        ],
        "95th": [
            0.9848415946642414,
            1.0
        ],
        "99th": [
            0.9796611991986977,
            1.0
        ],
        "mean": 0.9948826710514425,
        "median": 0.9949974987493747
    },
    "macro avg": {
        "f1-score": {
            "90th": [
                0.9924864286116799,
                1.0
            ],
            "95th": [
                0.9924203664752811,
                1.0
            ],
            "99th": [
                0.9898295631014361,
                1.0
            ],
            "mean": 0.9974412512057464,
            "median": 0.9974987337339529
        },
        "precision": {
            "90th": [
                0.992535447761194,
                1.0
            ],
            "95th": [
                0.9918032786885246,
                1.0
            ],
            "99th": [
                0.9886978204407315,
                1.0
            ],
            "mean": 0.9974463210546042,
            "median": 0.9975369458128078
        },
        "recall": {
            "90th": [
                0.992462311557789,
                1.0
            ],
            "95th": [
                0.9918467124019957,
                1.0
            ],
            "99th": [
                0.9893001492351697,
                1.0
            ],
            "mean": 0.9974623922372152,
            "median": 0.9975490196078431
        }
    },
    "weighted avg": {
        "f1-score": {
            "90th": [
                0.9924992967651195,
                1.0
            ],
            "95th": [
                0.9924950329466673,
                1.0
            ],
            "99th": [
                0.9899800443055916,
                1.0
            ],
            "mean": 0.9974475495111017,
            "median": 0.9975001094085064
        },
        "precision": {
            "90th": [
                0.9926102941176471,
                1.0
            ],
            "95th": [
                0.9926027280510584,
                1.0
            ],
            "99th": [
                0.9901725548750909,
                1.0
            ],
            "mean": 0.9974736809276299,
            "median": 0.99751269035533
        },
        "recall": {
            "90th": [
                0.9925,
                1.0
            ],
            "95th": [
                0.9925,
                1.0
            ],
            "99th": [
                0.9899875,
                1.0
            ],
            "mean": 0.9974475,
            "median": 0.9975
        }
    }
}