{
    "Mangrove": {
        "f1-score": 0.7663934426229508,
        "precision": 0.6233333333333333,
        "recall": 0.9946808510638298,
        "support": 188
    },
    "Other": {
        "f1-score": 0.8398876404494381,
        "precision": 0.9966666666666667,
        "recall": 0.7257281553398058,
        "support": 412
    },
    "accuracy": 0.81,
    "accuracy_conf_interval": [
        0.02626561249999702,
        0.03139061006097205,
        0.03731638849084943,
        0.04132029283536117
    ],
    "cls_confidence_intervals": {
        "Mangrove": [
            0.04587985017250875,
            0.054832016059827536,
            0.06518295786703988,
            0.07217683746650767
        ],
        "Other": [
            0.005457547950282189,
            0.0065224353552153,
            0.007753711417169209,
            0.008585654702273201
        ]
    },
    "cohen_kappa": 0.62,
    "confusion_matrix": [
        [
            187,
            1
        ],
        [
            113,
            299
        ]
    ],
    "macro avg": {
        "f1-score": 0.8031405415361945,
        "precision": 0.81,
        "recall": 0.8602045032018177,
        "support": 600
    },
    "producer_accuracy": [
        62.33333333333333,
        99.66666666666667
    ],
    "user_accuracy": [
        99.46808510638297,
        72.57281553398059
    ],
    "weighted avg": {
        "f1-score": 0.8168594584638054,
        "precision": 0.8796888888888887,
        "recall": 0.81,
        "support": 600
    }
}