{
    "Mangrove": {
        "f1-score": {
            "90th": [
                0.9475977955379785,
                0.9760378963449036
            ],
            "95th": [
                0.9434720903740269,
                0.978561652357845
            ],
            "99th": [
                0.9369737104327898,
                0.9827925226801189
            ],
            "mean": 0.9625204087572681,
            "median": 0.9631147540983607
        },
        "precision": {
            "90th": [
                0.9004141111900944,
                0.9531972845434226
            ],
            "95th": [
                0.8929930619324559,
                0.9580232188295165
            ],
            "99th": [
                0.8814210147376464,
                0.966167222449429
            ],
            "mean": 0.9278860243998026,
            "median": 0.9288537549407114
        },
        "producer_accuracy": {
            "90th": [
                90.04141111900945,
                95.31972845434225
            ],
            "95th": [
                89.2993061932456,
                95.80232188295165
            ],
            "99th": [
                88.14210147376464,
                96.61672224494289
            ],
            "mean": 92.78860243998027,
            "median": 92.88537549407114
        },
        "recall": {
            "90th": [
                1.0,
                1.0
            ],
            "95th": [
                1.0,
                1.0
            ],
            "99th": [
                1.0,
                1.0
            ],
            "mean": 1.0,
            "median": 1.0
        },
        "support": {
            "90th": [
                214.0,
                251.0
            ],
            "95th": [
                211.0,
                254.0
            ],
            "99th": [
                203.995,
                262.0049999999999
            ],
            "mean": 232.2185,
            "median": 232.0
        },
        "user_accuracy": {
            "90th": [
                100.0,
                100.0
            ],
            "95th": [
                100.0,
                100.0
            ],
            "99th": [
                100.0,
                100.0
            ],
            "mean": 100.0,
            "median": 100.0
        }
    },
    "Other": {
        "f1-score": {
            "90th": [
                0.9510204081632654,
                0.9776951672862453
            ],
            "95th": [
                0.9475677056719468,
                0.980109754872413
            ],
            "99th": [
                0.9420827668714993,
                0.9840643749114214
            ],
            "mean": 0.9650514073822491,
            "median": 0.9656419529837251
        },
        "precision": {
            "90th": [
                1.0,
                1.0
            ],
            "95th": [
                1.0,
                1.0
            ],
            "99th": [
                1.0,
                1.0
            ],
            "mean": 1.0,
            "median": 1.0
        },
        "producer_accuracy": {
            "90th": [
                100.0,
                100.0
            ],
            "95th": [
                100.0,
                100.0
            ],
            "99th": [
                100.0,
                100.0
            ],
            "mean": 100.0,
            "median": 100.0
        },
        "recall": {
            "90th": [
                0.9066147859922179,
                0.9563636363636364
            ],
            "95th": [
                0.900359778597786,
                0.9609953224604686
            ],
            "99th": [
                0.8905070633621048,
                0.9686286717021438
            ],
            "mean": 0.9325841232939982,
            "median": 0.9335664335664335
        },
        "support": {
            "90th": [
                249.0,
                286.0
            ],
            "95th": [
                246.0,
                289.0
            ],
            "99th": [
                237.995,
                296.0049999999999
            ],
            "mean": 267.7815,
            "median": 268.0
        },
        "user_accuracy": {
            "90th": [
                90.6614785992218,
                95.63636363636364
            ],
            "95th": [
                90.0359778597786,
                96.09953224604685
            ],
            "99th": [
                89.0507063362105,
                96.86286717021439
            ],
            "mean": 93.25841232939985,
            "median": 93.35664335664336
        }
    },
    "accuracy": {
        "90th": [
            0.95,
            0.976
        ],
        "95th": [
            0.946,
            0.98
        ],
        "99th": [
            0.94,
            0.984
        ],
        "mean": 0.9639,
        "median": 0.964
    },
    "cohen_kappa": {
        "90th": [
            0.9001311859219154,
            0.9520268649556248
        ],
        "95th": [
            0.892124272837691,
            0.9595840951768523
        ],
        "99th": [
            0.880055078157897,
            0.9678227308021814
        ],
        "mean": 0.9276816385253057,
        "median": 0.9280518027020546
    },
    "macro avg": {
        "f1-score": {
            "90th": [
                0.94994060865759,
                0.9759996159938559
            ],
            "95th": [
                0.9459045756714844,
                0.9797838770543004
            ],
            "99th": [
                0.9398109579797247,
                0.9839072228280067
            ],
            "mean": 0.9637859080697587,
            "median": 0.9639792520491803
        },
        "precision": {
            "90th": [
                0.9502070555950471,
                0.9765986422717112
            ],
            "95th": [
                0.946496530966228,
                0.9790116094147582
            ],
            "99th": [
                0.9407105073688232,
                0.9830836112247144
            ],
            "mean": 0.9639430121999013,
            "median": 0.9644268774703557
        },
        "recall": {
            "90th": [
                0.9533073929961089,
                0.9781818181818183
            ],
            "95th": [
                0.950179889298893,
                0.9804976612302343
            ],
            "99th": [
                0.9452535316810524,
                0.984314335851072
            ],
            "mean": 0.9662920616469992,
            "median": 0.9667832167832168
        }
    },
    "weighted avg": {
        "f1-score": {
            "90th": [
                0.9500450145847256,
                0.9760558103481686
            ],
            "95th": [
                0.9461927080276364,
                0.9799827667131578
            ],
            "99th": [
                0.9401729818962574,
                0.9840010342585145
            ],
            "mean": 0.9639479087732692,
            "median": 0.9640675747220484
        },
        "precision": {
            "90th": [
                0.9548449612403102,
                0.9772413793103449
            ],
            "95th": [
                0.9519016487000634,
                0.9807526139567668
            ],
            "99th": [
                0.9471142076333993,
                0.984505949010283
            ],
            "mean": 0.9666354686738792,
            "median": 0.9666341463414635
        },
        "recall": {
            "90th": [
                0.95,
                0.976
            ],
            "95th": [
                0.946,
                0.98
            ],
            "99th": [
                0.94,
                0.984
            ],
            "mean": 0.9639,
            "median": 0.964
        }
    }
}