{
    "Mangrove": {
        "f1-score": 0.9940119760479043,
        "precision": 0.996,
        "recall": 0.9920318725099602,
        "support": 502
    },
    "Other": {
        "f1-score": 0.9939879759519038,
        "precision": 0.992,
        "recall": 0.9959839357429718,
        "support": 498
    },
    "accuracy": 0.994,
    "accuracy_conf_interval": [
        0.004005093556959689,
        0.00478657522661036,
        0.005690163407143949,
        0.006300695961558535
    ],
    "cls_confidence_intervals": {
        "Mangrove": [
            0.0046293339477726176,
            0.005532618620508739,
            0.0065770415233598785,
            0.007282732673934972
        ],
        "Other": [
            0.006533707309024488,
            0.0078085770278585355,
            0.009282645140260401,
            0.010278637108099502
        ]
    },
    "cohen_kappa": 0.988,
    "confusion_matrix": [
        [
            498,
            4
        ],
        [
            2,
            496
        ]
    ],
    "macro avg": {
        "f1-score": 0.9939999759999041,
        "precision": 0.994,
        "recall": 0.994007904126466,
        "support": 1000
    },
    "producer_accuracy": [
        99.6,
        99.2
    ],
    "user_accuracy": [
        99.20318725099602,
        99.59839357429718
    ],
    "weighted avg": {
        "f1-score": 0.9940000240000961,
        "precision": 0.994008,
        "recall": 0.994,
        "support": 1000
    }
}