{
    "Mangrove": {
        "f1-score": {
            "90th": [
                0.9437797778238112,
                0.9710610932475885
            ],
            "95th": [
                0.9401986256637419,
                0.9730662327977765
            ],
            "99th": [
                0.9328585941443716,
                0.977548265922496
            ],
            "mean": 0.957851887993508,
            "median": 0.9581239530988274
        },
        "precision": {
            "90th": [
                0.9181464297426306,
                0.9621478205253288
            ],
            "95th": [
                0.9122807017543859,
                0.9663629086878887
            ],
            "99th": [
                0.9013108716558839,
                0.9736846419327007
            ],
            "mean": 0.9405181324538895,
            "median": 0.9407894736842105
        },
        "producer_accuracy": {
            "90th": [
                91.81464297426305,
                96.21478205253287
            ],
            "95th": [
                91.22807017543859,
                96.63629086878886
            ],
            "99th": [
                90.1310871655884,
                97.36846419327006
            ],
            "mean": 94.05181324538894,
            "median": 94.07894736842105
        },
        "recall": {
            "90th": [
                0.960519801980198,
                0.9897260273972602
            ],
            "95th": [
                0.9572368421052632,
                0.9928584093211753
            ],
            "99th": [
                0.94963956107841,
                0.9963506919917327
            ],
            "mean": 0.975977500560358,
            "median": 0.9764309764309764
        },
        "support": {
            "90th": [
                269.0,
                309.0
            ],
            "95th": [
                266.0,
                312.02499999999986
            ],
            "99th": [
                260.0,
                319.0
            ],
            "mean": 288.7555,
            "median": 289.0
        },
        "user_accuracy": {
            "90th": [
                96.0519801980198,
                98.97260273972603
            ],
            "95th": [
                95.72368421052632,
                99.28584093211754
            ],
            "99th": [
                94.96395610784099,
                99.63506919917327
            ],
            "mean": 97.59775005603582,
            "median": 97.64309764309765
        }
    },
    "Other": {
        "f1-score": {
            "90th": [
                0.9455752423992445,
                0.972308224647325
            ],
            "95th": [
                0.9424460431654677,
                0.9742785885068843
            ],
            "99th": [
                0.9363155954684765,
                0.9779882405792506
            ],
            "mean": 0.9594507146145729,
            "median": 0.9598633023399699
        },
        "precision": {
            "90th": [
                0.9616724738675958,
                0.9900662251655629
            ],
            "95th": [
                0.9586135057471264,
                0.9931740614334471
            ],
            "99th": [
                0.95138804200542,
                0.9965398520462951
            ],
            "mean": 0.9768998485613918,
            "median": 0.9771986970684039
        },
        "producer_accuracy": {
            "90th": [
                96.16724738675958,
                99.00662251655629
            ],
            "95th": [
                95.86135057471265,
                99.31740614334471
            ],
            "99th": [
                95.138804200542,
                99.6539852046295
            ],
            "mean": 97.68998485613919,
            "median": 97.71986970684038
        },
        "recall": {
            "90th": [
                0.9203495722223856,
                0.9632107023411371
            ],
            "95th": [
                0.9150257152041144,
                0.9670008866558297
            ],
            "99th": [
                0.9059540195848181,
                0.9737713461846531
            ],
            "mean": 0.9427355654787362,
            "median": 0.9429530201342282
        },
        "support": {
            "90th": [
                291.0,
                331.0
            ],
            "95th": [
                287.975,
                334.0
            ],
            "99th": [
                281.0,
                340.0
            ],
            "mean": 311.2445,
            "median": 311.0
        },
        "user_accuracy": {
            "90th": [
                92.03495722223855,
                96.32107023411372
            ],
            "95th": [
                91.50257152041145,
                96.70008866558298
            ],
            "99th": [
                90.59540195848182,
                97.37713461846532
            ],
            "mean": 94.27355654787362,
            "median": 94.29530201342283
        }
    },
    "accuracy": {
        "90th": [
            0.945,
            0.9716666666666667
        ],
        "95th": [
            0.9416666666666667,
            0.9733333333333334
        ],
        "99th": [
            0.935,
            0.9766749999999998
        ],
        "mean": 0.9587283333333333,
        "median": 0.9583333333333334
    },
    "cohen_kappa": {
        "90th": [
            0.8900433717166945,
            0.9432955303535691
        ],
        "95th": [
            0.8833326201960479,
            0.946660176987558
        ],
        "99th": [
            0.8700196120325758,
            0.9533439143211861
        ],
        "mean": 0.9173376671646207,
        "median": 0.9167046123329918
    },
    "macro avg": {
        "f1-score": {
            "90th": [
                0.9449985027318578,
                0.9716385099556754
            ],
            "95th": [
                0.9416188259045111,
                0.9733260424310469
            ],
            "99th": [
                0.9349951821387228,
                0.9766716914886321
            ],
            "mean": 0.9586513013040403,
            "median": 0.9583322916406243
        },
        "precision": {
            "90th": [
                0.9454365378194769,
                0.9715569056489063
            ],
            "95th": [
                0.9418327330616802,
                0.9733543935103287
            ],
            "99th": [
                0.935095289200035,
                0.9774419131431984
            ],
            "mean": 0.9587089905076406,
            "median": 0.9588557003416766
        },
        "recall": {
            "90th": [
                0.9461545288306396,
                0.9720038086249924
            ],
            "95th": [
                0.9426276715853497,
                0.9739383107866164
            ],
            "99th": [
                0.9369259408384983,
                0.9773546493745642
            ],
            "mean": 0.9593565330195472,
            "median": 0.9595990515718652
        }
    },
    "weighted avg": {
        "f1-score": {
            "90th": [
                0.945096326399512,
                0.9716705410278041
            ],
            "95th": [
                0.941685361964794,
                0.9733481952902158
            ],
            "99th": [
                0.9351178562774517,
                0.9767072100838151
            ],
            "mean": 0.9587433171854278,
            "median": 0.9583789633860595
        },
        "precision": {
            "90th": [
                0.9468405572183202,
                0.971952300321703
            ],
            "95th": [
                0.9431738776345026,
                0.9738832091586735
            ],
            "99th": [
                0.9374881017991584,
                0.9770885063327732
            ],
            "mean": 0.9595176934273955,