{
    "Mangrove": {
        "f1-score": 0.9658703071672354,
        "precision": 0.9433333333333334,
        "recall": 0.9895104895104895,
        "support": 286
    },
    "Other": {
        "f1-score": 0.9674267100977199,
        "precision": 0.99,
        "recall": 0.945859872611465,
        "support": 314
    },
    "accuracy": 0.9666666666666667,
    "accuracy_conf_interval": [
        0.012018380984204213,
        0.014363430932341622,
        0.0170748949348755,
        0.018906965206857848
    ],
    "cls_confidence_intervals": {
        "Mangrove": [
            0.021891707883901452,
            0.02616326064173588,
            0.031102243517981944,
            0.03443939411004009
        ],
        "Other": [
            0.00942108274032237,
            0.011259342787214542,
            0.013384830966433614,
            0.01482097162806812
        ]
    },
    "cohen_kappa": 0.9333333333333333,
    "confusion_matrix": [
        [
            283,
            3
        ],
        [
            17,
            297
        ]
    ],
    "macro avg": {
        "f1-score": 0.9666485086324776,
        "precision": 0.9666666666666667,
        "recall": 0.9676851810609772,
        "support": 600
    },
    "producer_accuracy": [
        94.33333333333334,
        99.0
    ],
    "user_accuracy": [
        98.95104895104895,
        94.5859872611465
    ],
    "weighted avg": {
        "f1-score": 0.9666848247008556,
        "precision": 0.9677555555555557,
        "recall": 0.9666666666666667,
        "support": 600
    }
}