{
    "Mangrove": {
        "f1-score": {
            "90th": [
                0.9925925925925926,
                1.0
            ],
            "95th": [
                0.991869918699187,
                1.0
            ],
            "99th": [
                0.9891888954171564,
                1.0
            ],
            "mean": 0.9975462920013777,
            "median": 0.9975550122249389
        },
        "precision": {
            "90th": [
                1.0,
                1.0
            ],
            "95th": [
                1.0,
                1.0
            ],
            "99th": [
                1.0,
                1.0
            ],
            "mean": 1.0,
            "median": 1.0
        },
        "producer_accuracy": {
            "90th": [
                100.0,
                100.0
            ],
            "95th": [
                100.0,
                100.0
            ],
            "99th": [
                100.0,
                100.0
            ],
            "mean": 100.0,
            "median": 100.0
        },
        "recall": {
            "90th": [
                0.9852941176470589,
                1.0
            ],
            "95th": [
                0.9838709677419355,
                1.0
            ],
            "99th": [
                0.9786090506583865,
                1.0
            ],
            "mean": 0.9951165288600352,
            "median": 0.9951219512195122
        },
        "support": {
            "90th": [
                185.0,
                218.0
            ],
            "95th": [
                182.0,
                221.0
            ],
            "99th": [
                178.0,
                228.00499999999988
            ],
            "mean": 201.131,
            "median": 201.0
        },
        "user_accuracy": {
            "90th": [
                98.52941176470588,
                100.0
            ],
            "95th": [
                98.38709677419355,
                100.0
            ],
            "99th": [
                97.86090506583865,
                100.0
            ],
            "mean": 99.51165288600352,
            "median": 99.51219512195122
        }
    },
    "Other": {
        "f1-score": {
            "90th": [
                0.9925907545262384,
                1.0
            ],
            "95th": [
                0.9920424403183024,
                1.0
            ],
            "99th": [
                0.9892470212147632,
                1.0
            ],
            "mean": 0.9975278225290252,
            "median": 0.9975308641975309
        },
        "precision": {
            "90th": [
                0.9852904955085483,
                1.0
            ],
            "95th": [
                0.9842105263157894,
                1.0
            ],
            "99th": [
                0.9787228353623848,
                1.0
            ],
            "mean": 0.9950799431816402,
            "median": 0.9950738916256158
        },
        "producer_accuracy": {
            "90th": [
                98.52904955085482,
                100.0
            ],
            "95th": [
                98.42105263157895,
                100.0
            ],
            "99th": [
                97.87228353623848,
                100.0
            ],
            "mean": 99.50799431816401,
            "median": 99.50738916256158
        },
        "recall": {
            "90th": [
                1.0,
                1.0
            ],
            "95th": [
                1.0,
                1.0
            ],
            "99th": [
                1.0,
                1.0
            ],
            "mean": 1.0,
            "median": 1.0
        },
        "support": {
            "90th": [
                182.0,
                215.0
            ],
            "95th": [
                179.0,
                218.0
            ],
            "99th": [
                171.995,
                222.0
            ],
            "mean": 198.869,
            "median": 199.0
        },
        "user_accuracy": {
            "90th": [
                100.0,
                100.0
            ],
            "95th": [
                100.0,
                100.0
            ],
            "99th": [
                100.0,
                100.0
            ],
            "mean": 100.0,
            "median": 100.0
        }
    },
    "accuracy": {
        "90th": [
            0.9925,
            1.0
        ],
        "95th": [
            0.9925,
            1.0
        ],
        "99th": [
            0.99,
            1.0
        ],
        "mean": 0.9975437500000001,
        "median": 0.9975
    },
    "cohen_kappa": {
        "90th": [
            0.984984984984985,
            1.0
        ],
        "95th": [
            0.9848980619179462,
            1.0
        ],
        "99th": [
            0.9798387096774194,
            1.0
        ],
        "mean": 0.9950742629674175,
        "median": 0.9949974987493747
    },
    "macro avg": {
        "f1-score": {
            "90th": [
                0.9924920697486721,
                1.0
            ],
            "95th": [
                0.9924486033062532,
                1.0
            ],
            "99th": [
                0.9899183385421917,
                1.0
            ],
            "mean": 0.9975370572652013,
            "median": 0.9974987337339529
        },
        "precision": {
            "90th": [
                0.9926452477542742,
                1.0
            ],
            "95th": [
                0.9921052631578947,
                1.0
            ],
            "99th": [
                0.9893614176811923,
                1.0
            ],
            "mean": 0.99753997159082,
            "median": 0.9975369458128078
        },
        "recall": {
            "90th": [
                0.9926470588235294,
                1.0
            ],
            "95th": [
                0.9919354838709677,
                1.0
            ],
            "99th": [
                0.9893045253291932,
                1.0
            ],
            "mean": 0.9975582644300176,
            "median": 0.9975609756097561
        }
    },
    "weighted avg": {
        "f1-score": {
            "90th": [
                0.9925007032348805,
                1.0
            ],
            "95th": [
                0.9924956142832889,
                1.0
            ],
            "99th": [
                0.9899924550283348,
                1.0
            ],
            "mean": 0.9975437941698655,
            "median": 0.9975001406962275
        },
        "precision": {
            "90th": [
                0.9926130653266333,
                1.0
            ],
            "95th": [
                0.9926036866359448,
                1.0
            ],
            "99th": [
                0.9901843275694414,
                1.0
            ],
            "mean": 0.99756782511097,
            "median": 0.9975127551020408
        },
        "recall": {
            "90th": [
                0.9925,
                1.0
            ],
            "95th": [
                0.9925,
                1.0
            ],
            "99th": [
                0.99,
                1.0
            ],
            "mean": 0.9975437500000001,
            "median": 0.9975
        }
    }
}