{
    "Mangrove": {
        "f1-score": {
            "90th": [
                0.8075523136729258,
                0.85349272760869
            ],
            "95th": [
                0.8024514615662216,
                0.856802117686937
            ],
            "99th": [
                0.7919121021277613,
                0.8631356132490559
            ],
            "mean": 0.8309424070559235,
            "median": 0.8315151515151515
        },
        "precision": {
            "90th": [
                0.68080382134599,
                0.7474161573664928
            ],
            "95th": [
                0.6735820177127454,
                0.7524757415861346
            ],
            "99th": [
                0.6607056933652122,
                0.7613268561131806
            ],
            "mean": 0.7138865606770612,
            "median": 0.7144207399405887
        },
        "producer_accuracy": {
            "90th": [
                68.080382134599,
                74.74161573664928
            ],
            "95th": [
                67.35820177127454,
                75.24757415861346
            ],
            "99th": [
                66.07056933652122,
                76.13268561131807
            ],
            "mean": 71.38865606770612,
            "median": 71.44207399405887
        },
        "recall": {
            "90th": [
                0.9878732276897415,
                1.0
            ],
            "95th": [
                0.9858346880633531,
                1.0
            ],
            "99th": [
                0.9807681623931623,
                1.0
            ],
            "mean": 0.9943843280544886,
            "median": 0.99451302122535
        },
        "support": {
            "90th": [
                333.0,
                384.04999999999995
            ],
            "95th": [
                329.0,
                389.0
            ],
            "99th": [
                318.0,
                398.0
            ],
            "mean": 358.802,
            "median": 359.0
        },
        "user_accuracy": {
            "90th": [
                98.78732276897415,
                100.0
            ],
            "95th": [
                98.5834688063353,
                100.0
            ],
            "99th": [
                98.07681623931623,
                100.0
            ],
            "mean": 99.43843280544885,
            "median": 99.451302122535
        }
    },
    "Other": {
        "f1-score": {
            "90th": [
                0.8555743966523938,
                0.8898678414096917
            ],
            "95th": [
                0.8519813952892411,
                0.8920872548536514
            ],
            "99th": [
                0.8420062939651981,
                0.8971964959126789
            ],
            "mean": 0.8728666194585117,
            "median": 0.8731408573928259
        },
        "precision": {
            "90th": [
                0.9914703041568713,
                1.0
            ],
            "95th": [
                0.9898574968254753,
                1.0
            ],
            "99th": [
                0.9860554980079681,
                1.0
            ],
            "mean": 0.9959769758380947,
            "median": 0.9960629921259843
        },
        "producer_accuracy": {
            "90th": [
                99.14703041568714,
                100.0
            ],
            "95th": [
                98.98574968254754,
                100.0
            ],
            "99th": [
                98.60554980079682,
                100.0
            ],
            "mean": 99.59769758380946,
            "median": 99.60629921259843
        },
        "recall": {
            "90th": [
                0.7492394158111173,
                0.8035755055446836
            ],
            "95th": [
                0.7442554934292532,
                0.807577142650672
            ],
            "99th": [
                0.7307638221153846,
                0.8172211283941149
            ],
            "mean": 0.7769965750718122,
            "median": 0.7771721030463317
        },
        "support": {
            "90th": [
                615.95,
                667.0
            ],
            "95th": [
                611.0,
                671.0
            ],
            "99th": [
                602.0,
                682.0
            ],
            "mean": 641.198,
            "median": 641.0
        },
        "user_accuracy": {
            "90th": [
                74.92394158111172,
                80.35755055446836
            ],
            "95th": [
                74.42554934292532,
                80.75771426506721
            ],
            "99th": [
                73.07638221153844,
                81.7221128394115
            ],
            "mean": 77.69965750718123,
            "median": 77.71721030463317
        }
    },
    "accuracy": {
        "90th": [
            0.837,
            0.873
        ],
        "95th": [
            0.833,
            0.876
        ],
        "99th": [
            0.824,
            0.8810049999999999
        ],
        "mean": 0.8549964999999999,
        "median": 0.855
    },
    "cohen_kappa": {
        "90th": [
            0.6747290591520521,
            0.7447884254791289
        ],
        "95th": [
            0.6670517834032844,
            0.7495020587360555
        ],
        "99th": [
            0.6506966708482441,
            0.7607586740561851
        ],
        "mean": 0.7098025106966772,
        "median": 0.7100121626096806
    },
    "macro avg": {
        "f1-score": {
            "90th": [
                0.8332880782526991,
                0.8704275971173783
            ],
            "95th": [
                0.8291013275692493,
                0.8728846738576654
            ],
            "99th": [
                0.8201273077256368,
                0.8786376755082171
            ],
            "mean": 0.8519045132572177,
            "median": 0.8520142780413706
        },
        "precision": {
            "90th": [
                0.8378614843460774,
                0.871657866108466
            ],
            "95th": [
                0.834590478557151,
                0.8742435969743878
            ],
            "99th": [
                0.8273078262225585,
                0.8795265003075001
            ],
            "mean": 0.8549317682575779,
            "median": 0.8552032896625066
        },
        "recall": {
            "90th": [
                0.8716551205108474,
                0.8994152248296975
            ],
            "95th": [
                0.8688252189810398,
                0.9014140055666541
            ],
            "99th": [
                0.8606745059067913,
                0.9051311845301885
            ],
            "mean": 0.8856904515631504,
            "median": 0.8858299643473273
        }
    },
    "weighted avg": {
        "f1-score": {
            "90th": [
                0.8403496926252068,
                0.8754111758253088
            ],
            "95th": [
                0.8361682697495945,
                0.8779369900582557
            ],
            "99th": [
                0.8277137604145308,
                0.8838541980610002
            ],
            "mean": 0.8579660767825444,
            "median": 0.8580548802794512
        },
        "precision": {
            "90th": [
                0.8854713471262499,
                0.9045289962492179
            ],
            "95th": [
                0.8832807721016867,
                0.9059396930369557
            ],
            "99th": [
                0.8783862823417673,
                0.9086385798674272
            ],
            "mean": 0.8949726020287748,
            "median": 0.8951124394693961
        },
        "recall": {
            "90th": [
                0.837,
                0.873
            ],