{
    "Mangrove": {
        "f1-score": 0.8311990686845168,
        "precision": 0.714,
        "recall": 0.9944289693593314,
        "support": 359
    },
    "Other": {
        "f1-score": 0.8729184925503943,
        "precision": 0.996,
        "recall": 0.7769110764430577,
        "support": 641
    },
    "accuracy": 0.855,
    "accuracy_conf_interval": [
        0.018260426062937304,
        0.02182343602643727,
        0.025943166296734103,
        0.028726767830718446
    ],
    "cls_confidence_intervals": {
        "Mangrove": [
            0.03314293524719861,
            0.039609849441773946,
            0.04708721897925169,
            0.052139495693763666
        ],
        "Other": [
            0.0046293339477726176,
            0.005532618620508739,
            0.0065770415233598785,
            0.007282732673934972
        ]
    },
    "cohen_kappa": 0.71,
    "confusion_matrix": [
        [
            357,
            2
        ],
        [
            143,
            498
        ]
    ],
    "macro avg": {
        "f1-score": 0.8520587806174555,
        "precision": 0.855,
        "recall": 0.8856700229011946,
        "support": 1000
    },
    "producer_accuracy": [
        71.39999999999999,
        99.6
    ],
    "user_accuracy": [
        99.44289693593315,
        77.69110764430577
    ],
    "weighted avg": {
        "f1-score": 0.8579412193825443,
        "precision": 0.894762,
        "recall": 0.855,
        "support": 1000
    }
}