{
    "Mangrove": {
        "f1-score": {
            "90th": [
                0.94230619224769,
                0.9697986398753663
            ],
            "95th": [
                0.9397983237297014,
                0.9721017758134639
            ],
            "99th": [
                0.934374177631579,
                0.9760784328453502
            ],
            "mean": 0.9565983633672609,
            "median": 0.9568106312292359
        },
        "precision": {
            "90th": [
                0.9853906461205731,
                1.0
            ],
            "95th": [
                0.9829917461865292,
                1.0
            ],
            "99th": [
                0.9788732394366197,
                1.0
            ],
            "mean": 0.9932673185401392,
            "median": 0.9933993399339934
        },
        "producer_accuracy": {
            "90th": [
                98.53906461205732,
                100.0
            ],
            "95th": [
                98.29917461865293,
                100.0
            ],
            "99th": [
                97.88732394366197,
                100.0
            ],
            "mean": 99.32673185401393,
            "median": 99.33993399339934
        },
        "recall": {
            "90th": [
                0.8977511757585379,
                0.9461369850631596
            ],
            "95th": [
                0.8925373134328358,
                0.950920245398773
            ],
            "99th": [
                0.8821742883413709,
                0.9583382768361581
            ],
            "mean": 0.9226636891136308,
            "median": 0.9226006191950464
        },
        "support": {
            "90th": [
                303.0,
                343.0
            ],
            "95th": [
                299.0,
                347.0
            ],
            "99th": [
                293.995,
                357.0049999999999
            ],
            "mean": 323.248,
            "median": 323.0
        },
        "user_accuracy": {
            "90th": [
                89.77511757585378,
                94.61369850631596
            ],
            "95th": [
                89.25373134328358,
                95.0920245398773
            ],
            "99th": [
                88.2174288341371,
                95.83382768361582
            ],
            "mean": 92.26636891136309,
            "median": 92.26006191950464
        }
    },
    "Other": {
        "f1-score": {
            "90th": [
                0.9377054498269897,
                0.9674267100977199
            ],
            "95th": [
                0.9345125114433933,
                0.9701230228471002
            ],
            "99th": [
                0.9288129697862934,
                0.9740263104770877
            ],
            "mean": 0.9530318034861623,
            "median": 0.9533678756476683
        },
        "precision": {
            "90th": [
                0.889272775829637,
                0.9419795221843004
            ],
            "95th": [
                0.8839568424529342,
                0.9472133693106607
            ],
            "99th": [
                0.8754208754208754,
                0.9545501245330011
            ],
            "mean": 0.9165664699302247,
            "median": 0.9169329073482428
        },
        "producer_accuracy": {
            "90th": [
                88.9272775829637,
                94.19795221843003
            ],
            "95th": [
                88.39568424529341,
                94.72133693106608
            ],
            "99th": [
                87.54208754208754,
                95.45501245330011
            ],
            "mean": 91.65664699302246,
            "median": 91.69329073482429
        },
        "recall": {
            "90th": [
                0.9840573449175187,
                1.0
            ],
            "95th": [
                0.9814126394052045,
                1.0
            ],
            "99th": [
                0.9775272418910324,
                1.0
            ],
            "mean": 0.9926893481848764,
            "median": 0.9928571428571429
        },
        "support": {
            "90th": [
                257.0,
                297.0
            ],
            "95th": [
                253.0,
                301.0
            ],
            "99th": [
                242.995,
                306.0049999999999
            ],
            "mean": 276.752,
            "median": 277.0
        },
        "user_accuracy": {
            "90th": [
                98.40573449175187,
                100.0
            ],
            "95th": [
                98.14126394052045,
                100.0
            ],
            "99th": [
                97.75272418910325,
                100.0
            ],
            "mean": 99.26893481848764,
            "median": 99.28571428571429
        }
    },
    "accuracy": {
        "90th": [
            0.94,
            0.9683333333333334
        ],
        "95th": [
            0.9383333333333334,
            0.9716666666666667
        ],
        "99th": [
            0.9333250000000001,
            0.975
        ],
        "mean": 0.9549575,
        "median": 0.955
    },
    "cohen_kappa": {
        "90th": [
            0.8802131538352425,
            0.936632870864461
        ],
        "95th": [
            0.8763897093180573,
            0.9430109333195812
        ],
        "99th": [
            0.864745114514874,
            0.9499301022632406
        ],
        "mean": 0.9097789972950111,
        "median": 0.9100439784550209
    },
    "macro avg": {
        "f1-score": {
            "90th": [
                0.9399567353902625,
                0.9682948467256075
            ],
            "95th": [
                0.937984496124031,
                0.971492103128937
            ],
            "99th": [
                0.9321243501707893,
                0.9749493726021697
            ],
            "mean": 0.9548150834267117,
            "median": 0.9549548297042312
        },
        "precision": {
            "90th": [
                0.9408210379157924,
                0.9682364139082451
            ],
            "95th": [
                0.938152435025526,
                0.9709897610921502
            ],
            "99th": [
                0.9332303916948255,
                0.9746838639560158
            ],
            "mean": 0.9549168942351819,
            "median": 0.9551330932243423
        },
        "recall": {
            "90th": [
                0.9442241583005173,
                0.9700416641845366
            ],
            "95th": [
                0.9422546818008602,
                0.9724770642201834
            ],
            "99th": [
                0.937197783894399,
                0.9764117315551696
            ],
            "mean": 0.9576765186492537,
            "median": 0.9579020979020979
        }
    },
    "weighted avg": {
        "f1-score": {
            "90th": [
                0.9401924585656668,
                0.9683781197782855
            ],
            "95th": [
                0.9383286911908089,
                0.971667906255411
            ],
            "99th": [
                0.933365683400688,
                0.9750281953114613
            ],
            "mean": 0.9550284299098049,
            "median": 0.9550780216895735
        },
        "precision": {
            "90th": [
                0.9454790508863519,
                0.9699534053661976
            ],
            "95th": [
                0.9433470027636881,
                0.9724005895956229
            ],
            "99th": [
                0.9388360556237269,
                0.9759477355278642
            ],
            "mean": 0.9580347666486293,
            "median": 0.9581016314864199
        },
        "recall": {
            "90th": [
                0.94,
                0.9683333333333334
            ],