{
    "Mangrove": {
        "f1-score": {
            "90th": [
                0.9542737338960002,
                0.9744114636642783
            ],
            "95th": [
                0.9522795670713154,
                0.9765066394279878
            ],
            "99th": [
                0.9474827546811988,
                0.9788519637462235
            ],
            "mean": 0.9647962370891293,
            "median": 0.9649805447470818
        },
        "precision": {
            "90th": [
                0.9194846910880262,
                0.9548879551820728
            ],
            "95th": [
                0.9154929577464789,
                0.9584219809776252
            ],
            "99th": [
                0.9055437380290926,
                0.9634000007896647
            ],
            "mean": 0.9376911375236304,
            "median": 0.938
        },
        "producer_accuracy": {
            "90th": [
                91.94846910880263,
                95.48879551820728
            ],
            "95th": [
                91.54929577464789,
                95.84219809776253
            ],
            "99th": [
                90.55437380290925,
                96.34000007896647
            ],
            "mean": 93.76911375236304,
            "median": 93.8
        },
        "recall": {
            "90th": [
                0.9870689655172413,
                0.9980434343087551
            ],
            "95th": [
                0.9854159055323591,
                1.0
            ],
            "99th": [
                0.9826828434723172,
                1.0
            ],
            "mean": 0.993587738483922,
            "median": 0.9937238493723849
        },
        "support": {
            "90th": [
                446.0,
                498.0
            ],
            "95th": [
                441.0,
                504.0
            ],
            "99th": [
                432.995,
                514.0049999999999
            ],
            "mean": 471.9525,
            "median": 472.0
        },
        "user_accuracy": {
            "90th": [
                98.70689655172413,
                99.8043434308755
            ],
            "95th": [
                98.5415905532359,
                100.0
            ],
            "99th": [
                98.26828434723171,
                100.0
            ],
            "mean": 99.35877384839222,
            "median": 99.3723849372385
        }
    },
    "Other": {
        "f1-score": {
            "90th": [
                0.9566807549064735,
                0.9756556206364763
            ],
            "95th": [
                0.9548977245219075,
                0.9774730656219391
            ],
            "99th": [
                0.9505684483487026,
                0.9800190294957184
            ],
            "mean": 0.9667201595674596,
            "median": 0.9670542635658915
        },
        "precision": {
            "90th": [
                0.9878530191917616,
                0.9981390007120166
            ],
            "95th": [
                0.9861653230540445,
                1.0
            ],
            "99th": [
                0.9835728952772074,
                1.0
            ],
            "mean": 0.9939460584389742,
            "median": 0.9940828402366864
        },
        "producer_accuracy": {
            "90th": [
                98.78530191917615,
                99.81390007120166
            ],
            "95th": [
                98.61653230540445,
                100.0
            ],
            "99th": [
                98.35728952772074,
                100.0
            ],
            "mean": 99.39460584389742,
            "median": 99.40828402366864
        },
        "recall": {
            "90th": [
                0.9233642935410095,
                0.9573323369751942
            ],
            "95th": [
                0.920286410977021,
                0.960748579805754
            ],
            "99th": [
                0.9125450203200315,
                0.9657817148074961
            ],
            "mean": 0.9410036043712116,
            "median": 0.941398865784499
        },
        "support": {
            "90th": [
                502.0,
                554.0
            ],
            "95th": [
                496.0,
                559.0
            ],
            "99th": [
                485.995,
                567.0049999999999
            ],
            "mean": 528.0475,
            "median": 528.0
        },
        "user_accuracy": {
            "90th": [
                92.33642935410094,
                95.73323369751942
            ],
            "95th": [
                92.02864109770209,
                96.0748579805754
            ],
            "99th": [
                91.25450203200315,
                96.57817148074962
            ],
            "mean": 94.10036043712115,
            "median": 94.1398865784499
        }
    },
    "accuracy": {
        "90th": [
            0.956,
            0.975
        ],
        "95th": [
            0.954,
            0.977
        ],
        "99th": [
            0.9489949999999999,
            0.979
        ],
        "mean": 0.9658185000000001,
        "median": 0.966
    },
    "cohen_kappa": {
        "90th": [
            0.9119309538410155,
            0.9499295007370377
        ],
        "95th": [
            0.9080280690474488,
            0.9539705686487834
        ],
        "99th": [
            0.8974931970340845,
            0.9580050494723702
        ],
        "mean": 0.9315759609935167,
        "median": 0.9319842203347637
    },
    "macro avg": {
        "f1-score": {
            "90th": [
                0.9558983898903073,
                0.9749536893716482
            ],
            "95th": [
                0.9539403066374021,
                0.9769752482157352
            ],
            "99th": [
                0.9486597373216675,
                0.9789974662537873
            ],
            "mean": 0.9657581983282946,
            "median": 0.9659651483118714
        },
        "precision": {
            "90th": [
                0.9559319908509386,
                0.9748984214195723
            ],
            "95th": [
                0.9541269354497914,
                0.9769110499892423
            ],
            "99th": [
                0.9491219641779646,
                0.9790777001309381
            ],
            "mean": 0.9658185979813022,
            "median": 0.9659478637914551
        },
        "recall": {
            "90th": [
                0.9577105686136054,
                0.9759270637793166
            ],
            "95th": [
                0.9561535413852075,
                0.9776542572942238
            ],
            "99th": [
                0.9517479703612316,
                0.9801660787660825
            ],
            "mean": 0.9672956714275668,
            "median": 0.9676184399292872
        }
    },
    "weighted avg": {
        "f1-score": {
            "90th": [
                0.9559967615743739,
                0.9750115150841896
            ],
            "95th": [
                0.9540124345892447,
                0.9770052521260874
            ],
            "99th": [
                0.9491652878537835,
                0.9790269382442852
            ],
            "mean": 0.9658463966930783,
            "median": 0.9660364979822802
        },
        "precision": {
            "90th": [
                0.9583247609160915,
                0.9757609011889936
            ],
            "95th": [
                0.956671444542191,
                0.9777085861384207
            ],
            "99th": [
                0.9525935464613483,
                0.9797674196482072
            ],
            "mean": 0.9674639644292197,
            "median": 0.9676736150796242
        },
        "recall": {
            "90th": [
                0.956,
                0.975
            ],