{
    "Mangrove": {
        "f1-score": {
            "90th": [
                0.9241610411725354,
                0.9573283858998145
            ],
            "95th": [
                0.9202037351443124,
                0.9609518176016568
            ],
            "99th": [
                0.9131905160178426,
                0.9652909604901867
            ],
            "mean": 0.9410259605681301,
            "median": 0.9411764705882354
        },
        "precision": {
            "90th": [
                0.8817786278796031,
                0.9375
            ],
            "95th": [
                0.8758383778567356,
                0.9423758596415227
            ],
            "99th": [
                0.8639440321583178,
                0.9501787018924843
            ],
            "mean": 0.9097746804494877,
            "median": 0.9101256601711891
        },
        "producer_accuracy": {
            "90th": [
                88.17786278796032,
                93.75
            ],
            "95th": [
                87.58383778567355,
                94.23758596415227
            ],
            "99th": [
                86.39440321583179,
                95.01787018924843
            ],
            "mean": 90.97746804494876,
            "median": 91.01256601711891
        },
        "recall": {
            "90th": [
                0.9589526681660193,
                0.9893992932862191
            ],
            "95th": [
                0.9551685359742275,
                0.992727931488801
            ],
            "99th": [
                0.9481442495126706,
                0.9963768769947157
            ],
            "mean": 0.9747055730936498,
            "median": 0.974910394265233
        },
        "support": {
            "90th": [
                260.0,
                301.0
            ],
            "95th": [
                255.0,
                304.0
            ],
            "99th": [
                248.0,
                312.0049999999999
            ],
            "mean": 280.3475,
            "median": 280.0
        },
        "user_accuracy": {
            "90th": [
                95.89526681660192,
                98.93992932862191
            ],
            "95th": [
                95.51685359742275,
                99.2727931488801
            ],
            "99th": [
                94.81442495126707,
                99.63768769947156
            ],
            "mean": 97.47055730936499,
            "median": 97.4910394265233
        }
    },
    "Other": {
        "f1-score": {
            "90th": [
                0.9289419482361029,
                0.9602446483180428
            ],
            "95th": [
                0.9253719228532661,
                0.9625025406504065
            ],
            "99th": [
                0.9165289076294212,
                0.9687016504785679
            ],
            "mean": 0.9447023084641845,
            "median": 0.9449838187702264
        },
        "precision": {
            "90th": [
                0.9614142268855419,
                0.9900990099009901
            ],
            "95th": [
                0.9581990768231062,
                0.9929824561403509
            ],
            "99th": [
                0.9517241379310345,
                0.9966555741360089
            ],
            "mean": 0.9763366486047018,
            "median": 0.9766666666666667
        },
        "producer_accuracy": {
            "90th": [
                96.14142268855419,
                99.00990099009901
            ],
            "95th": [
                95.81990768231063,
                99.29824561403508
            ],
            "99th": [
                95.17241379310344,
                99.6655574136009
            ],
            "mean": 97.63366486047019,
            "median": 97.66666666666667
        },
        "recall": {
            "90th": [
                0.8885438765670203,
                0.9411855482933914
            ],
            "95th": [
                0.8826893220631361,
                0.9462025316455697
            ],
            "99th": [
                0.871875,
                0.9537655093700524
            ],
            "mean": 0.9152120371713703,
            "median": 0.9153605015673981
        },
        "support": {
            "90th": [
                299.0,
                340.0
            ],
            "95th": [
                296.0,
                345.0
            ],
            "99th": [
                287.995,
                352.0
            ],
            "mean": 319.6525,
            "median": 320.0
        },
        "user_accuracy": {
            "90th": [
                88.85438765670203,
                94.11855482933913
            ],
            "95th": [
                88.26893220631361,
                94.62025316455697
            ],
            "99th": [
                87.1875,
                95.37655093700525
            ],
            "mean": 91.52120371713703,
            "median": 91.53605015673982
        }
    },
    "accuracy": {
        "90th": [
            0.9266666666666666,
            0.9583333333333334
        ],
        "95th": [
            0.9249583333333333,
            0.9616666666666667
        ],
        "99th": [
            0.9166583333333334,
            0.9666666666666667
        ],
        "mean": 0.9430166666666666,
        "median": 0.9433333333333334
    },
    "cohen_kappa": {
        "90th": [
            0.8537452022721106,
            0.9166816639593381
        ],
        "95th": [
            0.8489280278598008,
            0.9231138198398529
        ],
        "99th": [
            0.8329642052605893,
            0.9328578507877014
        ],
        "mean": 0.8858736205136715,
        "median": 0.8864850427350427
    },
    "macro avg": {
        "f1-score": {
            "90th": [
                0.9266658518427983,
                0.9583140419630949
            ],
            "95th": [
                0.9244261389613301,
                0.9615510202339368
            ],
            "99th": [
                0.9163243103040144,
                0.9664153957364278
            ],
            "mean": 0.9428641345161572,
            "median": 0.9431716883579961
        },
        "precision": {
            "90th": [
                0.9274730880186904,
                0.9585651751235253
            ],
            "95th": [
                0.9241644634320121,
                0.9616685686030491
            ],
            "99th": [
                0.9167817983499285,
                0.9654682743790749
            ],
            "mean": 0.9430556645270947,
            "median": 0.943269959240076
        },
        "recall": {
            "90th": [
                0.9299061019285738,
                0.9601827432817934
            ],
            "95th": [
                0.9264796344207387,
                0.9623471661560434
            ],
            "99th": [
                0.9189466454315395,
                0.9684458119264274
            ],
            "mean": 0.9449588051325102,
            "median": 0.945106490905909
        }
    },
    "weighted avg": {
        "f1-score": {
            "90th": [
                0.9270076777225562,
                0.9583989156149798
            ],
            "95th": [
                0.924865183493034,
                0.9616570948414044
            ],
            "99th": [
                0.9165388342954544,
                0.9667252518027093
            ],
            "mean": 0.9430794517052639,
            "median": 0.9433711239180615
        },
        "precision": {
            "90th": [
                0.9309796347297683,
                0.9600714746018303
            ],
            "95th": [
                0.9280336751866248,
                0.9622792446117302
            ],
            "99th": [
                0.9200515834535782,
                0.9675651605339105
            ],
            "mean": 0.9454110638638413,