{
    "Mangrove": {
        "f1-score": {
            "90th": [
                0.9562403161595305,
                0.9750012487512488
            ],
            "95th": [
                0.9539062740866346,
                0.976745359397367
            ],
            "99th": [
                0.9484735766238638,
                0.980311860537931
            ],
            "mean": 0.9657950084963097,
            "median": 0.9658634538152611
        },
        "precision": {
            "90th": [
                0.9457824791574105,
                0.974
            ],
            "95th": [
                0.9427953972053306,
                0.9766990291262136
            ],
            "99th": [
                0.9367584001577993,
                0.9820722456707822
            ],
            "mean": 0.9601156099053125,
            "median": 0.9601593625498008
        },
        "producer_accuracy": {
            "90th": [
                94.57824791574104,
                97.39999999999999
            ],
            "95th": [
                94.27953972053307,
                97.66990291262137
            ],
            "99th": [
                93.67584001577994,
                98.20722456707821
            ],
            "mean": 96.01156099053127,
            "median": 96.01593625498009
        },
        "recall": {
            "90th": [
                0.9594017094017094,
                0.9829067938176097
            ],
            "95th": [
                0.9564354278565111,
                0.9851303088422165
            ],
            "99th": [
                0.9497097429534201,
                0.9881431014955042
            ],
            "mean": 0.9716080678211795,
            "median": 0.9719438877755511
        },
        "support": {
            "90th": [
                468.0,
                520.0
            ],
            "95th": [
                463.0,
                525.0
            ],
            "99th": [
                450.0,
                534.0
            ],
            "mean": 494.4325,
            "median": 495.0
        },
        "user_accuracy": {
            "90th": [
                95.94017094017094,
                98.29067938176097
            ],
            "95th": [
                95.6435427856511,
                98.51303088422165
            ],
            "99th": [
                94.97097429534202,
                98.81431014955042
            ],
            "mean": 97.16080678211793,
            "median": 97.1943887775551
        }
    },
    "Other": {
        "f1-score": {
            "90th": [
                0.9566094853683148,
                0.9753714770249536
            ],
            "95th": [
                0.954688987294624,
                0.9769676106048467
            ],
            "99th": [
                0.9504129300744387,
                0.9807695991747716
            ],
            "mean": 0.9661578188188532,
            "median": 0.96629180225186
        },
        "precision": {
            "90th": [
                0.9595141700404858,
                0.982891357205215
            ],
            "95th": [
                0.957112915752924,
                0.9850505818893126
            ],
            "99th": [
                0.9509592920585503,
                0.9881896657373082
            ],
            "mean": 0.9719145065533956,
            "median": 0.9721669980119284
        },
        "producer_accuracy": {
            "90th": [
                95.95141700404858,
                98.28913572052149
            ],
            "95th": [
                95.7112915752924,
                98.50505818893127
            ],
            "99th": [
                95.09592920585503,
                98.8189665737308
            ],
            "mean": 97.19145065533957,
            "median": 97.21669980119285
        },
        "recall": {
            "90th": [
                0.9463220675944334,
                0.9741035856573705
            ],
            "95th": [
                0.9432474406862413,
                0.9767453106023121
            ],
            "99th": [
                0.936209719397977,
                0.9816722475736214
            ],
            "mean": 0.9605323849977919,
            "median": 0.9605665905538232
        },
        "support": {
            "90th": [
                480.0,
                532.0
            ],
            "95th": [
                475.0,
                537.0
            ],
            "99th": [
                466.0,
                550.0
            ],
            "mean": 505.5675,
            "median": 505.0
        },
        "user_accuracy": {
            "90th": [
                94.63220675944333,
                97.41035856573706
            ],
            "95th": [
                94.32474406862413,
                97.6745310602312
            ],
            "99th": [
                93.6209719397977,
                98.16722475736213
            ],
            "mean": 96.0532384997792,
            "median": 96.05665905538233
        }
    },
    "accuracy": {
        "90th": [
            0.957,
            0.975
        ],
        "95th": [
            0.955,
            0.977
        ],
        "99th": [
            0.95,
            0.98
        ],
        "mean": 0.9660115,
        "median": 0.966
    },
    "cohen_kappa": {
        "90th": [
            0.913900882611149,
            0.9499827339958223
        ],
        "95th": [
            0.9097287347596562,
            0.9539750360549589
        ],
        "99th": [
            0.8999736367991991,
            0.9599987263592435
        ],
        "mean": 0.9319576894577057,
        "median": 0.9319849006476717
    },
    "macro avg": {
        "f1-score": {
            "90th": [
                0.9569469499893134,
                0.974991141840463
            ],
            "95th": [
                0.9548632083839447,
                0.9769856712737625
            ],
            "99th": [
                0.9499755849196717,
                0.9799992799740791
            ],
            "mean": 0.9659764136575816,
            "median": 0.9659901371004324
        },
        "precision": {
            "90th": [
                0.9568289578853861,
                0.9750839986775659
            ],
            "95th": [
                0.9545919089488476,
                0.9769803522987447
            ],
            "99th": [
                0.9501115210323308,
                0.9802666941420687
            ],
            "mean": 0.9660150582293541,
            "median": 0.9660431102078699
        },
        "recall": {
            "90th": [
                0.9570057218605718,
                0.9750356759047799
            ],
            "95th": [
                0.9546731529028205,
                0.9769452721336903
            ],
            "99th": [
                0.9502742781414715,
                0.9800850634700555
            ],
            "mean": 0.9660702264094857,
            "median": 0.9660841945786809
        }
    },
    "weighted avg": {
        "f1-score": {
            "90th": [
                0.9569977552804054,
                0.975000827596989
            ],
            "95th": [
                0.9549802350480839,
                0.9769985503737569
            ],
            "99th": [
                0.94999999499998,
                0.9800016224000369
            ],
            "mean": 0.9660125909881,
            "median": 0.9660020401387316
        },
        "precision": {
            "90th": [
                0.9571429995587765,
                0.9750735068191325
            ],
            "95th": [
                0.9550193644285485,
                0.9770203231372824
            ],
            "99th": [
                0.9506114429358443,
                0.9800722107048847
            ],
            "mean": 0.9661458519731165,
            "median": 0.966130180235535
        },