{
    "Mangrove": {
        "f1-score": {
            "90th": [
                0.9049919484702094,
                0.9394458807217988
            ],
            "95th": [
                0.9008681512902086,
                0.9427721318038771
            ],
            "99th": [
                0.8916056342031952,
                0.9508678510442063
            ],
            "mean": 0.9226118526144189,
            "median": 0.923076923076923
        },
        "precision": {
            "90th": [
                0.9535567715458276,
                0.9857142857142858
            ],
            "95th": [
                0.9503540228265465,
                0.9869281045751634
            ],
            "99th": [
                0.945202635445798,
                0.9931273823346587
            ],
            "mean": 0.9704334225331227,
            "median": 0.970873786407767
        },
        "producer_accuracy": {
            "90th": [
                95.35567715458276,
                98.57142857142858
            ],
            "95th": [
                95.03540228265464,
                98.69281045751634
            ],
            "99th": [
                94.52026354457979,
                99.31273823346586
            ],
            "mean": 97.04334225331226,
            "median": 97.0873786407767
        },
        "recall": {
            "90th": [
                0.8511871321562332,
                0.9079772805883745
            ],
            "95th": [
                0.846371237458194,
                0.9126506024096386
            ],
            "99th": [
                0.8333333333333334,
                0.9228509405390264
            ],
            "mean": 0.8794758524278862,
            "median": 0.8794850635418385
        },
        "support": {
            "90th": [
                312.0,
                352.0
            ],
            "95th": [
                307.0,
                356.02499999999986
            ],
            "99th": [
                301.0,
                367.0
            ],
            "mean": 331.7375,
            "median": 332.0
        },
        "user_accuracy": {
            "90th": [
                85.11871321562333,
                90.79772805883745
            ],
            "95th": [
                84.6371237458194,
                91.26506024096386
            ],
            "99th": [
                83.33333333333334,
                92.28509405390265
            ],
            "mean": 87.9475852427886,
            "median": 87.94850635418385
        }
    },
    "Other": {
        "f1-score": {
            "90th": [
                0.8932384341637011,
                0.9324823268263256
            ],
            "95th": [
                0.8884888743280468,
                0.9357200050838841
            ],
            "99th": [
                0.88026535258955,
                0.9441461425647472
            ],
            "mean": 0.9137505707999014,
            "median": 0.9138576779026217
        },
        "precision": {
            "90th": [
                0.8345070422535211,
                0.8982634032634033
            ],
            "95th": [
                0.8273554905316624,
                0.9039160637269921
            ],
            "99th": [
                0.8158784807250512,
                0.9117768394486504
            ],
            "mean": 0.8664032832453965,
            "median": 0.8668831168831169
        },
        "producer_accuracy": {
            "90th": [
                83.45070422535211,
                89.82634032634031
            ],
            "95th": [
                82.73554905316624,
                90.3916063726992
            ],
            "99th": [
                81.58784807250512,
                91.17768394486504
            ],
            "mean": 86.64032832453964,
            "median": 86.68831168831169
        },
        "recall": {
            "90th": [
                0.948801085149208,
                0.9835491317876142
            ],
            "95th": [
                0.9450506186726659,
                0.9855085543870664
            ],
            "99th": [
                0.9388449417457185,
                0.9921876519941634
            ],
            "mean": 0.9668736910012709,
            "median": 0.9672727272727273
        },
        "support": {
            "90th": [
                248.0,
                288.0
            ],
            "95th": [
                243.975,
                293.0
            ],
            "99th": [
                233.0,
                299.0
            ],
            "mean": 268.2625,
            "median": 268.0
        },
        "user_accuracy": {
            "90th": [
                94.88010851492079,
                98.35491317876142
            ],
            "95th": [
                94.50506186726658,
                98.55085543870665
            ],
            "99th": [
                93.88449417457184,
                99.21876519941634
            ],
            "mean": 96.68736910012707,
            "median": 96.72727272727273
        }
    },
    "accuracy": {
        "90th": [
            0.9,
            0.935
        ],
        "95th": [
            0.8966666666666666,
            0.9383333333333334
        ],
        "99th": [
            0.8883333333333333,
            0.9466666666666667
        ],
        "mean": 0.9185516666666668,
        "median": 0.9183333333333333
    },
    "cohen_kappa": {
        "90th": [
            0.8001653075566654,
            0.8701991721561293
        ],
        "95th": [
            0.7929569621373106,
            0.8767600551345052
        ],
        "99th": [
            0.7771208676693362,
            0.8928254817471867
        ],
        "mean": 0.8368390460548706,
        "median": 0.8369131087584375
    },
    "macro avg": {
        "f1-score": {
            "90th": [
                0.899749373433584,
                0.9349785067460358
            ],
            "95th": [
                0.8961066520249826,
                0.9382950076405561
            ],
            "99th": [
                0.888262352767054,
                0.9463528817218396
            ],
            "mean": 0.9181812117071602,
            "median": 0.9182331689653158
        },
        "precision": {
            "90th": [
                0.8999507416372616,
                0.9352766659357018
            ],
            "95th": [
                0.897034997275975,
                0.9386959296600075
            ],
            "99th": [
                0.8896280508897115,
                0.9462843133827019
            ],
            "mean": 0.9184183528892597,
            "median": 0.9184045201614701
        },
        "recall": {
            "90th": [
                0.9065409985298395,
                0.9392181126172635
            ],
            "95th": [
                0.9027958019839939,
                0.9420494303652192
            ],
            "99th": [
                0.8949241429471557,
                0.9496989161853174
            ],
            "mean": 0.9231747717145786,
            "median": 0.9234387828407224
        }
    },
    "weighted avg": {
        "f1-score": {
            "90th": [
                0.9006105102777554,
                0.9352617638115763
            ],
            "95th": [
                0.8968809084111463,
                0.938552061588931
            ],
            "99th": [
                0.8889779845104699,
                0.9468039464622947
            ],
            "mean": 0.9187863246645415,
            "median": 0.9187277654726999
        },
        "precision": {
            "90th": [
                0.9084087747771794,
                0.939309486423862
            ],
            "95th": [
                0.9042619640612858,
                0.9415916718880535
            ],
            "99th": [
                0.897725687499323,
                0.9488082929794381
            ],
            "mean": 0.9241752683493127,