{
    "Mangrove": {
        "f1-score": {
            "90th": [
                0.9478260869565218,
                0.9768339768339769
            ],
            "95th": [
                0.9445673998461098,
                0.9791291075854697
            ],
            "99th": [
                0.9384288747346072,
                0.9827607939727614
            ],
            "mean": 0.9627718266618553,
            "median": 0.9631147540983607
        },
        "precision": {
            "90th": [
                0.9008264462809917,
                0.9547169811320755
            ],
            "95th": [
                0.8949575744694765,
                0.959111593005645
            ],
            "99th": [
                0.884,
                0.9661058971844795
            ],
            "mean": 0.9283519378554297,
            "median": 0.9288537549407114
        },
        "producer_accuracy": {
            "90th": [
                90.08264462809917,
                95.47169811320755
            ],
            "95th": [
                89.49575744694765,
                95.9111593005645
            ],
            "99th": [
                88.4,
                96.61058971844795
            ],
            "mean": 92.83519378554294,
            "median": 92.88537549407114
        },
        "recall": {
            "90th": [
                1.0,
                1.0
            ],
            "95th": [
                1.0,
                1.0
            ],
            "99th": [
                1.0,
                1.0
            ],
            "mean": 1.0,
            "median": 1.0
        },
        "support": {
            "90th": [
                214.0,
                250.0
            ],
            "95th": [
                210.0,
                254.0
            ],
            "99th": [
                205.995,
                260.0
            ],
            "mean": 231.985,
            "median": 232.0
        },
        "user_accuracy": {
            "90th": [
                100.0,
                100.0
            ],
            "95th": [
                100.0,
                100.0
            ],
            "99th": [
                100.0,
                100.0
            ],
            "mean": 100.0,
            "median": 100.0
        }
    },
    "Other": {
        "f1-score": {
            "90th": [
                0.9510165575664229,
                0.9781021897810218
            ],
            "95th": [
                0.9475888871982147,
                0.9800796812749004
            ],
            "99th": [
                0.9423459244532804,
                0.9836738012278082
            ],
            "mean": 0.9653833864372366,
            "median": 0.9656527103091989
        },
        "precision": {
            "90th": [
                1.0,
                1.0
            ],
            "95th": [
                1.0,
                1.0
            ],
            "99th": [
                1.0,
                1.0
            ],
            "mean": 1.0,
            "median": 1.0
        },
        "producer_accuracy": {
            "90th": [
                100.0,
                100.0
            ],
            "95th": [
                100.0,
                100.0
            ],
            "99th": [
                100.0,
                100.0
            ],
            "mean": 100.0,
            "median": 100.0
        },
        "recall": {
            "90th": [
                0.9066077876998012,
                0.9571428571428572
            ],
            "95th": [
                0.9003980247592007,
                0.9609375
            ],
            "99th": [
                0.8909774436090225,
                0.9678721285140562
            ],
            "mean": 0.9332034832469298,
            "median": 0.933586542896679
        },
        "support": {
            "90th": [
                250.0,
                286.0
            ],
            "95th": [
                246.0,
                290.0
            ],
            "99th": [
                240.0,
                294.0049999999999
            ],
            "mean": 268.015,
            "median": 268.0
        },
        "user_accuracy": {
            "90th": [
                90.66077876998013,
                95.71428571428572
            ],
            "95th": [
                90.03980247592007,
                96.09375
            ],
            "99th": [
                89.09774436090225,
                96.78721285140563
            ],
            "mean": 93.32034832469297,
            "median": 93.3586542896679
        }
    },
    "accuracy": {
        "90th": [
            0.95,
            0.978
        ],
        "95th": [
            0.946,
            0.98
        ],
        "99th": [
            0.942,
            0.984
        ],
        "mean": 0.964192,
        "median": 0.964
    },
    "cohen_kappa": {
        "90th": [
            0.8999979191343599,
            0.9557792500160802
        ],
        "95th": [
            0.8923099749573612,
            0.9599076271730066
        ],
        "99th": [
            0.8840516850051178,
            0.9678419870578764
        ],
        "mean": 0.9282624918767197,
        "median": 0.9280644542489929
    },
    "macro avg": {
        "f1-score": {
            "90th": [
                0.9498736410611438,
                0.977878864662894
            ],
            "95th": [
                0.9459979695182618,
                0.9799457733711957
            ],
            "99th": [
                0.941830246640678,
                0.9839168559131211
            ],
            "mean": 0.9640776065495459,
            "median": 0.9639855942376951
        },
        "precision": {
            "90th": [
                0.9504132231404958,
                0.9773584905660377
            ],
            "95th": [
                0.9474787872347382,
                0.9795557965028225
            ],
            "99th": [
                0.942,
                0.9830529485922398
            ],
            "mean": 0.9641759689277148,
            "median": 0.9644268774703557
        },
        "recall": {
            "90th": [
                0.9533038938499006,
                0.9785714285714286
            ],
            "95th": [
                0.9501990123796005,
                0.98046875
            ],
            "99th": [
                0.9454887218045113,
                0.9839360642570282
            ],
            "mean": 0.9666017416234649,
            "median": 0.9667932714483395
        }
    },
    "weighted avg": {
        "f1-score": {
            "90th": [
                0.9500445141985565,
                0.9779952563349267
            ],
            "95th": [
                0.9463211087564906,
                0.98
            ],
            "99th": [
                0.9420200501628824,
                0.9839948830761804
            ],
            "mean": 0.964240859939711,
            "median": 0.9640780409474107
        },
        "precision": {
            "90th": [
                0.9548440259196074,
                0.9789381669833801
            ],
            "95th": [
                0.9521704927556042,
                0.9807843137254901
            ],
            "99th": [
                0.9483951959251022,
                0.9844942180718924
            ],
            "mean": 0.9668887192904725,
            "median": 0.966655737704918
        },
        "recall": {
            "90th": [
                0.95,
                0.978
            ],
            "95th": [
                0.946,
                0.98
            ],
            "99th": [
                0.942,
                0.984
            ],
            "mean": 0.964192,
            "median": 0.964
        }
    }
}