{
    "Mangrove": {
        "f1-score": {
            "90th": [
                0.8996980417381361,
                0.9295516925892041
            ],
            "95th": [
                0.8966757857233746,
                0.9321293902176256
            ],
            "99th": [
                0.8897704436490994,
                0.9380068428236151
            ],
            "mean": 0.914743385608256,
            "median": 0.9147894221351617
        },
        "precision": {
            "90th": [
                0.9551008450255102,
                0.9802371541501976
            ],
            "95th": [
                0.9523786804798254,
                0.9825935532921143
            ],
            "99th": [
                0.9478952684485437,
                0.9862476790323201
            ],
            "mean": 0.968053192753134,
            "median": 0.9682539682539683
        },
        "producer_accuracy": {
            "90th": [
                95.51008450255102,
                98.02371541501977
            ],
            "95th": [
                95.23786804798254,
                98.25935532921143
            ],
            "99th": [
                94.78952684485436,
                98.62476790323201
            ],
            "mean": 96.80531927531341,
            "median": 96.82539682539682
        },
        "recall": {
            "90th": [
                0.8429054054054054,
                0.8905736855736855
            ],
            "95th": [
                0.8379767934096203,
                0.8950206259080064
            ],
            "99th": [
                0.8279548349630962,
                0.9038818650054926
            ],
            "mean": 0.8671303869132138,
            "median": 0.8675373134328358
        },
        "support": {
            "90th": [
                533.95,
                584.05
            ],
            "95th": [
                526.975,
                590.0
            ],
            "99th": [
                516.0,
                600.0049999999999
            ],
            "mean": 558.357,
            "median": 558.0
        },
        "user_accuracy": {
            "90th": [
                84.29054054054053,
                89.05736855736856
            ],
            "95th": [
                83.79767934096202,
                89.50206259080063
            ],
            "99th": [
                82.79548349630961,
                90.38818650054927
            ],
            "mean": 86.71303869132139,
            "median": 86.75373134328358
        }
    },
    "Other": {
        "f1-score": {
            "90th": [
                0.8869555672218775,
                0.9204128597045513
            ],
            "95th": [
                0.8842947597047617,
                0.9237147490858005
            ],
            "99th": [
                0.8759583629742348,
                0.9297525204448097
            ],
            "mean": 0.9041480574675911,
            "median": 0.9043741872427131
        },
        "precision": {
            "90th": [
                0.8245967741935484,
                0.8774921867818734
            ],
            "95th": [
                0.8192276422764228,
                0.8815123049879147
            ],
            "99th": [
                0.8080796602387511,
                0.891091741075948
            ],
            "mean": 0.8515840881061151,
            "median": 0.8518518518518519
        },
        "producer_accuracy": {
            "90th": [
                82.45967741935483,
                87.74921867818733
            ],
            "95th": [
                81.92276422764228,
                88.15123049879148
            ],
            "99th": [
                80.80796602387511,
                89.1091741075948
            ],
            "mean": 85.15840881061152,
            "median": 85.18518518518519
        },
        "recall": {
            "90th": [
                0.9495401817219478,
                0.9777826941986234
            ],
            "95th": [
                0.9465407291384801,
                0.9801506557958171
            ],
            "99th": [
                0.9419948259299001,
                0.9843760324889868
            ],
            "mean": 0.963837985239659,
            "median": 0.963882618510158
        },
        "support": {
            "90th": [
                415.95,
                466.04999999999995
            ],
            "95th": [
                410.0,
                473.02499999999986
            ],
            "99th": [
                399.995,
                484.0
            ],
            "mean": 441.643,
            "median": 442.0
        },
        "user_accuracy": {
            "90th": [
                94.95401817219478,
                97.77826941986234
            ],
            "95th": [
                94.65407291384801,
                98.01506557958172
            ],
            "99th": [
                94.19948259299001,
                98.43760324889868
            ],
            "mean": 96.38379852396591,
            "median": 96.3882618510158
        }
    },
    "accuracy": {
        "90th": [
            0.894,
            0.925
        ],
        "95th": [
            0.891,
            0.9270249999999999
        ],
        "99th": [
            0.885,
            0.933
        ],
        "mean": 0.9098410000000001,
        "median": 0.91
    },
    "cohen_kappa": {
        "90th": [
            0.7890428024926733,
            0.8488935947271333
        ],
        "95th": [
            0.7829085692083271,
            0.8542656606564154
        ],
        "99th": [
            0.7710059512011374,
            0.8661824038368555
        ],
        "mean": 0.8195343513769774,
        "median": 0.8197909568604521
    },
    "macro avg": {
        "f1-score": {
            "90th": [
                0.8939789017833208,
                0.9242876222376338
            ],
            "95th": [
                0.8909075767352859,
                0.9269092460305431
            ],
            "99th": [
                0.8848239675132041,
                0.9329967302399024
            ],
            "mean": 0.9094457215379237,
            "median": 0.9095940757695549
        },
        "precision": {
            "90th": [
                0.8948287779681923,
                0.924301354972943
            ],
            "95th": [
                0.8919299369218636,
                0.9274225266539238
            ],
            "99th": [
                0.8859269158759249,
                0.9326032746600361
            ],
            "mean": 0.9098186404296246,
            "median": 0.9099055060313462
        },
        "recall": {
            "90th": [
                0.9010934821718322,
                0.9293029868943097
            ],
            "95th": [
                0.8985991245114366,
                0.9318859523744145
            ],
            "99th": [
                0.8924852269451627,
                0.9373722463563605
            ],
            "mean": 0.9154841860764363,
            "median": 0.9154505848461372
        }
    },
    "weighted avg": {
        "f1-score": {
            "90th": [
                0.8945523382863473,
                0.9251456023423379
            ],
            "95th": [
                0.8918867282605717,
                0.9274403010063015
            ],
            "99th": [
                0.8857179249299658,
                0.9331121746991181
            ],
            "mean": 0.9101526330584644,
            "median": 0.9103321613563173
        },
        "precision": {
            "90th": [
                0.903468108747351,
                0.9297878236223622
            ],
            "95th": [
                0.9009369922316812,
                0.9324918696399921
            ],
            "99th": [
                0.8953599848658085,
                0.9368265831057647
            ],
            "mean": 0.9167786512531497,