{
    "Mangrove": {
        "f1-score": {
            "90th": [
                0.9160467202438006,
                0.9504324846727674
            ],
            "95th": [
                0.9113924050632912,
                0.9533080415045395
            ],
            "99th": [
                0.9025549585218703,
                0.9605497120803724
            ],
            "mean": 0.9334404056515275,
            "median": 0.9337979094076654
        },
        "precision": {
            "90th": [
                0.856687898089172,
                0.916085089407237
            ],
            "95th": [
                0.8510605259680191,
                0.9219881182647139
            ],
            "99th": [
                0.8354407402765593,
                0.9335583234661853
            ],
            "mean": 0.8869121000613863,
            "median": 0.8871473354231975
        },
        "producer_accuracy": {
            "90th": [
                85.6687898089172,
                91.6085089407237
            ],
            "95th": [
                85.1060525968019,
                92.1988118264714
            ],
            "99th": [
                83.54407402765594,
                93.35583234661853
            ],
            "mean": 88.69121000613863,
            "median": 88.71473354231975
        },
        "recall": {
            "90th": [
                0.972318339100346,
                0.9963376647683218
            ],
            "95th": [
                0.9695817490494296,
                0.9964915347810085
            ],
            "99th": [
                0.9650305787402561,
                1.0
            ],
            "mean": 0.9853610523917874,
            "median": 0.9855072463768116
        },
        "support": {
            "90th": [
                251.0,
                291.0
            ],
            "95th": [
                247.975,
                293.02499999999986
            ],
            "99th": [
                241.0,
                299.0
            ],
            "mean": 270.6305,
            "median": 271.0
        },
        "user_accuracy": {
            "90th": [
                97.23183391003461,
                99.63376647683216
            ],
            "95th": [
                96.95817490494296,
                99.64915347810086
            ],
            "99th": [
                96.50305787402561,
                100.0
            ],
            "mean": 98.53610523917875,
            "median": 98.55072463768117
        }
    },
    "Other": {
        "f1-score": {
            "90th": [
                0.923076923076923,
                0.9554531490015361
            ],
            "95th": [
                0.9192730434493201,
                0.9580098939261287
            ],
            "99th": [
                0.9127479194630873,
                0.9632036721311474
            ],
            "mean": 0.9394985001709668,
            "median": 0.9398183647388313
        },
        "precision": {
            "90th": [
                0.9750845195729537,
                0.9966672203765228
            ],
            "95th": [
                0.972506221116246,
                0.996835692608713
            ],
            "99th": [
                0.9671019516072059,
                1.0
            ],
            "mean": 0.9867478016280404,
            "median": 0.9869281045751634
        },
        "producer_accuracy": {
            "90th": [
                97.50845195729538,
                99.66672203765228
            ],
            "95th": [
                97.2506221116246,
                99.6835692608713
            ],
            "99th": [
                96.71019516072059,
                100.0
            ],
            "mean": 98.67478016280404,
            "median": 98.69281045751634
        },
        "recall": {
            "90th": [
                0.868797267307776,
                0.9244212393732874
            ],
            "95th": [
                0.8628019202766655,
                0.9287833827893175
            ],
            "99th": [
                0.8507425373134329,
                0.9395770392749244
            ],
            "mean": 0.896732558269609,
            "median": 0.8974358974358975
        },
        "support": {
            "90th": [
                309.0,
                349.0
            ],
            "95th": [
                306.975,
                352.02499999999986
            ],
            "99th": [
                301.0,
                359.0
            ],
            "mean": 329.3695,
            "median": 329.0
        },
        "user_accuracy": {
            "90th": [
                86.8797267307776,
                92.44212393732874
            ],
            "95th": [
                86.28019202766654,
                92.87833827893175
            ],
            "99th": [
                85.07425373134329,
                93.95770392749245
            ],
            "mean": 89.6732558269609,
            "median": 89.74358974358975
        }
    },
    "accuracy": {
        "90th": [
            0.92,
            0.9533333333333334
        ],
        "95th": [
            0.9166666666666666,
            0.955
        ],
        "99th": [
            0.9099916666666668,
            0.9616666666666667
        ],
        "mean": 0.9367066666666667,
        "median": 0.9366666666666666
    },
    "cohen_kappa": {
        "90th": [
            0.8403298072014391,
            0.9058466283326317
        ],
        "95th": [
            0.8336722240649436,
            0.9100010994624851
        ],
        "99th": [
            0.8193030149843987,
            0.9233643703825972
        ],
        "mean": 0.8732866202757691,
        "median": 0.8735019973368842
    },
    "macro avg": {
        "f1-score": {
            "90th": [
                0.9198494951631397,
                0.9528664675453666
            ],
            "95th": [
                0.9165078673617548,
                0.9549349048747028
            ],
            "99th": [
                0.9090867529766953,
                0.9616580695492006
            ],
            "mean": 0.9364694529112472,
            "median": 0.9365962180200222
        },
        "precision": {
            "90th": [
                0.9209174736543367,
                0.9524485028753286
            ],
            "95th": [
                0.9167409520413621,
                0.955001357560568
            ],
            "99th": [
                0.9089884012964531,
                0.9617385534292777
            ],
            "mean": 0.9368299508447134,
            "median": 0.9370936190349477
        },
        "recall": {
            "90th": [
                0.9254025203116562,
                0.9557853973032754
            ],
            "95th": [
                0.922032443338281,
                0.958306027120428
            ],
            "99th": [
                0.9160901702828698,
                0.9640771706111034
            ],
            "mean": 0.9410468053306982,
            "median": 0.9411897748303005
        }
    },
    "weighted avg": {
        "f1-score": {
            "90th": [
                0.9201967642577153,
                0.9533496712049645
            ],
            "95th": [
                0.9170845391895673,
                0.9551295040729857
            ],
            "99th": [
                0.9098904241516488,
                0.9617228331397645
            ],
            "mean": 0.9368616260272765,
            "median": 0.9368689706822043
        },
        "precision": {
            "90th": [
                0.9276650851676129,
                0.9556325926185477
            ],
            "95th": [
                0.9244103641020368,
                0.9578827021165084
            ],
            "99th": [
                0.9187825549046769,
                0.9639105455129403
            ],
            "mean": 0.9418944921568948,