{
    "Mangrove": {
        "f1-score": 0.9576923076923077,
        "precision": 0.996,
        "recall": 0.9222222222222223,
        "support": 540
    },
    "Other": {
        "f1-score": 0.9541666666666666,
        "precision": 0.916,
        "recall": 0.9956521739130435,
        "support": 460
    },
    "accuracy": 0.956,
    "accuracy_conf_interval": [
        0.010636509502651707,
        0.012711925990973993,
        0.015111626305596634,
        0.01673304543709842
    ],
    "cls_confidence_intervals": {
        "Mangrove": [
            0.0046293339477726176,
            0.005532618620508739,
            0.0065770415233598785,
            0.007282732673934972
        ],
        "Other": [
            0.020344462755256032,
            0.02431411402457428,
            0.028904023304723508,
            0.03200531335887839
        ]
    },
    "cohen_kappa": 0.912,
    "confusion_matrix": [
        [
            498,
            42
        ],
        [
            2,
            458
        ]
    ],
    "macro avg": {
        "f1-score": 0.9559294871794872,
        "precision": 0.956,
        "recall": 0.9589371980676329,
        "support": 1000
    },
    "producer_accuracy": [
        99.6,
        91.60000000000001
    ],
    "user_accuracy": [
        92.22222222222223,
        99.56521739130434
    ],
    "weighted avg": {
        "f1-score": 0.9560705128205128,
        "precision": 0.9592,
        "recall": 0.956,
        "support": 1000
    }
}