{
    "Mangrove": {
        "f1-score": {
            "90th": [
                0.8836251809236312,
                0.925269792485095
            ],
            "95th": [
                0.8786748767426046,
                0.9284469165701145
            ],
            "99th": [
                0.8689404729698871,
                0.9351146992157987
            ],
            "mean": 0.9050765448202137,
            "median": 0.9051878354203936
        },
        "precision": {
            "90th": [
                0.7939136946224575,
                0.863199239956569
            ],
            "95th": [
                0.7882716363554108,
                0.8694160811609429
            ],
            "99th": [
                0.7702601887601888,
                0.8802595985334752
            ],
            "mean": 0.8296230149604558,
            "median": 0.8298241725768322
        },
        "producer_accuracy": {
            "90th": [
                79.39136946224576,
                86.3199239956569
            ],
            "95th": [
                78.82716363554107,
                86.9416081160943
            ],
            "99th": [
                77.02601887601888,
                88.02595985334752
            ],
            "mean": 82.96230149604558,
            "median": 82.98241725768321
        },
        "recall": {
            "90th": [
                0.9881399397703745,
                1.0
            ],
            "95th": [
                0.987393628337411,
                1.0
            ],
            "99th": [
                0.9833326330532213,
                1.0
            ],
            "mean": 0.9959915534480108,
            "median": 0.9960629921259843
        },
        "support": {
            "90th": [
                231.0,
                268.0
            ],
            "95th": [
                227.0,
                273.0
            ],
            "99th": [
                219.995,
                280.0
            ],
            "mean": 249.8385,
            "median": 250.0
        },
        "user_accuracy": {
            "90th": [
                98.81399397703746,
                100.0
            ],
            "95th": [
                98.73936283374108,
                100.0
            ],
            "99th": [
                98.33326330532212,
                100.0
            ],
            "mean": 99.59915534480108,
            "median": 99.60629921259843
        }
    },
    "Other": {
        "f1-score": {
            "90th": [
                0.901313694267516,
                0.9370424597364568
            ],
            "95th": [
                0.897708120454409,
                0.93969220330753
            ],
            "99th": [
                0.8915651266483255,
                0.9433433242277082
            ],
            "mean": 0.919766861947734,
            "median": 0.92018779342723
        },
        "precision": {
            "90th": [
                0.9900332225913622,
                1.0
            ],
            "95th": [
                0.9895095693779904,
                1.0
            ],
            "99th": [
                0.9862066579167164,
                1.0
            ],
            "mean": 0.9966612251478574,
            "median": 0.9967213114754099
        },
        "producer_accuracy": {
            "90th": [
                99.00332225913621,
                100.0
            ],
            "95th": [
                98.95095693779903,
                100.0
            ],
            "99th": [
                98.62066579167164,
                100.0
            ],
            "mean": 99.66612251478574,
            "median": 99.672131147541
        },
        "recall": {
            "90th": [
                0.8230539277325678,
                0.8837209302325582
            ],
            "95th": [
                0.817173723783142,
                0.8888888888888888
            ],
            "99th": [
                0.8063555751026221,
                0.8957818857589983
            ],
            "mean": 0.8540731495679909,
            "median": 0.8546511627906976
        },
        "support": {
            "90th": [
                332.0,
                369.0
            ],
            "95th": [
                327.0,
                373.0
            ],
            "99th": [
                320.0,
                380.0049999999999
            ],
            "mean": 350.1615,
            "median": 350.0
        },
        "user_accuracy": {
            "90th": [
                82.30539277325678,
                88.37209302325581
            ],
            "95th": [
                81.71737237831421,
                88.88888888888889
            ],
            "99th": [
                80.63555751026222,
                89.57818857589983
            ],
            "mean": 85.4073149567991,
            "median": 85.46511627906976
        }
    },
    "accuracy": {
        "90th": [
            0.895,
            0.9316666666666666
        ],
        "95th": [
            0.89,
            0.9333333333333333
        ],
        "99th": [
            0.8849916666666667,
            0.9383333333333334
        ],
        "mean": 0.9131624999999999,
        "median": 0.9133333333333333
    },
    "cohen_kappa": {
        "90th": [
            0.7887969923448379,
            0.8622561425570786
        ],
        "95th": [
            0.7818506314648622,
            0.8667237517863003
        ],
        "99th": [
            0.7692682597643284,
            0.8763155893768669
        ],
        "mean": 0.8261284526298998,
        "median": 0.8263541038603275
    },
    "macro avg": {
        "f1-score": {
            "90th": [
                0.8932695859008518,
                0.9308600660099078
            ],
            "95th": [
                0.8897903849175163,
                0.9330943107802961
            ],
            "99th": [
                0.8831730475875279,
                0.9379210502025463
            ],
            "mean": 0.9124217033839739,
            "median": 0.9125717360114778
        },
        "precision": {
            "90th": [
                0.8952865436035289,
                0.9302239800018942
            ],
            "95th": [
                0.8913707583700562,
                0.9330922830547493
            ],
            "99th": [
                0.8840811232966026,
                0.9387859172538287
            ],
            "mean": 0.9131421200541566,
            "median": 0.9130508464592069
        },
        "recall": {
            "90th": [
                0.9093442843555791,
                0.9402385153134486
            ],
            "95th": [
                0.9060749870142135,
                0.9423194704202675
            ],
            "99th": [
                0.9013676278926976,
                0.946269707799033
            ],
            "mean": 0.9250323515080008,
            "median": 0.9252368424600224
        }
    },
    "weighted avg": {
        "f1-score": {
            "90th": [
                0.8952919277348995,
                0.9318969278540364
            ],
            "95th": [
                0.8916362000015892,
                0.9338899909546327
            ],
            "99th": [
                0.8855575436382722,
                0.9386466973927847
            ],
            "mean": 0.9137854533073612,
            "median": 0.9139886413280908
        },
        "precision": {
            "90th": [
                0.9146036916395224,
                0.9401519756838906
            ],
            "95th": [
                0.9115482945470041,
                0.9423423423423424
            ],
            "99th": [
                0.9075396407146001,
                0.9457917292628006
            ],
            "mean": 0.9273404935901272,
            "median": 0.9273769574944072
        },