{
    "Mangrove": {
        "f1-score": {
            "90th": [
                0.9033279569892474,
                0.9391626509504825
            ],
            "95th": [
                0.8994678932178931,
                0.9422821796231102
            ],
            "99th": [
                0.8877684092186622,
                0.9488385322378498
            ],
            "mean": 0.9221797277756423,
            "median": 0.923076923076923
        },
        "precision": {
            "90th": [
                0.9534014336917562,
                0.9862068965517241
            ],
            "95th": [
                0.9492736369910283,
                0.9888526714243073
            ],
            "99th": [
                0.9419774167811711,
                0.9931508018140165
            ],
            "mean": 0.9704651818145182,
            "median": 0.9707316299335843
        },
        "producer_accuracy": {
            "90th": [
                95.34014336917562,
                98.62068965517241
            ],
            "95th": [
                94.92736369910283,
                98.88526714243073
            ],
            "99th": [
                94.1977416781171,
                99.31508018140164
            ],
            "mean": 97.04651818145183,
            "median": 97.07316299335844
        },
        "recall": {
            "90th": [
                0.8483965014577259,
                0.9075375013298345
            ],
            "95th": [
                0.8402336762075134,
                0.9122270802397844
            ],
            "99th": [
                0.8240961393905518,
                0.9233051500291227
            ],
            "mean": 0.8786899359863151,
            "median": 0.8797014979507454
        },
        "support": {
            "90th": [
                310.0,
                352.0
            ],
            "95th": [
                307.0,
                355.0
            ],
            "99th": [
                298.995,
                363.0049999999999
            ],
            "mean": 330.9545,
            "median": 331.0
        },
        "user_accuracy": {
            "90th": [
                84.8396501457726,
                90.75375013298344
            ],
            "95th": [
                84.02336762075134,
                91.22270802397844
            ],
            "99th": [
                82.40961393905519,
                92.33051500291226
            ],
            "mean": 87.86899359863149,
            "median": 87.97014979507455
        }
    },
    "Other": {
        "f1-score": {
            "90th": [
                0.8933092224231465,
                0.9333446905167518
            ],
            "95th": [
                0.8893096008629989,
                0.936842979541878
            ],
            "99th": [
                0.8799985637342909,
                0.9427616568073337
            ],
            "mean": 0.913811749211153,
            "median": 0.9140830647643818
        },
        "precision": {
            "90th": [
                0.8333333333333334,
                0.8973597687969486
            ],
            "95th": [
                0.8260869565217391,
                0.9033333333333333
            ],
            "99th": [
                0.8116422202119411,
                0.9140981883695324
            ],
            "mean": 0.8663614622153258,
            "median": 0.8671586715867159
        },
        "producer_accuracy": {
            "90th": [
                83.33333333333334,
                89.73597687969486
            ],
            "95th": [
                82.6086956521739,
                90.33333333333333
            ],
            "99th": [
                81.1642220211941,
                91.40981883695324
            ],
            "mean": 86.63614622153257,
            "median": 86.71586715867159
        },
        "recall": {
            "90th": [
                0.9484090376618052,
                0.9847908745247148
            ],
            "95th": [
                0.9432624113475178,
                0.9877049180327869
            ],
            "99th": [
                0.9358485261801924,
                0.9924243853630647
            ],
            "mean": 0.9670768136819333,
            "median": 0.9672727272727273
        },
        "support": {
            "90th": [
                248.0,
                290.0
            ],
            "95th": [
                245.0,
                293.0
            ],
            "99th": [
                236.995,
                301.0049999999999
            ],
            "mean": 269.0455,
            "median": 269.0
        },
        "user_accuracy": {
            "90th": [
                94.84090376618052,
                98.47908745247148
            ],
            "95th": [
                94.32624113475178,
                98.77049180327869
            ],
            "99th": [
                93.58485261801924,
                99.24243853630647
            ],
            "mean": 96.70768136819335,
            "median": 96.72727272727273
        }
    },
    "accuracy": {
        "90th": [
            0.9,
            0.9366666666666666
        ],
        "95th": [
            0.895,
            0.9383749999999997
        ],
        "99th": [
            0.8866666666666667,
            0.945
        ],
        "mean": 0.9183425,
        "median": 0.9183333333333333
    },
    "cohen_kappa": {
        "90th": [
            0.8003708662692598,
            0.8728425015114032
        ],
        "95th": [
            0.7905309694793536,
            0.8770402499141033
        ],
        "99th": [
            0.7739981419785362,
            0.8899122109611133
        ],
        "mean": 0.8364777032991915,
        "median": 0.8370613402289542
    },
    "macro avg": {
        "f1-score": {
            "90th": [
                0.8997801282414088,
                0.9363257611730729
            ],
            "95th": [
                0.894862122015175,
                0.9383583453222692
            ],
            "99th": [
                0.88646322873991,
                0.944888399007991
            ],
            "mean": 0.9179957384933978,
            "median": 0.9183058750302184
        },
        "precision": {
            "90th": [
                0.9005283966448078,
                0.9361551903639143
            ],
            "95th": [
                0.8961581891429846,
                0.939064681595582
            ],
            "99th": [
                0.8871409404857753,
                0.9447798245503345
            ],
            "mean": 0.918413322014922,
            "median": 0.9186357142344435
        },
        "recall": {
            "90th": [
                0.9054529590769523,
                0.9391460608011792
            ],
            "95th": [
                0.9015540270439377,
                0.9421904825194298
            ],
            "99th": [
                0.8914783958158232,
                0.9482239487696431
            ],
            "mean": 0.9228833748341242,
            "median": 0.9233190816854021
        }
    },
    "weighted avg": {
        "f1-score": {
            "90th": [
                0.9002132137627189,
                0.9366485103041616
            ],
            "95th": [
                0.895872948781048,
                0.9387756078741025
            ],
            "99th": [
                0.8869317720360721,
                0.9450868834389639
            ],
            "mean": 0.918562532766367,
            "median": 0.9187793263940117
        },
        "precision": {
            "90th": [
                0.907763551281579,
                0.9395287559106253
            ],
            "95th": [
                0.903094275584302,
                0.9425888400584869
            ],
            "99th": [
                0.8950444622048104,
                0.9478166635581968
            ],
            "mean": 0.9240170862999153,