{
    "Mangrove": {
        "f1-score": {
            "90th": [
                0.952585187573901,
                0.9814814814814815
            ],
            "95th": [
                0.9495369295087678,
                0.9835313404050144
            ],
            "99th": [
                0.9446971531725475,
                0.9862394661463738
            ],
            "mean": 0.9677109334382473,
            "median": 0.9680365296803654
        },
        "precision": {
            "90th": [
                0.9151686307113939,
                0.9668324689260485
            ],
            "95th": [
                0.9095022624434389,
                0.9699581545064377
            ],
            "99th": [
                0.9008987660646428,
                0.9769600963552576
            ],
            "mean": 0.9418220891336475,
            "median": 0.9422222222222222
        },
        "producer_accuracy": {
            "90th": [
                91.51686307113938,
                96.68324689260484
            ],
            "95th": [
                90.9502262443439,
                96.99581545064378
            ],
            "99th": [
                90.08987660646429,
                97.69600963552575
            ],
            "mean": 94.18220891336473,
            "median": 94.22222222222221
        },
        "recall": {
            "90th": [
                0.9861111111111112,
                1.0
            ],
            "95th": [
                0.985,
                1.0
            ],
            "99th": [
                0.9799979591836735,
                1.0
            ],
            "mean": 0.9952173924927912,
            "median": 0.9953703703703703
        },
        "support": {
            "90th": [
                196.0,
                230.0
            ],
            "95th": [
                191.975,
                234.02499999999986
            ],
            "99th": [
                186.995,
                240.0
            ],
            "mean": 213.0525,
            "median": 213.0
        },
        "user_accuracy": {
            "90th": [
                98.61111111111111,
                100.0
            ],
            "95th": [
                98.5,
                100.0
            ],
            "99th": [
                97.99979591836734,
                100.0
            ],
            "mean": 99.52173924927911,
            "median": 99.53703703703704
        }
    },
    "Other": {
        "f1-score": {
            "90th": [
                0.955032119914347,
                0.982382718911817
            ],
            "95th": [
                0.9523809523809524,
                0.9841269841269841
            ],
            "99th": [
                0.9455433087072382,
                0.9869004103297697
            ],
            "mean": 0.9693602166651314,
            "median": 0.9695696269512303
        },
        "precision": {
            "90th": [
                0.9866636904761905,
                1.0
            ],
            "95th": [
                0.9859154929577465,
                1.0
            ],
            "99th": [
                0.9811320754716981,
                1.0
            ],
            "mean": 0.9954555164223859,
            "median": 0.9956140350877193
        },
        "producer_accuracy": {
            "90th": [
                98.66636904761906,
                100.0
            ],
            "95th": [
                98.59154929577466,
                100.0
            ],
            "99th": [
                98.11320754716981,
                100.0
            ],
            "mean": 99.54555164223858,
            "median": 99.56140350877193
        },
        "recall": {
            "90th": [
                0.9196769219736087,
                0.968610744746329
            ],
            "95th": [
                0.9147941047796128,
                0.9714314750290359
            ],
            "99th": [
                0.900938679245283,
                0.9775814126539644
            ],
            "mean": 0.9447237650846932,
            "median": 0.9457188957872953
        },
        "support": {
            "90th": [
                220.0,
                254.0
            ],
            "95th": [
                215.975,
                258.02499999999986
            ],
            "99th": [
                210.0,
                263.0049999999999
            ],
            "mean": 236.9475,
            "median": 237.0
        },
        "user_accuracy": {
            "90th": [
                91.96769219736088,
                96.8610744746329
            ],
            "95th": [
                91.47941047796128,
                97.14314750290359
            ],
            "99th": [
                90.09386792452831,
                97.75814126539643
            ],
            "mean": 94.47237650846931,
            "median": 94.57188957872953
        }
    },
    "accuracy": {
        "90th": [
            0.9554444444444445,
            0.9822222222222222
        ],
        "95th": [
            0.9511111111111111,
            0.9844444444444445
        ],
        "99th": [
            0.9466666666666667,
            0.9866666666666667
        ],
        "mean": 0.9686255555555556,
        "median": 0.9688888888888889
    },
    "cohen_kappa": {
        "90th": [
            0.910012273589467,
            0.9643543180783016
        ],
        "95th": [
            0.902262572078832,
            0.9687296780671841
        ],
        "99th": [
            0.8932402809052614,
            0.9732854343370807
        ],
        "mean": 0.9371276841081073,
        "median": 0.937716878671079
    },
    "macro avg": {
        "f1-score": {
            "90th": [
                0.9549166551439761,
                0.9821715100730968
            ],
            "95th": [
                0.9510483557072527,
                0.9843610354241872
            ],
            "99th": [
                0.9465143977140635,
                0.9866403444491648
            ],
            "mean": 0.9685355750516894,
            "median": 0.9688331722751564
        },
        "precision": {
            "90th": [
                0.9544592433379014,
                0.9818841288525549
            ],
            "95th": [
                0.9514618438987772,
                0.9838000127420998
            ],
            "99th": [
                0.9473588729502272,
                0.9864631740542067
            ],
            "mean": 0.9686388027780167,
            "median": 0.9688888888888889
        },
        "recall": {
            "90th": [
                0.9564322776883163,
                0.9825653798256537
            ],
            "95th": [
                0.9535089862488272,
                0.984375
            ],
            "99th": [
                0.94772172383664,
                0.9870017622065036
            ],
            "mean": 0.9699705787887422,
            "median": 0.9700438894854386
        }
    },
    "weighted avg": {
        "f1-score": {
            "90th": [
                0.9552453323937984,
                0.9822236971568006
            ],
            "95th": [
                0.9511720095609687,
                0.984439614377249
            ],
            "99th": [
                0.9465398229036668,
                0.9866698308062926
            ],
            "mean": 0.9686491601026489,
            "median": 0.9689027195281672
        },
        "precision": {
            "90th": [
                0.9573680525868857,
                0.9826069210039168
            ],
            "95th": [
                0.9543803476788689,
                0.984682458953982
            ],
            "99th": [
                0.9501862833741654,
                0.9870115558292283
            ],
            "mean": 0.9701997396423426,
            "median": 0.970314812473662
        },