{
    "Mangrove": {
        "f1-score": {
            "90th": [
                0.8708751404196418,
                0.9027193386398303
            ],
            "95th": [
                0.868418064917061,
                0.9059545281449216
            ],
            "99th": [
                0.8631379393199472,
                0.9115290679419364
            ],
            "mean": 0.8871541959635073,
            "median": 0.8873114463176576
        },
        "precision": {
            "90th": [
                0.9847908745247148,
                0.9979959919839679
            ],
            "95th": [
                0.9834693597613251,
                0.9980622025680165
            ],
            "99th": [
                0.9803913818491823,
                1.0
            ],
            "mean": 0.9918938703073121,
            "median": 0.9920634920634921
        },
        "producer_accuracy": {
            "90th": [
                98.47908745247148,
                99.79959919839679
            ],
            "95th": [
                98.34693597613251,
                99.80622025680165
            ],
            "99th": [
                98.03913818491823,
                100.0
            ],
            "mean": 99.18938703073121,
            "median": 99.20634920634922
        },
        "recall": {
            "90th": [
                0.7765625,
                0.8281004648760331
            ],
            "95th": [
                0.7724303311793215,
                0.8330798231929277
            ],
            "99th": [
                0.7634050314131963,
                0.8417725563149594
            ],
            "mean": 0.8025612833287109,
            "median": 0.802599555478125
        },
        "support": {
            "90th": [
                592.0,
                643.05
            ],
            "95th": [
                587.0,
                648.0
            ],
            "99th": [
                580.0,
                656.0049999999999
            ],
            "mean": 618.119,
            "median": 618.0
        },
        "user_accuracy": {
            "90th": [
                77.65625,
                82.8100464876033
            ],
            "95th": [
                77.24303311793216,
                83.30798231929278
            ],
            "99th": [
                76.34050314131962,
                84.17725563149594
            ],
            "mean": 80.25612833287109,
            "median": 80.2599555478125
        }
    },
    "Other": {
        "f1-score": {
            "90th": [
                0.8364010637250074,
                0.8765308629066901
            ],
            "95th": [
                0.832114319571425,
                0.880847273525894
            ],
            "99th": [
                0.8253223915592028,
                0.8886281658124423
            ],
            "mean": 0.8568463316431034,
            "median": 0.8568352893190204
        },
        "precision": {
            "90th": [
                0.7250996015936255,
                0.7861277399416242
            ],
            "95th": [
                0.718806328487825,
                0.7921594584880794
            ],
            "99th": [
                0.7072636643257663,
                0.8065189302823048
            ],
            "mean": 0.7558366598030429,
            "median": 0.7560975609756098
        },
        "producer_accuracy": {
            "90th": [
                72.50996015936255,
                78.61277399416242
            ],
            "95th": [
                71.8806328487825,
                79.21594584880796
            ],
            "99th": [
                70.72636643257663,
                80.65189302823048
            ],
            "mean": 75.5836659803043,
            "median": 75.60975609756098
        },
        "recall": {
            "90th": [
                0.9800995024875622,
                0.9973753280839895
            ],
            "95th": [
                0.9781405793846845,
                0.9974874371859297
            ],
            "99th": [
                0.974358313507798,
                1.0
            ],
            "mean": 0.9893769584818545,
            "median": 0.9896373056994818
        },
        "support": {
            "90th": [
                356.95,
                408.0
            ],
            "95th": [
                352.0,
                413.0
            ],
            "99th": [
                343.995,
                420.0
            ],
            "mean": 381.881,
            "median": 382.0
        },
        "user_accuracy": {
            "90th": [
                98.00995024875621,
                99.73753280839895
            ],
            "95th": [
                97.81405793846844,
                99.74874371859298
            ],
            "99th": [
                97.4358313507798,
                100.0
            ],
            "mean": 98.93769584818546,
            "median": 98.96373056994818
        }
    },
    "accuracy": {
        "90th": [
            0.857,
            0.891
        ],
        "95th": [
            0.8539749999999999,
            0.894
        ],
        "99th": [
            0.849,
            0.9
        ],
        "mean": 0.8739049999999999,
        "median": 0.874
    },
    "cohen_kappa": {
        "90th": [
            0.7146836075979244,
            0.7803274917823734
        ],
        "95th": [
            0.7078836877573002,
            0.7874609733947228
        ],
        "99th": [
            0.699326258208375,
            0.7988965341764548
        ],
        "mean": 0.747638799515244,
        "median": 0.7475832282992931
    },
    "macro avg": {
        "f1-score": {
            "90th": [
                0.8546603111852682,
                0.8889766090965932
            ],
            "95th": [
                0.8511622044512264,
                0.8926215921058509
            ],
            "99th": [
                0.8466192130506051,
                0.8985179028001418
            ],
            "mean": 0.8720002638033054,
            "median": 0.8720314057098175
        },
        "precision": {
            "90th": [
                0.8580882514511444,
                0.8892919597468412
            ],
            "95th": [
                0.8546206448164002,
                0.8930204219092217
            ],
            "99th": [
                0.8500845807000501,
                0.8988721845360393
            ],
            "mean": 0.8738652650551776,
            "median": 0.8739158269063731
        },
        "recall": {
            "90th": [
                0.8825251688385707,
                0.9093755458907351
            ],
            "95th": [
                0.8800375903066149,
                0.912144491598204
            ],
            "99th": [
                0.8762833895163621,
                0.9165479886621464
            ],
            "mean": 0.8959691209052826,
            "median": 0.8960714989959653
        }
    },
    "weighted avg": {
        "f1-score": {
            "90th": [
                0.8594947787190897,
                0.8919401269344515
            ],
            "95th": [
                0.855867743788564,
                0.8955940664961637
            ],
            "99th": [
                0.8517011242146351,
                0.9013312817339401
            ],
            "mean": 0.8757032912480457,
            "median": 0.875702384818096
        },
        "precision": {
            "90th": [
                0.8917691212159162,
                0.9125850953300757
            ],
            "95th": [
                0.88968135982529,
                0.9145815237601268
            ],
            "99th": [
                0.8862093247379728,
                0.9180259688240927
            ],
            "mean": 0.9019403073347542,
            "median": 0.9020342622188828
        },