{
    "Mangrove": {
        "f1-score": {
            "90th": [
                0.976359333307225,
                0.9899010222953886
            ],
            "95th": [
                0.9748422922723214,
                0.9909374649628645
            ],
            "99th": [
                0.9717271221180294,
                0.9931306544184445
            ],
            "mean": 0.9831968878453431,
            "median": 0.9833986617874477
        },
        "precision": {
            "90th": [
                0.9691286247487798,
                0.9900209541077207
            ],
            "95th": [
                0.9669870739415961,
                0.9916501373703879
            ],
            "99th": [
                0.9624494731217439,
                0.9941061481567086
            ],
            "mean": 0.9801567051148808,
            "median": 0.980449639187867
        },
        "producer_accuracy": {
            "90th": [
                96.91286247487798,
                99.00209541077209
            ],
            "95th": [
                96.69870739415961,
                99.16501373703878
            ],
            "99th": [
                96.24494731217439,
                99.41061481567085
            ],
            "mean": 98.0156705114881,
            "median": 98.04496391878669
        },
        "recall": {
            "90th": [
                0.9774121509530274,
                0.9940828402366864
            ],
            "95th": [
                0.9751552795031055,
                0.9959102291223237
            ],
            "99th": [
                0.9713108851109762,
                0.9979425534396295
            ],
            "mean": 0.9862893534082683,
            "median": 0.9862610270041219
        },
        "support": {
            "90th": [
                471.0,
                523.0
            ],
            "95th": [
                467.0,
                527.0
            ],
            "99th": [
                457.99,
                535.0049999999999
            ],
            "mean": 497.175,
            "median": 498.0
        },
        "user_accuracy": {
            "90th": [
                97.74121509530273,
                99.40828402366864
            ],
            "95th": [
                97.51552795031056,
                99.59102291223238
            ],
            "99th": [
                97.13108851109762,
                99.79425534396294
            ],
            "mean": 98.62893534082683,
            "median": 98.62610270041219
        }
    },
    "Other": {
        "f1-score": {
            "90th": [
                0.9765161343197359,
                0.9899203689881223
            ],
            "95th": [
                0.9749464976721027,
                0.991008991008991
            ],
            "99th": [
                0.9719429804106754,
                0.9929930629930629
            ],
            "mean": 0.9832891437512937,
            "median": 0.9834750901541255
        },
        "precision": {
            "90th": [
                0.9774121509530274,
                0.994059405940594
            ],
            "95th": [
                0.9748943858598448,
                0.9958849849164703
            ],
            "99th": [
                0.9718864120449409,
                0.9979124037742536
            ],
            "mean": 0.9863612055093913,
            "median": 0.9864603481624759
        },
        "producer_accuracy": {
            "90th": [
                97.74121509530273,
                99.4059405940594
            ],
            "95th": [
                97.48943858598447,
                99.58849849164703
            ],
            "99th": [
                97.18864120449409,
                99.79124037742537
            ],
            "mean": 98.63612055093913,
            "median": 98.64603481624758
        },
        "recall": {
            "90th": [
                0.9696356275303644,
                0.99
            ],
            "95th": [
                0.9671805752657908,
                0.9918208738895206
            ],
            "99th": [
                0.9630350194552529,
                0.9940360205630124
            ],
            "mean": 0.9802686526492621,
            "median": 0.980449639187867
        },
        "support": {
            "90th": [
                477.0,
                529.0
            ],
            "95th": [
                473.0,
                533.0
            ],
            "99th": [
                464.995,
                542.0099999999998
            ],
            "mean": 502.825,
            "median": 502.0
        },
        "user_accuracy": {
            "90th": [
                96.96356275303644,
                99.0
            ],
            "95th": [
                96.71805752657909,
                99.18208738895206
            ],
            "99th": [
                96.3035019455253,
                99.40360205630125
            ],
            "mean": 98.0268652649262,
            "median": 98.04496391878669
        }
    },
    "accuracy": {
        "90th": [
            0.977,
            0.99
        ],
        "95th": [
            0.975,
            0.991
        ],
        "99th": [
            0.972,
            0.993
        ],
        "mean": 0.9832595,
        "median": 0.983
    },
    "cohen_kappa": {
        "90th": [
            0.9538836206937977,
            0.9799885534525749
        ],
        "95th": [
            0.949977980306853,
            0.9819828548845956
        ],
        "99th": [
            0.9439888892496634,
            0.9859949581849465
        ],
        "mean": 0.9664869890572968,
        "median": 0.965999863998912
    },
    "macro avg": {
        "f1-score": {
            "90th": [
                0.9769400209946071,
                0.9899942366803278
            ],
            "95th": [
                0.9749889150824409,
                0.9909913426803157
            ],
            "99th": [
                0.9719939981328508,
                0.9929974720874236
            ],
            "mean": 0.9832430157983184,
            "median": 0.9829997109939989
        },
        "precision": {
            "90th": [
                0.9767611672936197,
                0.9899878071719079
            ],
            "95th": [
                0.9749808215364661,
                0.9910178018129491
            ],
            "99th": [
                0.9719563017522146,
                0.9930119850199287
            ],
            "mean": 0.9832589553121361,
            "median": 0.9831779461251466
        },
        "recall": {
            "90th": [
                0.9768124485883578,
                0.9899919599678398
            ],
            "95th": [
                0.9750097046742623,
                0.9909591829716703
            ],
            "99th": [
                0.972013337677062,
                0.9930142266144022
            ],
            "mean": 0.9832790030287651,
            "median": 0.9832532051282051
        }
    },
    "weighted avg": {
        "f1-score": {
            "90th": [
                0.9769952088888897,
                0.98999995999984
            ],
            "95th": [
                0.9750006713091032,
                0.9909996854268553
            ],
            "99th": [
                0.9720015610258534,
                0.9930001051637524
            ],
            "mean": 0.983259707743865,
            "median": 0.9830040531526991
        },
        "precision": {
            "90th": [
                0.9770003260217548,
                0.9900085013752311
            ],
            "95th": [
                0.9750445091436839,
                0.9910022235602881
            ],
            "99th": [
                0.9720147393175431,
                0.993002687668276
            ],
            "mean": 0.983311734392818,
            "median": 0.9831616981888687
        },