overall accuracy,0.976
cohen kappa,0.952
""
Confidence Interval,90%,95%,98%,99%
Overall Accuracy,0.009165237978361504,0.010953577096090579,0.013021344200964822,0.014418484136690661
""
class,f1-score,precision,recall,support
Mangrove,0.9754768392370572,0.9546666666666667,0.9972144846796658,359
Other,0.9765013054830286,0.9973333333333333,0.9565217391304348,391
""
macro avg,0.9759890723600428,0.976,0.9768681119050503,750
weighted (pixel) avg,0.976010927639957,0.9769102222222221,0.976,750
""
Confidence Interval,90%,95%,98%,99%
Mangrove,0.017618256174690986,0.02105596469658191,0.025030815175018293,0.027716524957745577
Other,0.004367498329622983,0.005219693125646979,0.006205043358549725,0.006870820542943473
""
Point Count Confusion Matrix
,Mangrove,Other,User Acc
Mangrove,358,1,99.72144846796658
Other,17,374,95.65217391304348
Producer,95.46666666666667,99.73333333333333
""
