{
    "Mangrove": {
        "f1-score": {
            "90th": [
                0.9696969696969697,
                0.9959839357429718
            ],
            "95th": [
                0.9663865546218486,
                0.9962832137615057
            ],
            "99th": [
                0.9596772385360914,
                1.0
            ],
            "mean": 0.9837820282219711,
            "median": 0.9841269841269841
        },
        "precision": {
            "90th": [
                0.9411764705882353,
                0.992
            ],
            "95th": [
                0.9349593495934959,
                0.992593954248366
            ],
            "99th": [
                0.9224802860197808,
                1.0
            ],
            "mean": 0.9682050309445147,
            "median": 0.96875
        },
        "producer_accuracy": {
            "90th": [
                94.11764705882352,
                99.2
            ],
            "95th": [
                93.4959349593496,
                99.2593954248366
            ],
            "99th": [
                92.24802860197808,
                100.0
            ],
            "mean": 96.82050309445147,
            "median": 96.875
        },
        "recall": {
            "90th": [
                1.0,
                1.0
            ],
            "95th": [
                1.0,
                1.0
            ],
            "99th": [
                1.0,
                1.0
            ],
            "mean": 1.0,
            "median": 1.0
        },
        "support": {
            "90th": [
                108.0,
                134.0
            ],
            "95th": [
                106.0,
                136.02499999999986
            ],
            "99th": [
                100.0,
                141.0
            ],
            "mean": 120.7565,
            "median": 121.0
        },
        "user_accuracy": {
            "90th": [
                100.0,
                100.0
            ],
            "95th": [
                100.0,
                100.0
            ],
            "99th": [
                100.0,
                100.0
            ],
            "mean": 100.0,
            "median": 100.0
        }
    },
    "Other": {
        "f1-score": {
            "90th": [
                0.9705820302804666,
                0.9961089494163424
            ],
            "95th": [
                0.9675082915089078,
                0.9963642927469643
            ],
            "99th": [
                0.9606283589551305,
                1.0
            ],
            "mean": 0.9843609115603142,
            "median": 0.9846153846153847
        },
        "precision": {
            "90th": [
                1.0,
                1.0
            ],
            "95th": [
                1.0,
                1.0
            ],
            "99th": [
                1.0,
                1.0
            ],
            "mean": 1.0,
            "median": 1.0
        },
        "producer_accuracy": {
            "90th": [
                100.0,
                100.0
            ],
            "95th": [
                100.0,
                100.0
            ],
            "99th": [
                100.0,
                100.0
            ],
            "mean": 100.0,
            "median": 100.0
        },
        "recall": {
            "90th": [
                0.9428454332552693,
                0.9922480620155039
            ],
            "95th": [
                0.9370615604867574,
                0.9927549264935877
            ],
            "99th": [
                0.9242395327318991,
                1.0
            ],
            "mean": 0.9693193913182738,
            "median": 0.9696969696969697
        },
        "support": {
            "90th": [
                116.0,
                142.0
            ],
            "95th": [
                113.975,
                144.0
            ],
            "99th": [
                109.0,
                150.0
            ],
            "mean": 129.2435,
            "median": 129.0
        },
        "user_accuracy": {
            "90th": [
                94.28454332552693,
                99.2248062015504
            ],
            "95th": [
                93.70615604867574,
                99.27549264935877
            ],
            "99th": [
                92.42395327318991,
                100.0
            ],
            "mean": 96.93193913182739,
            "median": 96.96969696969697
        }
    },
    "accuracy": {
        "90th": [
            0.972,
            0.996
        ],
        "95th": [
            0.968,
            0.996
        ],
        "99th": [
            0.96,
            1.0
        ],
        "mean": 0.9841400000000001,
        "median": 0.984
    },
    "cohen_kappa": {
        "90th": [
            0.943479103417092,
            0.9919897468760013
        ],
        "95th": [
            0.9358027861590807,
            0.9919990014721883
        ],
        "99th": [
            0.9201068388086412,
            1.0
        ],
        "mean": 0.9681572596655941,
        "median": 0.967989756722151
    },
    "macro avg": {
        "f1-score": {
            "90th": [
                0.9717171717171718,
                0.9959948092728176
            ],
            "95th": [
                0.9678683889210205,
                0.9959994367190923
            ],
            "99th": [
                0.9599894880781787,
                1.0
            ],
            "mean": 0.9840714698911427,
            "median": 0.9839907786885245
        },
        "precision": {
            "90th": [
                0.9705882352941176,
                0.996
            ],
            "95th": [
                0.967479674796748,
                0.996296977124183
            ],
            "99th": [
                0.9612401430098904,
                1.0
            ],
            "mean": 0.9841025154722574,
            "median": 0.984375
        },
        "recall": {
            "90th": [
                0.9714227166276347,
                0.9961240310077519
            ],
            "95th": [
                0.9685307802433787,
                0.9963774632467939
            ],
            "99th": [
                0.9621197663659496,
                1.0
            ],
            "mean": 0.984659695659137,
            "median": 0.9848484848484849
        }
    },
    "weighted avg": {
        "f1-score": {
            "90th": [
                0.971952790044159,
                0.9960004483515076
            ],
            "95th": [
                0.967991602583902,
                0.9960016194674072
            ],
            "99th": [
                0.9600255425265979,
                1.0
            ],
            "mean": 0.9841455458804083,
            "median": 0.9840102564102564
        },
        "precision": {
            "90th": [
                0.9734411764705883,
                0.996032786885246
            ],
            "95th": [
                0.969968854961832,
                0.9960354061314791
            ],
            "99th": [
                0.963124878875969,
                1.0
            ],
            "mean": 0.9847646633474284,
            "median": 0.9845245901639343
        },
        "recall": {
            "90th": [
                0.972,
                0.996
            ],
            "95th": [
                0.968,
                0.996
            ],
            "99th": [
                0.96,
                1.0
            ],
            "mean": 0.9841400000000001,
            "median": 0.984
        }
    }
}