{
    "Mangrove": {
        "f1-score": {
            "90th": [
                0.9544552405551113,
                0.9747386478304744
            ],
            "95th": [
                0.9523809523809524,
                0.976700158049221
            ],
            "99th": [
                0.9482213176345936,
                0.9803157496499988
            ],
            "mean": 0.9651454615835644,
            "median": 0.965221972785999
        },
        "precision": {
            "90th": [
                0.9199923664122138,
                0.9555147216849345
            ],
            "95th": [
                0.9158699808795411,
                0.9590175917936918
            ],
            "99th": [
                0.9081578025149454,
                0.965846759213023
            ],
            "mean": 0.9382916417312644,
            "median": 0.9383204197925634
        },
        "producer_accuracy": {
            "90th": [
                91.99923664122137,
                95.55147216849345
            ],
            "95th": [
                91.58699808795411,
                95.90175917936918
            ],
            "99th": [
                90.81578025149453,
                96.58467592130229
            ],
            "mean": 93.82916417312644,
            "median": 93.83204197925635
        },
        "recall": {
            "90th": [
                0.987205456235307,
                0.9980280009145054
            ],
            "95th": [
                0.9854764235988303,
                1.0
            ],
            "99th": [
                0.9827947639083684,
                1.0
            ],
            "mean": 0.9936553592720017,
            "median": 0.9937238493723849
        },
        "support": {
            "90th": [
                447.0,
                498.0
            ],
            "95th": [
                442.0,
                502.0
            ],
            "99th": [
                432.0,
                510.0
            ],
            "mean": 472.163,
            "median": 472.0
        },
        "user_accuracy": {
            "90th": [
                98.72054562353071,
                99.80280009145054
            ],
            "95th": [
                98.54764235988304,
                100.0
            ],
            "99th": [
                98.27947639083685,
                100.0
            ],
            "mean": 99.36553592720017,
            "median": 99.3723849372385
        }
    },
    "Other": {
        "f1-score": {
            "90th": [
                0.9574898785425101,
                0.9763038056237524
            ],
            "95th": [
                0.955413697108192,
                0.9778188985360515
            ],
            "99th": [
                0.9514760015747896,
                0.9810248287395877
            ],
            "mean": 0.9670386316153278,
            "median": 0.9672212544972081
        },
        "precision": {
            "90th": [
                0.9879518072289156,
                0.9981167608286252
            ],
            "95th": [
                0.986563005040699,
                1.0
            ],
            "99th": [
                0.9834365086539,
                1.0
            ],
            "mean": 0.9940203740894512,
            "median": 0.9940711462450593
        },
        "producer_accuracy": {
            "90th": [
                98.79518072289156,
                99.81167608286252
            ],
            "95th": [
                98.65630050406992,
                100.0
            ],
            "99th": [
                98.34365086539,
                100.0
            ],
            "mean": 99.40203740894512,
            "median": 99.40711462450594
        },
        "recall": {
            "90th": [
                0.9240703703703703,
                0.958029197080292
            ],
            "95th": [
                0.9213254733071806,
                0.9617488950882361
            ],
            "99th": [
                0.9146334663160758,
                0.966355380296258
            ],
            "mean": 0.9415423708598776,
            "median": 0.9415094339622642
        },
        "support": {
            "90th": [
                502.0,
                553.0
            ],
            "95th": [
                498.0,
                558.0
            ],
            "99th": [
                490.0,
                568.0
            ],
            "mean": 527.837,
            "median": 528.0
        },
        "user_accuracy": {
            "90th": [
                92.40703703703703,
                95.8029197080292
            ],
            "95th": [
                92.13254733071807,
                96.17488950882361
            ],
            "99th": [
                91.46334663160758,
                96.6355380296258
            ],
            "mean": 94.15423708598776,
            "median": 94.15094339622641
        }
    },
    "accuracy": {
        "90th": [
            0.956,
            0.976
        ],
        "95th": [
            0.954,
            0.977
        ],
        "99th": [
            0.9509949999999999,
            0.981
        ],
        "mean": 0.96615,
        "median": 0.966
    },
    "cohen_kappa": {
        "90th": [
            0.9120572675846457,
            0.951787856697417
        ],
        "95th": [
            0.908123225102435,
            0.954005556127672
        ],
        "99th": [
            0.9011926950639899,
            0.9619271693407988
        ],
        "mean": 0.9322421681116863,
        "median": 0.9320319449790662
    },
    "macro avg": {
        "f1-score": {
            "90th": [
                0.9559777772197523,
                0.9758824798070925
            ],
            "95th": [
                0.9539970144047815,
                0.9769934201100747
            ],
            "99th": [
                0.9505123734933456,
                0.9809580770948748
            ],
            "mean": 0.966092046599446,
            "median": 0.9659889804296592
        },
        "precision": {
            "90th": [
                0.9560756243024972,
                0.9752975098537301
            ],
            "95th": [
                0.9542814668519277,
                0.9772088267476293
            ],
            "99th": [
                0.950332741295443,
                0.9804741492451622
            ],
            "mean": 0.9661560079103577,
            "median": 0.9661921056830229
        },
        "recall": {
            "90th": [
                0.9585076152874856,
                0.976571431791666
            ],
            "95th": [
                0.9566020728670357,
                0.9780529423077446
            ],
            "99th": [
                0.9527684668476943,
                0.9811992031951741
            ],
            "mean": 0.9675988650659396,
            "median": 0.9677461270419054
        }
    },
    "weighted avg": {
        "f1-score": {
            "90th": [
                0.9561050079948148,
                0.9760008688034753
            ],
            "95th": [
                0.9540735322247674,
                0.9770128139627633
            ],
            "99th": [
                0.9509829013539846,
                0.9809956358633228
            ],
            "mean": 0.9661770458426403,
            "median": 0.9660472536210172
        },
        "precision": {
            "90th": [
                0.9588268826679575,
                0.9765527886799543
            ],
            "95th": [
                0.9571684548224844,
                0.97787863844433
            ],
            "99th": [
                0.9537017977260418,
                0.9812299985881688
            ],
            "mean": 0.9677670516518971,
            "median": 0.9677595592455479
        },
        "recall": {
            "90th": [
                0.956,
                0.976
            ],