{
    "Mangrove": {
        "f1-score": {
            "90th": [
                0.945751509525283,
                0.9669924250506774
            ],
            "95th": [
                0.9437271277440138,
                0.9689841644903204
            ],
            "99th": [
                0.9382461322223796,
                0.9731348135041809
            ],
            "mean": 0.9567072928156427,
            "median": 0.9568627450980391
        },
        "precision": {
            "90th": [
                0.9439991701244813,
                0.9724977849686043
            ],
            "95th": [
                0.9412967073621902,
                0.9745601014959037
            ],
            "99th": [
                0.9345230051480051,
                0.9804307194838552
            ],
            "mean": 0.9587673566964335,
            "median": 0.9587628865979382
        },
        "producer_accuracy": {
            "90th": [
                94.39991701244813,
                97.24977849686043
            ],
            "95th": [
                94.12967073621901,
                97.45601014959037
            ],
            "99th": [
                93.45230051480051,
                98.04307194838552
            ],
            "mean": 95.87673566964335,
            "median": 95.87628865979381
        },
        "recall": {
            "90th": [
                0.9387734935871582,
                0.9692307692307692
            ],
            "95th": [
                0.9354806125773867,
                0.9715458702882483
            ],
            "99th": [
                0.9300407519495284,
                0.9770132680573294
            ],
            "mean": 0.9547348704494061,
            "median": 0.9550102249488752
        },
        "support": {
            "90th": [
                477.0,
                528.05
            ],
            "95th": [
                471.0,
                533.0
            ],
            "99th": [
                463.995,
                541.0099999999998
            ],
            "mean": 502.6735,
            "median": 503.0
        },
        "user_accuracy": {
            "90th": [
                93.87734935871582,
                96.92307692307692
            ],
            "95th": [
                93.54806125773868,
                97.15458702882484
            ],
            "99th": [
                93.00407519495285,
                97.70132680573293
            ],
            "mean": 95.4734870449406,
            "median": 95.50102249488752
        }
    },
    "Other": {
        "f1-score": {
            "90th": [
                0.9449603704410113,
                0.966824644549763
            ],
            "95th": [
                0.9429167791806349,
                0.9688479217794398
            ],
            "99th": [
                0.937749748995984,
                0.9724771543411258
            ],
            "mean": 0.9564175828139575,
            "median": 0.9566105278081244
        },
        "precision": {
            "90th": [
                0.9374936868686868,
                0.9690564032762614
            ],
            "95th": [
                0.9344228632982126,
                0.9714299293862031
            ],
            "99th": [
                0.9279984297520661,
                0.9761907119283356
            ],
            "mean": 0.9544360650791187,
            "median": 0.9547206952904472
        },
        "producer_accuracy": {
            "90th": [
                93.74936868686869,
                96.90564032762614
            ],
            "95th": [
                93.44228632982127,
                97.14299293862031
            ],
            "99th": [
                92.79984297520662,
                97.61907119283357
            ],
            "mean": 95.44360650791188,
            "median": 95.47206952904472
        },
        "recall": {
            "90th": [
                0.9438610966735967,
                0.9720582440269676
            ],
            "95th": [
                0.9409190371991247,
                0.9748062015503876
            ],
            "99th": [
                0.9341817803751614,
                0.9801610372831302
            ],
            "mean": 0.958487957123435,
            "median": 0.9586614173228346
        },
        "support": {
            "90th": [
                471.95,
                523.0
            ],
            "95th": [
                467.0,
                529.0
            ],
            "99th": [
                458.99,
                536.0049999999999
            ],
            "mean": 497.3265,
            "median": 497.0
        },
        "user_accuracy": {
            "90th": [
                94.38610966735966,
                97.20582440269676
            ],
            "95th": [
                94.09190371991247,
                97.48062015503875
            ],
            "99th": [
                93.41817803751614,
                98.01610372831303
            ],
            "mean": 95.8487957123435,
            "median": 95.86614173228347
        }
    },
    "accuracy": {
        "90th": [
            0.946,
            0.967
        ],
        "95th": [
            0.944,
            0.969
        ],
        "99th": [
            0.9389949999999999,
            0.9720049999999999
        ],
        "mean": 0.9566034999999999,
        "median": 0.957
    },
    "cohen_kappa": {
        "90th": [
            0.8918793794898354,
            0.9337124313910459
        ],
        "95th": [
            0.8878870557715101,
            0.9379109393754097
        ],
        "99th": [
            0.8777954647435898,
            0.944006894427888
        ],
        "mean": 0.9131289806975119,
        "median": 0.913935968338395
    },
    "macro avg": {
        "f1-score": {
            "90th": [
                0.9459363016435461,
                0.966854664078884
            ],
            "95th": [
                0.9439415583249913,
                0.968953007205319
            ],
            "99th": [
                0.9388927949465636,
                0.9720034242088329
            ],
            "mean": 0.9565624378148002,
            "median": 0.9569638065613181
        },
        "precision": {
            "90th": [
                0.9459426782456674,
                0.9668616499260856
            ],
            "95th": [
                0.9438053003181892,
                0.9689173776837715
            ],
            "99th": [
                0.9386464726252632,
                0.9723430370763076
            ],
            "mean": 0.9566017108877762,
            "median": 0.956957801923477
        },
        "recall": {
            "90th": [
                0.9459706974028763,
                0.9666793304556426
            ],
            "95th": [
                0.9439795503391717,
                0.96896359979578
            ],
            "99th": [
                0.9389664913093347,
                0.9720676772018391
            ],
            "mean": 0.9566114137864205,
            "median": 0.9569645039913197
        }
    },
    "weighted avg": {
        "f1-score": {
            "90th": [
                0.9459982503305168,
                0.9669880076253823
            ],
            "95th": [
                0.9439988518683802,
                0.9689991675767122
            ],
            "99th": [
                0.9389831965586495,
                0.9720065622211478
            ],
            "mean": 0.9566038175072219,
            "median": 0.9569979787306395
        },
        "precision": {
            "90th": [
                0.9460584704976097,
                0.96699878931803
            ],
            "95th": [
                0.9440052567831014,
                0.9690055014666686
            ],
            "99th": [
                0.9390775123822727,
                0.9721086042733543
            ],
            "mean": 0.9566922254823745,