{
    "Mangrove": {
        "f1-score": 0.9479032673012606,
        "precision": 0.9762851086380498,
        "recall": 0.921125,
        "support": 8000
    },
    "Other": {
        "f1-score": 0.9447174447174447,
        "precision": 0.9164459745762712,
        "recall": 0.9747887323943661,
        "support": 7100
    },
    "accuracy": 0.9463576158940398,
    "accuracy_conf_interval": [
        0.0030070250842055236,
        0.0035937616860017233,
        0.004272175881828579,
        0.00473056385198186
    ],
    "cls_confidence_intervals": {
        "Mangrove": [
            0.0028722802008281146,
            0.003432725118062869,
            0.0040807395536155535,
            0.004518587145205206
        ],
        "Other": [
            0.005222157672810391,
            0.006241115267505101,
            0.00741928498637086,
            0.008215345607226102
        ]
    },
    "cohen_kappa": 0.8927169256570661,
    "confusion_matrix": [
        [
            7369,
            631
        ],
        [
            179,
            6921
        ]
    ],
    "macro avg": {
        "f1-score": 0.9463103560093526,
        "precision": 0.9463655416071606,
        "recall": 0.9479568661971831,
        "support": 15100
    },
    "producer_accuracy": [
        97.62851086380499,
        91.64459745762711
    ],
    "user_accuracy": [
        92.1125,
        97.47887323943661
    ],
    "weighted avg": {
        "f1-score": 0.946405297741983,
        "precision": 0.9481488270593328,
        "recall": 0.9463576158940398,
        "support": 15100
    }
}